State_UT	Soil_Type	Temperature_Range_C	Water_Availability	Season	Recommended_Crop	Crop_Category	Suitability_Level
Andhra Pradesh	Alluvial	15-25 C	High	Rabi	Rice	Cereal	High
Andhra Pradesh	Alluvial	15-25 C	High	Kharif	Rice	Cereal	High
Andhra Pradesh	Alluvial	15-25 C	High	Zaid	Tomato	Vegetable	High
Andhra Pradesh	Alluvial	15-25 C	Medium	Rabi	Tomato	Vegetable	High
Andhra Pradesh	Alluvial	15-25 C	Medium	Kharif	Maize	Cereal	High
Andhra Pradesh	Alluvial	15-25 C	Medium	Zaid	Tomato	Vegetable	High
Andhra Pradesh	Alluvial	15-25 C	Low	Rabi	Barley	Cereal	High
Andhra Pradesh	Alluvial	15-25 C	Low	Kharif	Green Gram (Moong)	Pulse	High
Andhra Pradesh	Alluvial	15-25 C	Low	Zaid	Green Gram (Moong)	Pulse	High
Andhra Pradesh	Alluvial	25-35 C	High	Rabi	Rice	Cereal	High
Andhra Pradesh	Alluvial	25-35 C	High	Kharif	Rice	Cereal	High
Andhra Pradesh	Alluvial	25-35 C	High	Zaid	Banana	Fruit	High
Andhra Pradesh	Alluvial	25-35 C	Medium	Rabi	Maize	Cereal	High
Andhra Pradesh	Alluvial	25-35 C	Medium	Kharif	Maize	Cereal	High
Andhra Pradesh	Alluvial	25-35 C	Medium	Zaid	Groundnut	Oilseed	High
Andhra Pradesh	Alluvial	25-35 C	Low	Rabi	Maize	Cereal	High
Andhra Pradesh	Alluvial	25-35 C	Low	Kharif	Green Gram (Moong)	Pulse	High
Andhra Pradesh	Alluvial	25-35 C	Low	Zaid	Green Gram (Moong)	Pulse	High
Andhra Pradesh	Alluvial	35-45 C	High	Rabi	Rice	Cereal	High
Andhra Pradesh	Alluvial	35-45 C	High	Kharif	Rice	Cereal	High
Andhra Pradesh	Alluvial	35-45 C	High	Zaid	Green Gram (Moong)	Pulse	High
Andhra Pradesh	Alluvial	35-45 C	Medium	Rabi	Maize	Cereal	High
Andhra Pradesh	Alluvial	35-45 C	Medium	Kharif	Green Gram (Moong)	Pulse	High
Andhra Pradesh	Alluvial	35-45 C	Medium	Zaid	Green Gram (Moong)	Pulse	High
Andhra Pradesh	Alluvial	35-45 C	Low	Rabi	Rice	Cereal	High
Andhra Pradesh	Alluvial	35-45 C	Low	Kharif	Green Gram (Moong)	Pulse	High
Andhra Pradesh	Alluvial	35-45 C	Low	Zaid	Green Gram (Moong)	Pulse	High
Andhra Pradesh	Black	15-25 C	High	Rabi	Rice	Cereal	High
Andhra Pradesh	Black	15-25 C	High	Kharif	Rice	Cereal	High
Andhra Pradesh	Black	15-25 C	High	Zaid	Tomato	Vegetable	High
Andhra Pradesh	Black	15-25 C	Medium	Rabi	Tomato	Vegetable	High
Andhra Pradesh	Black	15-25 C	Medium	Kharif	Maize	Cereal	High
Andhra Pradesh	Black	15-25 C	Medium	Zaid	Tomato	Vegetable	High
Andhra Pradesh	Black	15-25 C	Low	Rabi	Gram (Chickpea)	Pulse	High
Andhra Pradesh	Black	15-25 C	Low	Kharif	Green Gram (Moong)	Pulse	High
Andhra Pradesh	Black	15-25 C	Low	Zaid	Green Gram (Moong)	Pulse	High
Andhra Pradesh	Black	25-35 C	High	Rabi	Rice	Cereal	High
Andhra Pradesh	Black	25-35 C	High	Kharif	Rice	Cereal	High
Andhra Pradesh	Black	25-35 C	High	Zaid	Green Gram (Moong)	Pulse	High
Andhra Pradesh	Black	25-35 C	Medium	Rabi	Maize	Cereal	High
Andhra Pradesh	Black	25-35 C	Medium	Kharif	Maize	Cereal	High
Andhra Pradesh	Black	25-35 C	Medium	Zaid	Groundnut	Oilseed	High
Andhra Pradesh	Black	25-35 C	Low	Rabi	Maize	Cereal	High
Andhra Pradesh	Black	25-35 C	Low	Kharif	Green Gram (Moong)	Pulse	High
Andhra Pradesh	Black	25-35 C	Low	Zaid	Green Gram (Moong)	Pulse	High
Andhra Pradesh	Black	35-45 C	High	Rabi	Rice	Cereal	High
Andhra Pradesh	Black	35-45 C	High	Kharif	Rice	Cereal	High
Andhra Pradesh	Black	35-45 C	High	Zaid	Green Gram (Moong)	Pulse	High
Andhra Pradesh	Black	35-45 C	Medium	Rabi	Maize	Cereal	High
Andhra Pradesh	Black	35-45 C	Medium	Kharif	Cotton	Cash Crop	High
Andhra Pradesh	Black	35-45 C	Medium	Zaid	Green Gram (Moong)	Pulse	High
Andhra Pradesh	Black	35-45 C	Low	Rabi	Rice	Cereal	High
Andhra Pradesh	Black	35-45 C	Low	Kharif	Green Gram (Moong)	Pulse	High
Andhra Pradesh	Black	35-45 C	Low	Zaid	Green Gram (Moong)	Pulse	High
Andhra Pradesh	Red	15-25 C	High	Rabi	Rice	Cereal	High
Andhra Pradesh	Red	15-25 C	High	Kharif	Rice	Cereal	High
Andhra Pradesh	Red	15-25 C	High	Zaid	Tomato	Vegetable	High
Andhra Pradesh	Red	15-25 C	Medium	Rabi	Tomato	Vegetable	High
Andhra Pradesh	Red	15-25 C	Medium	Kharif	Maize	Cereal	High
Andhra Pradesh	Red	15-25 C	Medium	Zaid	Tomato	Vegetable	High
Andhra Pradesh	Red	15-25 C	Low	Rabi	Tomato	Vegetable	High
Andhra Pradesh	Red	15-25 C	Low	Kharif	Green Gram (Moong)	Pulse	High
Andhra Pradesh	Red	15-25 C	Low	Zaid	Green Gram (Moong)	Pulse	High
Andhra Pradesh	Red	25-35 C	High	Rabi	Rice	Cereal	High
Andhra Pradesh	Red	25-35 C	High	Kharif	Rice	Cereal	High
Andhra Pradesh	Red	25-35 C	High	Zaid	Banana	Fruit	High
Andhra Pradesh	Red	25-35 C	Medium	Rabi	Maize	Cereal	High
Andhra Pradesh	Red	25-35 C	Medium	Kharif	Maize	Cereal	High
Andhra Pradesh	Red	25-35 C	Medium	Zaid	Groundnut	Oilseed	High
Andhra Pradesh	Red	25-35 C	Low	Rabi	Maize	Cereal	High
Andhra Pradesh	Red	25-35 C	Low	Kharif	Green Gram (Moong)	Pulse	High
Andhra Pradesh	Red	25-35 C	Low	Zaid	Green Gram (Moong)	Pulse	High
Andhra Pradesh	Red	35-45 C	High	Rabi	Rice	Cereal	High
Andhra Pradesh	Red	35-45 C	High	Kharif	Rice	Cereal	High
Andhra Pradesh	Red	35-45 C	High	Zaid	Green Gram (Moong)	Pulse	High
Andhra Pradesh	Red	35-45 C	Medium	Rabi	Maize	Cereal	High
Andhra Pradesh	Red	35-45 C	Medium	Kharif	Green Gram (Moong)	Pulse	High
Andhra Pradesh	Red	35-45 C	Medium	Zaid	Green Gram (Moong)	Pulse	High
Andhra Pradesh	Red	35-45 C	Low	Rabi	Rice	Cereal	High
Andhra Pradesh	Red	35-45 C	Low	Kharif	Green Gram (Moong)	Pulse	High
Andhra Pradesh	Red	35-45 C	Low	Zaid	Green Gram (Moong)	Pulse	High
Andhra Pradesh	Laterite	15-25 C	High	Rabi	Rice	Cereal	High
Andhra Pradesh	Laterite	15-25 C	High	Kharif	Rice	Cereal	High
Andhra Pradesh	Laterite	15-25 C	High	Zaid	Banana	Fruit	High
Andhra Pradesh	Laterite	15-25 C	Medium	Rabi	Cashew	Plantation	High
Andhra Pradesh	Laterite	15-25 C	Medium	Kharif	Cashew	Plantation	High
Andhra Pradesh	Laterite	15-25 C	Medium	Zaid	Cashew	Plantation	High
Andhra Pradesh	Laterite	15-25 C	Low	Rabi	Rice	Cereal	Medium
Andhra Pradesh	Laterite	15-25 C	Low	Kharif	Rice	Cereal	Medium
Andhra Pradesh	Laterite	15-25 C	Low	Zaid	Banana	Fruit	Medium
Andhra Pradesh	Laterite	25-35 C	High	Rabi	Rice	Cereal	High
Andhra Pradesh	Laterite	25-35 C	High	Kharif	Rice	Cereal	High
Andhra Pradesh	Laterite	25-35 C	High	Zaid	Banana	Fruit	High
Andhra Pradesh	Laterite	25-35 C	Medium	Rabi	Cashew	Plantation	High
Andhra Pradesh	Laterite	25-35 C	Medium	Kharif	Cashew	Plantation	High
Andhra Pradesh	Laterite	25-35 C	Medium	Zaid	Cashew	Plantation	High
Andhra Pradesh	Laterite	25-35 C	Low	Rabi	Rice	Cereal	High
Andhra Pradesh	Laterite	25-35 C	Low	Kharif	Rice	Cereal	High
Andhra Pradesh	Laterite	25-35 C	Low	Zaid	Banana	Fruit	High
Andhra Pradesh	Laterite	35-45 C	High	Rabi	Rice	Cereal	High
Andhra Pradesh	Laterite	35-45 C	High	Kharif	Rice	Cereal	High
Andhra Pradesh	Laterite	35-45 C	High	Zaid	Banana	Fruit	High
Andhra Pradesh	Laterite	35-45 C	Medium	Rabi	Rice	Cereal	High
Andhra Pradesh	Laterite	35-45 C	Medium	Kharif	Rice	Cereal	High
Andhra Pradesh	Laterite	35-45 C	Medium	Zaid	Cashew	Plantation	High
Andhra Pradesh	Laterite	35-45 C	Low	Rabi	Rice	Cereal	High
Andhra Pradesh	Laterite	35-45 C	Low	Kharif	Rice	Cereal	High
Andhra Pradesh	Laterite	35-45 C	Low	Zaid	Green Gram (Moong)	Pulse	High
Andhra Pradesh	Desert	15-25 C	High	Rabi	Barley	Cereal	Medium
Andhra Pradesh	Desert	15-25 C	High	Kharif	Green Gram (Moong)	Pulse	Medium
Andhra Pradesh	Desert	15-25 C	High	Zaid	Green Gram (Moong)	Pulse	Medium
Andhra Pradesh	Desert	15-25 C	Medium	Rabi	Tomato	Vegetable	High
Andhra Pradesh	Desert	15-25 C	Medium	Kharif	Green Gram (Moong)	Pulse	Medium
Andhra Pradesh	Desert	15-25 C	Medium	Zaid	Tomato	Vegetable	High
Andhra Pradesh	Desert	15-25 C	Low	Rabi	Barley	Cereal	High
Andhra Pradesh	Desert	15-25 C	Low	Kharif	Green Gram (Moong)	Pulse	High
Andhra Pradesh	Desert	15-25 C	Low	Zaid	Green Gram (Moong)	Pulse	High
Andhra Pradesh	Desert	25-35 C	High	Rabi	Rice	Cereal	High
Andhra Pradesh	Desert	25-35 C	High	Kharif	Green Gram (Moong)	Pulse	High
Andhra Pradesh	Desert	25-35 C	High	Zaid	Green Gram (Moong)	Pulse	High
Andhra Pradesh	Desert	25-35 C	Medium	Rabi	Maize	Cereal	High
Andhra Pradesh	Desert	25-35 C	Medium	Kharif	Green Gram (Moong)	Pulse	High
Andhra Pradesh	Desert	25-35 C	Medium	Zaid	Green Gram (Moong)	Pulse	High
Andhra Pradesh	Desert	25-35 C	Low	Rabi	Green Gram (Moong)	Pulse	High
Andhra Pradesh	Desert	25-35 C	Low	Kharif	Green Gram (Moong)	Pulse	High
Andhra Pradesh	Desert	25-35 C	Low	Zaid	Green Gram (Moong)	Pulse	High
Andhra Pradesh	Desert	35-45 C	High	Rabi	Rice	Cereal	High
Andhra Pradesh	Desert	35-45 C	High	Kharif	Green Gram (Moong)	Pulse	High
Andhra Pradesh	Desert	35-45 C	High	Zaid	Green Gram (Moong)	Pulse	High
Andhra Pradesh	Desert	35-45 C	Medium	Rabi	Green Gram (Moong)	Pulse	Medium
Andhra Pradesh	Desert	35-45 C	Medium	Kharif	Green Gram (Moong)	Pulse	High
Andhra Pradesh	Desert	35-45 C	Medium	Zaid	Green Gram (Moong)	Pulse	High
Andhra Pradesh	Desert	35-45 C	Low	Rabi	Green Gram (Moong)	Pulse	High
Andhra Pradesh	Desert	35-45 C	Low	Kharif	Green Gram (Moong)	Pulse	High
Andhra Pradesh	Desert	35-45 C	Low	Zaid	Green Gram (Moong)	Pulse	High
Andhra Pradesh	Forest	15-25 C	High	Rabi	Cardamom	Spice	High
Andhra Pradesh	Forest	15-25 C	High	Kharif	Cardamom	Spice	High
Andhra Pradesh	Forest	15-25 C	High	Zaid	Cardamom	Spice	High
Andhra Pradesh	Forest	15-25 C	Medium	Rabi	Apple	Fruit	High
Andhra Pradesh	Forest	15-25 C	Medium	Kharif	Apple	Fruit	High
Andhra Pradesh	Forest	15-25 C	Medium	Zaid	Apple	Fruit	High
Andhra Pradesh	Forest	15-25 C	Low	Rabi	Apple	Fruit	Medium
Andhra Pradesh	Forest	15-25 C	Low	Kharif	Apple	Fruit	Medium
Andhra Pradesh	Forest	15-25 C	Low	Zaid	Apple	Fruit	Medium
Andhra Pradesh	Forest	25-35 C	High	Rabi	Black Pepper	Spice	High
Andhra Pradesh	Forest	25-35 C	High	Kharif	Black Pepper	Spice	High
Andhra Pradesh	Forest	25-35 C	High	Zaid	Black Pepper	Spice	High
Andhra Pradesh	Forest	25-35 C	Medium	Rabi	Maize	Cereal	High
Andhra Pradesh	Forest	25-35 C	Medium	Kharif	Maize	Cereal	High
Andhra Pradesh	Forest	25-35 C	Medium	Zaid	Groundnut	Oilseed	High
Andhra Pradesh	Forest	25-35 C	Low	Rabi	Black Pepper	Spice	Medium
Andhra Pradesh	Forest	25-35 C	Low	Kharif	Green Gram (Moong)	Pulse	High
Andhra Pradesh	Forest	25-35 C	Low	Zaid	Green Gram (Moong)	Pulse	High
Andhra Pradesh	Forest	35-45 C	High	Rabi	Rice	Cereal	High
Andhra Pradesh	Forest	35-45 C	High	Kharif	Rice	Cereal	High
Andhra Pradesh	Forest	35-45 C	High	Zaid	Black Pepper	Spice	Medium
Andhra Pradesh	Forest	35-45 C	Medium	Rabi	Apple	Fruit	Medium
Andhra Pradesh	Forest	35-45 C	Medium	Kharif	Cotton	Cash Crop	High
Andhra Pradesh	Forest	35-45 C	Medium	Zaid	Apple	Fruit	Medium
Andhra Pradesh	Forest	35-45 C	Low	Rabi	Rice	Cereal	Medium
Andhra Pradesh	Forest	35-45 C	Low	Kharif	Green Gram (Moong)	Pulse	High
Andhra Pradesh	Forest	35-45 C	Low	Zaid	Green Gram (Moong)	Pulse	High
Arunachal Pradesh	Alluvial	15-25 C	High	Rabi	Wheat	Cereal	High
Arunachal Pradesh	Alluvial	15-25 C	High	Kharif	Apple	Fruit	High
Arunachal Pradesh	Alluvial	15-25 C	High	Zaid	Apple	Fruit	High
Arunachal Pradesh	Alluvial	15-25 C	Medium	Rabi	Apple	Fruit	High
Arunachal Pradesh	Alluvial	15-25 C	Medium	Kharif	Apple	Fruit	High
Arunachal Pradesh	Alluvial	15-25 C	Medium	Zaid	Apple	Fruit	High
Arunachal Pradesh	Alluvial	15-25 C	Low	Rabi	Barley	Cereal	High
Arunachal Pradesh	Alluvial	15-25 C	Low	Kharif	Apple	Fruit	High
Arunachal Pradesh	Alluvial	15-25 C	Low	Zaid	Apple	Fruit	High
Arunachal Pradesh	Alluvial	25-35 C	High	Rabi	Rice	Cereal	High
Arunachal Pradesh	Alluvial	25-35 C	High	Kharif	Rice	Cereal	High
Arunachal Pradesh	Alluvial	25-35 C	High	Zaid	Arecanut	Plantation	High
Arunachal Pradesh	Alluvial	25-35 C	Medium	Rabi	Maize	Cereal	High
Arunachal Pradesh	Alluvial	25-35 C	Medium	Kharif	Maize	Cereal	High
Arunachal Pradesh	Alluvial	25-35 C	Medium	Zaid	Cucumber	Vegetable	High
Arunachal Pradesh	Alluvial	25-35 C	Low	Rabi	Barley	Cereal	Medium
Arunachal Pradesh	Alluvial	25-35 C	Low	Kharif	Black Gram (Urad)	Pulse	High
Arunachal Pradesh	Alluvial	25-35 C	Low	Zaid	Black Gram (Urad)	Pulse	High
Arunachal Pradesh	Alluvial	35-45 C	High	Rabi	Rice	Cereal	High
Arunachal Pradesh	Alluvial	35-45 C	High	Kharif	Rice	Cereal	High
Arunachal Pradesh	Alluvial	35-45 C	High	Zaid	Black Gram (Urad)	Pulse	Medium
Arunachal Pradesh	Alluvial	35-45 C	Medium	Rabi	Apple	Fruit	High
Arunachal Pradesh	Alluvial	35-45 C	Medium	Kharif	Apple	Fruit	High
Arunachal Pradesh	Alluvial	35-45 C	Medium	Zaid	Cucumber	Vegetable	High
Arunachal Pradesh	Alluvial	35-45 C	Low	Rabi	Barley	Cereal	Medium
Arunachal Pradesh	Alluvial	35-45 C	Low	Kharif	Black Gram (Urad)	Pulse	High
Arunachal Pradesh	Alluvial	35-45 C	Low	Zaid	Black Gram (Urad)	Pulse	High
Arunachal Pradesh	Black	15-25 C	High	Rabi	Wheat	Cereal	High
Arunachal Pradesh	Black	15-25 C	High	Kharif	Rice	Cereal	Medium
Arunachal Pradesh	Black	15-25 C	High	Zaid	Onion	Vegetable	Medium
Arunachal Pradesh	Black	15-25 C	Medium	Rabi	Wheat	Cereal	High
Arunachal Pradesh	Black	15-25 C	Medium	Kharif	Apple	Fruit	High
Arunachal Pradesh	Black	15-25 C	Medium	Zaid	Onion	Vegetable	High
Arunachal Pradesh	Black	15-25 C	Low	Rabi	Gram (Chickpea)	Pulse	High
Arunachal Pradesh	Black	15-25 C	Low	Kharif	Black Gram (Urad)	Pulse	Medium
Arunachal Pradesh	Black	15-25 C	Low	Zaid	Black Gram (Urad)	Pulse	Medium
Arunachal Pradesh	Black	25-35 C	High	Rabi	Rice	Cereal	High
Arunachal Pradesh	Black	25-35 C	High	Kharif	Rice	Cereal	High
Arunachal Pradesh	Black	25-35 C	High	Zaid	Black Gram (Urad)	Pulse	Medium
Arunachal Pradesh	Black	25-35 C	Medium	Rabi	Maize	Cereal	High
Arunachal Pradesh	Black	25-35 C	Medium	Kharif	Maize	Cereal	High
Arunachal Pradesh	Black	25-35 C	Medium	Zaid	Groundnut	Oilseed	High
Arunachal Pradesh	Black	25-35 C	Low	Rabi	Sorghum (Jowar)	Cereal	High
Arunachal Pradesh	Black	25-35 C	Low	Kharif	Black Gram (Urad)	Pulse	High
Arunachal Pradesh	Black	25-35 C	Low	Zaid	Black Gram (Urad)	Pulse	High
Arunachal Pradesh	Black	35-45 C	High	Rabi	Rice	Cereal	High
Arunachal Pradesh	Black	35-45 C	High	Kharif	Rice	Cereal	High
Arunachal Pradesh	Black	35-45 C	High	Zaid	Black Gram (Urad)	Pulse	Medium
Arunachal Pradesh	Black	35-45 C	Medium	Rabi	Sorghum (Jowar)	Cereal	High
Arunachal Pradesh	Black	35-45 C	Medium	Kharif	Sorghum (Jowar)	Cereal	High
Arunachal Pradesh	Black	35-45 C	Medium	Zaid	Black Gram (Urad)	Pulse	Medium
Arunachal Pradesh	Black	35-45 C	Low	Rabi	Sorghum (Jowar)	Cereal	High
Arunachal Pradesh	Black	35-45 C	Low	Kharif	Black Gram (Urad)	Pulse	High
Arunachal Pradesh	Black	35-45 C	Low	Zaid	Black Gram (Urad)	Pulse	High
Arunachal Pradesh	Red	15-25 C	High	Rabi	Coffee	Plantation	High
Arunachal Pradesh	Red	15-25 C	High	Kharif	Coffee	Plantation	High
Arunachal Pradesh	Red	15-25 C	High	Zaid	Coffee	Plantation	High
Arunachal Pradesh	Red	15-25 C	Medium	Rabi	Tomato	Vegetable	High
Arunachal Pradesh	Red	15-25 C	Medium	Kharif	Apple	Fruit	High
Arunachal Pradesh	Red	15-25 C	Medium	Zaid	Tomato	Vegetable	High
Arunachal Pradesh	Red	15-25 C	Low	Rabi	Sorghum (Jowar)	Cereal	Medium
Arunachal Pradesh	Red	15-25 C	Low	Kharif	Black Gram (Urad)	Pulse	Medium
Arunachal Pradesh	Red	15-25 C	Low	Zaid	Black Gram (Urad)	Pulse	Medium
Arunachal Pradesh	Red	25-35 C	High	Rabi	Rice	Cereal	High
Arunachal Pradesh	Red	25-35 C	High	Kharif	Rice	Cereal	High
Arunachal Pradesh	Red	25-35 C	High	Zaid	Banana	Fruit	High
Arunachal Pradesh	Red	25-35 C	Medium	Rabi	Maize	Cereal	High
Arunachal Pradesh	Red	25-35 C	Medium	Kharif	Finger Millet (Ragi)	Cereal	High
Arunachal Pradesh	Red	25-35 C	Medium	Zaid	Cucumber	Vegetable	High
Arunachal Pradesh	Red	25-35 C	Low	Rabi	Sorghum (Jowar)	Cereal	High
Arunachal Pradesh	Red	25-35 C	Low	Kharif	Black Gram (Urad)	Pulse	High
Arunachal Pradesh	Red	25-35 C	Low	Zaid	Black Gram (Urad)	Pulse	High
Arunachal Pradesh	Red	35-45 C	High	Rabi	Rice	Cereal	High
Arunachal Pradesh	Red	35-45 C	High	Kharif	Rice	Cereal	High
Arunachal Pradesh	Red	35-45 C	High	Zaid	Black Gram (Urad)	Pulse	Medium
Arunachal Pradesh	Red	35-45 C	Medium	Rabi	Sorghum (Jowar)	Cereal	High
Arunachal Pradesh	Red	35-45 C	Medium	Kharif	Sorghum (Jowar)	Cereal	High
Arunachal Pradesh	Red	35-45 C	Medium	Zaid	Cucumber	Vegetable	High
Arunachal Pradesh	Red	35-45 C	Low	Rabi	Sorghum (Jowar)	Cereal	High
Arunachal Pradesh	Red	35-45 C	Low	Kharif	Black Gram (Urad)	Pulse	High
Arunachal Pradesh	Red	35-45 C	Low	Zaid	Black Gram (Urad)	Pulse	High
Arunachal Pradesh	Laterite	15-25 C	High	Rabi	Cardamom	Spice	High
Arunachal Pradesh	Laterite	15-25 C	High	Kharif	Cardamom	Spice	High
Arunachal Pradesh	Laterite	15-25 C	High	Zaid	Cardamom	Spice	High
Arunachal Pradesh	Laterite	15-25 C	Medium	Rabi	Apple	Fruit	High
Arunachal Pradesh	Laterite	15-25 C	Medium	Kharif	Apple	Fruit	High
Arunachal Pradesh	Laterite	15-25 C	Medium	Zaid	Apple	Fruit	High
Arunachal Pradesh	Laterite	15-25 C	Low	Rabi	Cardamom	Spice	Medium
Arunachal Pradesh	Laterite	15-25 C	Low	Kharif	Cardamom	Spice	Medium
Arunachal Pradesh	Laterite	15-25 C	Low	Zaid	Cardamom	Spice	Medium
Arunachal Pradesh	Laterite	25-35 C	High	Rabi	Rice	Cereal	High
Arunachal Pradesh	Laterite	25-35 C	High	Kharif	Rice	Cereal	High
Arunachal Pradesh	Laterite	25-35 C	High	Zaid	Arecanut	Plantation	High
Arunachal Pradesh	Laterite	25-35 C	Medium	Rabi	Cashew	Plantation	High
Arunachal Pradesh	Laterite	25-35 C	Medium	Kharif	Finger Millet (Ragi)	Cereal	High
Arunachal Pradesh	Laterite	25-35 C	Medium	Zaid	Cashew	Plantation	High
Arunachal Pradesh	Laterite	25-35 C	Low	Rabi	Rice	Cereal	Medium
Arunachal Pradesh	Laterite	25-35 C	Low	Kharif	Finger Millet (Ragi)	Cereal	Medium
Arunachal Pradesh	Laterite	25-35 C	Low	Zaid	Arecanut	Plantation	Medium
Arunachal Pradesh	Laterite	35-45 C	High	Rabi	Rice	Cereal	High
Arunachal Pradesh	Laterite	35-45 C	High	Kharif	Rice	Cereal	High
Arunachal Pradesh	Laterite	35-45 C	High	Zaid	Arecanut	Plantation	Medium
Arunachal Pradesh	Laterite	35-45 C	Medium	Rabi	Rice	Cereal	Medium
Arunachal Pradesh	Laterite	35-45 C	Medium	Kharif	Finger Millet (Ragi)	Cereal	Medium
Arunachal Pradesh	Laterite	35-45 C	Medium	Zaid	Cashew	Plantation	Medium
Arunachal Pradesh	Laterite	35-45 C	Low	Rabi	Rice	Cereal	Medium
Arunachal Pradesh	Laterite	35-45 C	Low	Kharif	Rice	Cereal	Medium
Arunachal Pradesh	Laterite	35-45 C	Low	Zaid	Black Gram (Urad)	Pulse	Medium
Arunachal Pradesh	Desert	15-25 C	High	Rabi	Barley	Cereal	Medium
Arunachal Pradesh	Desert	15-25 C	High	Kharif	Apple	Fruit	Medium
Arunachal Pradesh	Desert	15-25 C	High	Zaid	Apple	Fruit	Medium
Arunachal Pradesh	Desert	15-25 C	Medium	Rabi	Apple	Fruit	High
Arunachal Pradesh	Desert	15-25 C	Medium	Kharif	Apple	Fruit	High
Arunachal Pradesh	Desert	15-25 C	Medium	Zaid	Apple	Fruit	High
Arunachal Pradesh	Desert	15-25 C	Low	Rabi	Barley	Cereal	High
Arunachal Pradesh	Desert	15-25 C	Low	Kharif	Cluster Bean (Guar)	Pulse	Medium
Arunachal Pradesh	Desert	15-25 C	Low	Zaid	Green Gram (Moong)	Pulse	Medium
Arunachal Pradesh	Desert	25-35 C	High	Rabi	Rice	Cereal	Medium
Arunachal Pradesh	Desert	25-35 C	High	Kharif	Green Gram (Moong)	Pulse	Medium
Arunachal Pradesh	Desert	25-35 C	High	Zaid	Green Gram (Moong)	Pulse	Medium
Arunachal Pradesh	Desert	25-35 C	Medium	Rabi	Maize	Cereal	Medium
Arunachal Pradesh	Desert	25-35 C	Medium	Kharif	Green Gram (Moong)	Pulse	Medium
Arunachal Pradesh	Desert	25-35 C	Medium	Zaid	Green Gram (Moong)	Pulse	Medium
Arunachal Pradesh	Desert	25-35 C	Low	Rabi	Barley	Cereal	Medium
Arunachal Pradesh	Desert	25-35 C	Low	Kharif	Green Gram (Moong)	Pulse	High
Arunachal Pradesh	Desert	25-35 C	Low	Zaid	Green Gram (Moong)	Pulse	High
Arunachal Pradesh	Desert	35-45 C	High	Rabi	Rice	Cereal	Medium
Arunachal Pradesh	Desert	35-45 C	High	Kharif	Cluster Bean (Guar)	Pulse	Medium
Arunachal Pradesh	Desert	35-45 C	High	Zaid	Green Gram (Moong)	Pulse	Medium
Arunachal Pradesh	Desert	35-45 C	Medium	Rabi	Sorghum (Jowar)	Cereal	Medium
Arunachal Pradesh	Desert	35-45 C	Medium	Kharif	Cluster Bean (Guar)	Pulse	Medium
Arunachal Pradesh	Desert	35-45 C	Medium	Zaid	Muskmelon	Vegetable	High
Arunachal Pradesh	Desert	35-45 C	Low	Rabi	Barley	Cereal	Medium
Arunachal Pradesh	Desert	35-45 C	Low	Kharif	Cluster Bean (Guar)	Pulse	High
Arunachal Pradesh	Desert	35-45 C	Low	Zaid	Green Gram (Moong)	Pulse	High
Arunachal Pradesh	Forest	15-25 C	High	Rabi	Apple	Fruit	High
Arunachal Pradesh	Forest	15-25 C	High	Kharif	Apple	Fruit	High
Arunachal Pradesh	Forest	15-25 C	High	Zaid	Apple	Fruit	High
Arunachal Pradesh	Forest	15-25 C	Medium	Rabi	Apple	Fruit	High
Arunachal Pradesh	Forest	15-25 C	Medium	Kharif	Apple	Fruit	High
Arunachal Pradesh	Forest	15-25 C	Medium	Zaid	Apple	Fruit	High
Arunachal Pradesh	Forest	15-25 C	Low	Rabi	Apple	Fruit	High
Arunachal Pradesh	Forest	15-25 C	Low	Kharif	Apple	Fruit	High
Arunachal Pradesh	Forest	15-25 C	Low	Zaid	Apple	Fruit	High
Arunachal Pradesh	Forest	25-35 C	High	Rabi	Black Pepper	Spice	High
Arunachal Pradesh	Forest	25-35 C	High	Kharif	Black Pepper	Spice	High
Arunachal Pradesh	Forest	25-35 C	High	Zaid	Black Pepper	Spice	High
Arunachal Pradesh	Forest	25-35 C	Medium	Rabi	Apple	Fruit	High
Arunachal Pradesh	Forest	25-35 C	Medium	Kharif	Apple	Fruit	High
Arunachal Pradesh	Forest	25-35 C	Medium	Zaid	Apple	Fruit	High
Arunachal Pradesh	Forest	25-35 C	Low	Rabi	Apple	Fruit	Medium
Arunachal Pradesh	Forest	25-35 C	Low	Kharif	Apple	Fruit	Medium
Arunachal Pradesh	Forest	25-35 C	Low	Zaid	Apple	Fruit	Medium
Arunachal Pradesh	Forest	35-45 C	High	Rabi	Apple	Fruit	Medium
Arunachal Pradesh	Forest	35-45 C	High	Kharif	Apple	Fruit	Medium
Arunachal Pradesh	Forest	35-45 C	High	Zaid	Apple	Fruit	Medium
Arunachal Pradesh	Forest	35-45 C	Medium	Rabi	Apple	Fruit	High
Arunachal Pradesh	Forest	35-45 C	Medium	Kharif	Apple	Fruit	High
Arunachal Pradesh	Forest	35-45 C	Medium	Zaid	Apple	Fruit	High
Arunachal Pradesh	Forest	35-45 C	Low	Rabi	Apple	Fruit	Medium
Arunachal Pradesh	Forest	35-45 C	Low	Kharif	Apple	Fruit	Medium
Arunachal Pradesh	Forest	35-45 C	Low	Zaid	Apple	Fruit	Medium
Assam	Alluvial	15-25 C	High	Rabi	Rice	Cereal	High
Assam	Alluvial	15-25 C	High	Kharif	Rice	Cereal	High
Assam	Alluvial	15-25 C	High	Zaid	Tea	Plantation	High
Assam	Alluvial	15-25 C	Medium	Rabi	Wheat	Cereal	High
Assam	Alluvial	15-25 C	Medium	Kharif	Apple	Fruit	High
Assam	Alluvial	15-25 C	Medium	Zaid	Onion	Vegetable	High
Assam	Alluvial	15-25 C	Low	Rabi	Barley	Cereal	High
Assam	Alluvial	15-25 C	Low	Kharif	Black Gram (Urad)	Pulse	Medium
Assam	Alluvial	15-25 C	Low	Zaid	Black Gram (Urad)	Pulse	Medium
Assam	Alluvial	25-35 C	High	Rabi	Rice	Cereal	High
Assam	Alluvial	25-35 C	High	Kharif	Rice	Cereal	High
Assam	Alluvial	25-35 C	High	Zaid	Arecanut	Plantation	High
Assam	Alluvial	25-35 C	Medium	Rabi	Maize	Cereal	High
Assam	Alluvial	25-35 C	Medium	Kharif	Maize	Cereal	High
Assam	Alluvial	25-35 C	Medium	Zaid	Cucumber	Vegetable	High
Assam	Alluvial	25-35 C	Low	Rabi	Rice	Cereal	High
Assam	Alluvial	25-35 C	Low	Kharif	Black Gram (Urad)	Pulse	High
Assam	Alluvial	25-35 C	Low	Zaid	Black Gram (Urad)	Pulse	High
Assam	Alluvial	35-45 C	High	Rabi	Rice	Cereal	High
Assam	Alluvial	35-45 C	High	Kharif	Rice	Cereal	High
Assam	Alluvial	35-45 C	High	Zaid	Rice	Cereal	High
Assam	Alluvial	35-45 C	Medium	Rabi	Rice	Cereal	High
Assam	Alluvial	35-45 C	Medium	Kharif	Rice	Cereal	High
Assam	Alluvial	35-45 C	Medium	Zaid	Cucumber	Vegetable	High
Assam	Alluvial	35-45 C	Low	Rabi	Rice	Cereal	High
Assam	Alluvial	35-45 C	Low	Kharif	Black Gram (Urad)	Pulse	High
Assam	Alluvial	35-45 C	Low	Zaid	Black Gram (Urad)	Pulse	High
Assam	Black	15-25 C	High	Rabi	Rice	Cereal	High
Assam	Black	15-25 C	High	Kharif	Rice	Cereal	High
Assam	Black	15-25 C	High	Zaid	Tea	Plantation	High
Assam	Black	15-25 C	Medium	Rabi	Wheat	Cereal	High
Assam	Black	15-25 C	Medium	Kharif	Maize	Cereal	Medium
Assam	Black	15-25 C	Medium	Zaid	Onion	Vegetable	High
Assam	Black	15-25 C	Low	Rabi	Gram (Chickpea)	Pulse	High
Assam	Black	15-25 C	Low	Kharif	Black Gram (Urad)	Pulse	Medium
Assam	Black	15-25 C	Low	Zaid	Black Gram (Urad)	Pulse	Medium
Assam	Black	25-35 C	High	Rabi	Rice	Cereal	High
Assam	Black	25-35 C	High	Kharif	Rice	Cereal	High
Assam	Black	25-35 C	High	Zaid	Rice	Cereal	High
Assam	Black	25-35 C	Medium	Rabi	Maize	Cereal	High
Assam	Black	25-35 C	Medium	Kharif	Maize	Cereal	High
Assam	Black	25-35 C	Medium	Zaid	Groundnut	Oilseed	High
Assam	Black	25-35 C	Low	Rabi	Rice	Cereal	High
Assam	Black	25-35 C	Low	Kharif	Black Gram (Urad)	Pulse	High
Assam	Black	25-35 C	Low	Zaid	Black Gram (Urad)	Pulse	High
Assam	Black	35-45 C	High	Rabi	Rice	Cereal	High
Assam	Black	35-45 C	High	Kharif	Rice	Cereal	High
Assam	Black	35-45 C	High	Zaid	Rice	Cereal	High
Assam	Black	35-45 C	Medium	Rabi	Rice	Cereal	High
Assam	Black	35-45 C	Medium	Kharif	Rice	Cereal	High
Assam	Black	35-45 C	Medium	Zaid	Black Gram (Urad)	Pulse	Medium
Assam	Black	35-45 C	Low	Rabi	Rice	Cereal	High
Assam	Black	35-45 C	Low	Kharif	Black Gram (Urad)	Pulse	High
Assam	Black	35-45 C	Low	Zaid	Black Gram (Urad)	Pulse	High
Assam	Red	15-25 C	High	Rabi	Rice	Cereal	High
Assam	Red	15-25 C	High	Kharif	Rice	Cereal	High
Assam	Red	15-25 C	High	Zaid	Coffee	Plantation	High
Assam	Red	15-25 C	Medium	Rabi	Tomato	Vegetable	High
Assam	Red	15-25 C	Medium	Kharif	Finger Millet (Ragi)	Cereal	Medium
Assam	Red	15-25 C	Medium	Zaid	Tomato	Vegetable	High
Assam	Red	15-25 C	Low	Rabi	Rice	Cereal	Medium
Assam	Red	15-25 C	Low	Kharif	Black Gram (Urad)	Pulse	Medium
Assam	Red	15-25 C	Low	Zaid	Black Gram (Urad)	Pulse	Medium
Assam	Red	25-35 C	High	Rabi	Rice	Cereal	High
Assam	Red	25-35 C	High	Kharif	Rice	Cereal	High
Assam	Red	25-35 C	High	Zaid	Banana	Fruit	High
Assam	Red	25-35 C	Medium	Rabi	Maize	Cereal	High
Assam	Red	25-35 C	Medium	Kharif	Finger Millet (Ragi)	Cereal	High
Assam	Red	25-35 C	Medium	Zaid	Cucumber	Vegetable	High
Assam	Red	25-35 C	Low	Rabi	Rice	Cereal	High
Assam	Red	25-35 C	Low	Kharif	Black Gram (Urad)	Pulse	High
Assam	Red	25-35 C	Low	Zaid	Black Gram (Urad)	Pulse	High
Assam	Red	35-45 C	High	Rabi	Rice	Cereal	High
Assam	Red	35-45 C	High	Kharif	Rice	Cereal	High
Assam	Red	35-45 C	High	Zaid	Rice	Cereal	High
Assam	Red	35-45 C	Medium	Rabi	Rice	Cereal	High
Assam	Red	35-45 C	Medium	Kharif	Rice	Cereal	High
Assam	Red	35-45 C	Medium	Zaid	Cucumber	Vegetable	High
Assam	Red	35-45 C	Low	Rabi	Rice	Cereal	High
Assam	Red	35-45 C	Low	Kharif	Black Gram (Urad)	Pulse	High
Assam	Red	35-45 C	Low	Zaid	Black Gram (Urad)	Pulse	High
Assam	Laterite	15-25 C	High	Rabi	Tea	Plantation	High
Assam	Laterite	15-25 C	High	Kharif	Tea	Plantation	High
Assam	Laterite	15-25 C	High	Zaid	Tea	Plantation	High
Assam	Laterite	15-25 C	Medium	Rabi	Tea	Plantation	High
Assam	Laterite	15-25 C	Medium	Kharif	Tea	Plantation	High
Assam	Laterite	15-25 C	Medium	Zaid	Tea	Plantation	High
Assam	Laterite	15-25 C	Low	Rabi	Tea	Plantation	High
Assam	Laterite	15-25 C	Low	Kharif	Tea	Plantation	High
Assam	Laterite	15-25 C	Low	Zaid	Tea	Plantation	High
Assam	Laterite	25-35 C	High	Rabi	Rice	Cereal	High
Assam	Laterite	25-35 C	High	Kharif	Rice	Cereal	High
Assam	Laterite	25-35 C	High	Zaid	Tea	Plantation	High
Assam	Laterite	25-35 C	Medium	Rabi	Rice	Cereal	High
Assam	Laterite	25-35 C	Medium	Kharif	Finger Millet (Ragi)	Cereal	High
Assam	Laterite	25-35 C	Medium	Zaid	Cashew	Plantation	High
Assam	Laterite	25-35 C	Low	Rabi	Rice	Cereal	High
Assam	Laterite	25-35 C	Low	Kharif	Rice	Cereal	High
Assam	Laterite	25-35 C	Low	Zaid	Tea	Plantation	High
Assam	Laterite	35-45 C	High	Rabi	Rice	Cereal	High
Assam	Laterite	35-45 C	High	Kharif	Rice	Cereal	High
Assam	Laterite	35-45 C	High	Zaid	Tea	Plantation	High
Assam	Laterite	35-45 C	Medium	Rabi	Rice	Cereal	High
Assam	Laterite	35-45 C	Medium	Kharif	Rice	Cereal	High
Assam	Laterite	35-45 C	Medium	Zaid	Cashew	Plantation	Medium
Assam	Laterite	35-45 C	Low	Rabi	Rice	Cereal	High
Assam	Laterite	35-45 C	Low	Kharif	Rice	Cereal	High
Assam	Laterite	35-45 C	Low	Zaid	Tea	Plantation	Medium
Assam	Desert	15-25 C	High	Rabi	Tea	Plantation	High
Assam	Desert	15-25 C	High	Kharif	Tea	Plantation	High
Assam	Desert	15-25 C	High	Zaid	Tea	Plantation	High
Assam	Desert	15-25 C	Medium	Rabi	Barley	Cereal	Medium
Assam	Desert	15-25 C	Medium	Kharif	Apple	Fruit	Medium
Assam	Desert	15-25 C	Medium	Zaid	Muskmelon	Vegetable	Medium
Assam	Desert	15-25 C	Low	Rabi	Barley	Cereal	High
Assam	Desert	15-25 C	Low	Kharif	Cluster Bean (Guar)	Pulse	Medium
Assam	Desert	15-25 C	Low	Zaid	Green Gram (Moong)	Pulse	Medium
Assam	Desert	25-35 C	High	Rabi	Rice	Cereal	High
Assam	Desert	25-35 C	High	Kharif	Rice	Cereal	High
Assam	Desert	25-35 C	High	Zaid	Tea	Plantation	High
Assam	Desert	25-35 C	Medium	Rabi	Maize	Cereal	Medium
Assam	Desert	25-35 C	Medium	Kharif	Green Gram (Moong)	Pulse	Medium
Assam	Desert	25-35 C	Medium	Zaid	Green Gram (Moong)	Pulse	Medium
Assam	Desert	25-35 C	Low	Rabi	Barley	Cereal	Medium
Assam	Desert	25-35 C	Low	Kharif	Green Gram (Moong)	Pulse	High
Assam	Desert	25-35 C	Low	Zaid	Green Gram (Moong)	Pulse	High
Assam	Desert	35-45 C	High	Rabi	Rice	Cereal	High
Assam	Desert	35-45 C	High	Kharif	Rice	Cereal	High
Assam	Desert	35-45 C	High	Zaid	Green Gram (Moong)	Pulse	Medium
Assam	Desert	35-45 C	Medium	Rabi	Rice	Cereal	Medium
Assam	Desert	35-45 C	Medium	Kharif	Cluster Bean (Guar)	Pulse	Medium
Assam	Desert	35-45 C	Medium	Zaid	Muskmelon	Vegetable	High
Assam	Desert	35-45 C	Low	Rabi	Barley	Cereal	Medium
Assam	Desert	35-45 C	Low	Kharif	Cluster Bean (Guar)	Pulse	High
Assam	Desert	35-45 C	Low	Zaid	Green Gram (Moong)	Pulse	High
Assam	Forest	15-25 C	High	Rabi	Tea	Plantation	High
Assam	Forest	15-25 C	High	Kharif	Tea	Plantation	High
Assam	Forest	15-25 C	High	Zaid	Tea	Plantation	High
Assam	Forest	15-25 C	Medium	Rabi	Apple	Fruit	High
Assam	Forest	15-25 C	Medium	Kharif	Apple	Fruit	High
Assam	Forest	15-25 C	Medium	Zaid	Apple	Fruit	High
Assam	Forest	15-25 C	Low	Rabi	Tea	Plantation	High
Assam	Forest	15-25 C	Low	Kharif	Tea	Plantation	High
Assam	Forest	15-25 C	Low	Zaid	Tea	Plantation	High
Assam	Forest	25-35 C	High	Rabi	Tea	Plantation	High
Assam	Forest	25-35 C	High	Kharif	Tea	Plantation	High
Assam	Forest	25-35 C	High	Zaid	Tea	Plantation	High
Assam	Forest	25-35 C	Medium	Rabi	Tea	Plantation	High
Assam	Forest	25-35 C	Medium	Kharif	Tea	Plantation	High
Assam	Forest	25-35 C	Medium	Zaid	Tea	Plantation	High
Assam	Forest	25-35 C	Low	Rabi	Tea	Plantation	High
Assam	Forest	25-35 C	Low	Kharif	Tea	Plantation	High
Assam	Forest	25-35 C	Low	Zaid	Tea	Plantation	High
Assam	Forest	35-45 C	High	Rabi	Tea	Plantation	High
Assam	Forest	35-45 C	High	Kharif	Tea	Plantation	High
Assam	Forest	35-45 C	High	Zaid	Tea	Plantation	High
Assam	Forest	35-45 C	Medium	Rabi	Apple	Fruit	Medium
Assam	Forest	35-45 C	Medium	Kharif	Apple	Fruit	Medium
Assam	Forest	35-45 C	Medium	Zaid	Apple	Fruit	Medium
Assam	Forest	35-45 C	Low	Rabi	Tea	Plantation	Medium
Assam	Forest	35-45 C	Low	Kharif	Tea	Plantation	Medium
Assam	Forest	35-45 C	Low	Zaid	Tea	Plantation	Medium
Bihar	Alluvial	15-25 C	High	Rabi	Wheat	Cereal	High
Bihar	Alluvial	15-25 C	High	Kharif	Rice	Cereal	High
Bihar	Alluvial	15-25 C	High	Zaid	Litchi	Fruit	High
Bihar	Alluvial	15-25 C	Medium	Rabi	Wheat	Cereal	High
Bihar	Alluvial	15-25 C	Medium	Kharif	Litchi	Fruit	High
Bihar	Alluvial	15-25 C	Medium	Zaid	Litchi	Fruit	High
Bihar	Alluvial	15-25 C	Low	Rabi	Barley	Cereal	High
Bihar	Alluvial	15-25 C	Low	Kharif	Litchi	Fruit	High
Bihar	Alluvial	15-25 C	Low	Zaid	Litchi	Fruit	High
Bihar	Alluvial	25-35 C	High	Rabi	Rice	Cereal	High
Bihar	Alluvial	25-35 C	High	Kharif	Rice	Cereal	High
Bihar	Alluvial	25-35 C	High	Zaid	Arecanut	Plantation	High
Bihar	Alluvial	25-35 C	Medium	Rabi	Maize	Cereal	High
Bihar	Alluvial	25-35 C	Medium	Kharif	Maize	Cereal	High
Bihar	Alluvial	25-35 C	Medium	Zaid	Litchi	Fruit	High
Bihar	Alluvial	25-35 C	Low	Rabi	Maize	Cereal	High
Bihar	Alluvial	25-35 C	Low	Kharif	Black Gram (Urad)	Pulse	High
Bihar	Alluvial	25-35 C	Low	Zaid	Black Gram (Urad)	Pulse	High
Bihar	Alluvial	35-45 C	High	Rabi	Rice	Cereal	High
Bihar	Alluvial	35-45 C	High	Kharif	Rice	Cereal	High
Bihar	Alluvial	35-45 C	High	Zaid	Rice	Cereal	High
Bihar	Alluvial	35-45 C	Medium	Rabi	Maize	Cereal	High
Bihar	Alluvial	35-45 C	Medium	Kharif	Maize	Cereal	High
Bihar	Alluvial	35-45 C	Medium	Zaid	Cucumber	Vegetable	High
Bihar	Alluvial	35-45 C	Low	Rabi	Rice	Cereal	High
Bihar	Alluvial	35-45 C	Low	Kharif	Black Gram (Urad)	Pulse	High
Bihar	Alluvial	35-45 C	Low	Zaid	Black Gram (Urad)	Pulse	High
Bihar	Black	15-25 C	High	Rabi	Wheat	Cereal	High
Bihar	Black	15-25 C	High	Kharif	Rice	Cereal	High
Bihar	Black	15-25 C	High	Zaid	Wheat	Cereal	High
Bihar	Black	15-25 C	Medium	Rabi	Wheat	Cereal	High
Bihar	Black	15-25 C	Medium	Kharif	Maize	Cereal	High
Bihar	Black	15-25 C	Medium	Zaid	Onion	Vegetable	High
Bihar	Black	15-25 C	Low	Rabi	Gram (Chickpea)	Pulse	High
Bihar	Black	15-25 C	Low	Kharif	Black Gram (Urad)	Pulse	Medium
Bihar	Black	15-25 C	Low	Zaid	Black Gram (Urad)	Pulse	Medium
Bihar	Black	25-35 C	High	Rabi	Rice	Cereal	High
Bihar	Black	25-35 C	High	Kharif	Rice	Cereal	High
Bihar	Black	25-35 C	High	Zaid	Rice	Cereal	High
Bihar	Black	25-35 C	Medium	Rabi	Maize	Cereal	High
Bihar	Black	25-35 C	Medium	Kharif	Maize	Cereal	High
Bihar	Black	25-35 C	Medium	Zaid	Groundnut	Oilseed	High
Bihar	Black	25-35 C	Low	Rabi	Maize	Cereal	High
Bihar	Black	25-35 C	Low	Kharif	Black Gram (Urad)	Pulse	High
Bihar	Black	25-35 C	Low	Zaid	Black Gram (Urad)	Pulse	High
Bihar	Black	35-45 C	High	Rabi	Rice	Cereal	High
Bihar	Black	35-45 C	High	Kharif	Rice	Cereal	High
Bihar	Black	35-45 C	High	Zaid	Rice	Cereal	High
Bihar	Black	35-45 C	Medium	Rabi	Maize	Cereal	High
Bihar	Black	35-45 C	Medium	Kharif	Maize	Cereal	High
Bihar	Black	35-45 C	Medium	Zaid	Black Gram (Urad)	Pulse	Medium
Bihar	Black	35-45 C	Low	Rabi	Rice	Cereal	High
Bihar	Black	35-45 C	Low	Kharif	Black Gram (Urad)	Pulse	High
Bihar	Black	35-45 C	Low	Zaid	Black Gram (Urad)	Pulse	High
Bihar	Red	15-25 C	High	Rabi	Rice	Cereal	High
Bihar	Red	15-25 C	High	Kharif	Rice	Cereal	High
Bihar	Red	15-25 C	High	Zaid	Coffee	Plantation	High
Bihar	Red	15-25 C	Medium	Rabi	Maize	Cereal	High
Bihar	Red	15-25 C	Medium	Kharif	Maize	Cereal	High
Bihar	Red	15-25 C	Medium	Zaid	Tomato	Vegetable	High
Bihar	Red	15-25 C	Low	Rabi	Maize	Cereal	Medium
Bihar	Red	15-25 C	Low	Kharif	Black Gram (Urad)	Pulse	Medium
Bihar	Red	15-25 C	Low	Zaid	Black Gram (Urad)	Pulse	Medium
Bihar	Red	25-35 C	High	Rabi	Rice	Cereal	High
Bihar	Red	25-35 C	High	Kharif	Rice	Cereal	High
Bihar	Red	25-35 C	High	Zaid	Banana	Fruit	High
Bihar	Red	25-35 C	Medium	Rabi	Maize	Cereal	High
Bihar	Red	25-35 C	Medium	Kharif	Maize	Cereal	High
Bihar	Red	25-35 C	Medium	Zaid	Mango	Fruit	High
Bihar	Red	25-35 C	Low	Rabi	Maize	Cereal	High
Bihar	Red	25-35 C	Low	Kharif	Black Gram (Urad)	Pulse	High
Bihar	Red	25-35 C	Low	Zaid	Black Gram (Urad)	Pulse	High
Bihar	Red	35-45 C	High	Rabi	Rice	Cereal	High
Bihar	Red	35-45 C	High	Kharif	Rice	Cereal	High
Bihar	Red	35-45 C	High	Zaid	Rice	Cereal	High
Bihar	Red	35-45 C	Medium	Rabi	Maize	Cereal	High
Bihar	Red	35-45 C	Medium	Kharif	Maize	Cereal	High
Bihar	Red	35-45 C	Medium	Zaid	Cucumber	Vegetable	High
Bihar	Red	35-45 C	Low	Rabi	Rice	Cereal	High
Bihar	Red	35-45 C	Low	Kharif	Black Gram (Urad)	Pulse	High
Bihar	Red	35-45 C	Low	Zaid	Black Gram (Urad)	Pulse	High
Bihar	Laterite	15-25 C	High	Rabi	Rice	Cereal	High
Bihar	Laterite	15-25 C	High	Kharif	Rice	Cereal	High
Bihar	Laterite	15-25 C	High	Zaid	Cardamom	Spice	High
Bihar	Laterite	15-25 C	Medium	Rabi	Mango	Fruit	High
Bihar	Laterite	15-25 C	Medium	Kharif	Mango	Fruit	High
Bihar	Laterite	15-25 C	Medium	Zaid	Mango	Fruit	High
Bihar	Laterite	15-25 C	Low	Rabi	Rice	Cereal	Medium
Bihar	Laterite	15-25 C	Low	Kharif	Rice	Cereal	Medium
Bihar	Laterite	15-25 C	Low	Zaid	Cardamom	Spice	Medium
Bihar	Laterite	25-35 C	High	Rabi	Rice	Cereal	High
Bihar	Laterite	25-35 C	High	Kharif	Rice	Cereal	High
Bihar	Laterite	25-35 C	High	Zaid	Arecanut	Plantation	High
Bihar	Laterite	25-35 C	Medium	Rabi	Mango	Fruit	High
Bihar	Laterite	25-35 C	Medium	Kharif	Mango	Fruit	High
Bihar	Laterite	25-35 C	Medium	Zaid	Mango	Fruit	High
Bihar	Laterite	25-35 C	Low	Rabi	Rice	Cereal	High
Bihar	Laterite	25-35 C	Low	Kharif	Rice	Cereal	High
Bihar	Laterite	25-35 C	Low	Zaid	Mango	Fruit	High
Bihar	Laterite	35-45 C	High	Rabi	Rice	Cereal	High
Bihar	Laterite	35-45 C	High	Kharif	Rice	Cereal	High
Bihar	Laterite	35-45 C	High	Zaid	Rice	Cereal	High
Bihar	Laterite	35-45 C	Medium	Rabi	Rice	Cereal	High
Bihar	Laterite	35-45 C	Medium	Kharif	Rice	Cereal	High
Bihar	Laterite	35-45 C	Medium	Zaid	Mango	Fruit	High
Bihar	Laterite	35-45 C	Low	Rabi	Rice	Cereal	High
Bihar	Laterite	35-45 C	Low	Kharif	Rice	Cereal	High
Bihar	Laterite	35-45 C	Low	Zaid	Mango	Fruit	Medium
Bihar	Desert	15-25 C	High	Rabi	Wheat	Cereal	High
Bihar	Desert	15-25 C	High	Kharif	Rice	Cereal	Medium
Bihar	Desert	15-25 C	High	Zaid	Cardamom	Spice	Medium
Bihar	Desert	15-25 C	Medium	Rabi	Wheat	Cereal	High
Bihar	Desert	15-25 C	Medium	Kharif	Litchi	Fruit	High
Bihar	Desert	15-25 C	Medium	Zaid	Litchi	Fruit	High
Bihar	Desert	15-25 C	Low	Rabi	Barley	Cereal	High
Bihar	Desert	15-25 C	Low	Kharif	Cluster Bean (Guar)	Pulse	Medium
Bihar	Desert	15-25 C	Low	Zaid	Green Gram (Moong)	Pulse	Medium
Bihar	Desert	25-35 C	High	Rabi	Rice	Cereal	High
Bihar	Desert	25-35 C	High	Kharif	Rice	Cereal	High
Bihar	Desert	25-35 C	High	Zaid	Green Gram (Moong)	Pulse	Medium
Bihar	Desert	25-35 C	Medium	Rabi	Maize	Cereal	High
Bihar	Desert	25-35 C	Medium	Kharif	Maize	Cereal	High
Bihar	Desert	25-35 C	Medium	Zaid	Litchi	Fruit	High
Bihar	Desert	25-35 C	Low	Rabi	Barley	Cereal	Medium
Bihar	Desert	25-35 C	Low	Kharif	Green Gram (Moong)	Pulse	High
Bihar	Desert	25-35 C	Low	Zaid	Green Gram (Moong)	Pulse	High
Bihar	Desert	35-45 C	High	Rabi	Rice	Cereal	High
Bihar	Desert	35-45 C	High	Kharif	Rice	Cereal	High
Bihar	Desert	35-45 C	High	Zaid	Green Gram (Moong)	Pulse	Medium
Bihar	Desert	35-45 C	Medium	Rabi	Maize	Cereal	Medium
Bihar	Desert	35-45 C	Medium	Kharif	Cluster Bean (Guar)	Pulse	Medium
Bihar	Desert	35-45 C	Medium	Zaid	Muskmelon	Vegetable	High
Bihar	Desert	35-45 C	Low	Rabi	Barley	Cereal	Medium
Bihar	Desert	35-45 C	Low	Kharif	Cluster Bean (Guar)	Pulse	High
Bihar	Desert	35-45 C	Low	Zaid	Green Gram (Moong)	Pulse	High
Bihar	Forest	15-25 C	High	Rabi	Cardamom	Spice	High
Bihar	Forest	15-25 C	High	Kharif	Cardamom	Spice	High
Bihar	Forest	15-25 C	High	Zaid	Cardamom	Spice	High
Bihar	Forest	15-25 C	Medium	Rabi	Apple	Fruit	High
Bihar	Forest	15-25 C	Medium	Kharif	Apple	Fruit	High
Bihar	Forest	15-25 C	Medium	Zaid	Apple	Fruit	High
Bihar	Forest	15-25 C	Low	Rabi	Apple	Fruit	Medium
Bihar	Forest	15-25 C	Low	Kharif	Apple	Fruit	Medium
Bihar	Forest	15-25 C	Low	Zaid	Apple	Fruit	Medium
Bihar	Forest	25-35 C	High	Rabi	Black Pepper	Spice	High
Bihar	Forest	25-35 C	High	Kharif	Black Pepper	Spice	High
Bihar	Forest	25-35 C	High	Zaid	Black Pepper	Spice	High
Bihar	Forest	25-35 C	Medium	Rabi	Maize	Cereal	High
Bihar	Forest	25-35 C	Medium	Kharif	Maize	Cereal	High
Bihar	Forest	25-35 C	Medium	Zaid	Litchi	Fruit	High
Bihar	Forest	25-35 C	Low	Rabi	Black Pepper	Spice	Medium
Bihar	Forest	25-35 C	Low	Kharif	Black Pepper	Spice	Medium
Bihar	Forest	25-35 C	Low	Zaid	Black Pepper	Spice	Medium
Bihar	Forest	35-45 C	High	Rabi	Rice	Cereal	High
Bihar	Forest	35-45 C	High	Kharif	Rice	Cereal	High
Bihar	Forest	35-45 C	High	Zaid	Black Pepper	Spice	Medium
Bihar	Forest	35-45 C	Medium	Rabi	Apple	Fruit	Medium
Bihar	Forest	35-45 C	Medium	Kharif	Apple	Fruit	Medium
Bihar	Forest	35-45 C	Medium	Zaid	Apple	Fruit	Medium
Bihar	Forest	35-45 C	Low	Rabi	Rice	Cereal	Medium
Bihar	Forest	35-45 C	Low	Kharif	Black Gram (Urad)	Pulse	Medium
Bihar	Forest	35-45 C	Low	Zaid	Black Gram (Urad)	Pulse	Medium
Chhattisgarh	Alluvial	15-25 C	High	Rabi	Rice	Cereal	High
Chhattisgarh	Alluvial	15-25 C	High	Kharif	Rice	Cereal	High
Chhattisgarh	Alluvial	15-25 C	High	Zaid	Onion	Vegetable	Medium
Chhattisgarh	Alluvial	15-25 C	Medium	Rabi	Wheat	Cereal	High
Chhattisgarh	Alluvial	15-25 C	Medium	Kharif	Apple	Fruit	High
Chhattisgarh	Alluvial	15-25 C	Medium	Zaid	Onion	Vegetable	High
Chhattisgarh	Alluvial	15-25 C	Low	Rabi	Linseed	Oilseed	High
Chhattisgarh	Alluvial	15-25 C	Low	Kharif	Linseed	Oilseed	High
Chhattisgarh	Alluvial	15-25 C	Low	Zaid	Linseed	Oilseed	High
Chhattisgarh	Alluvial	25-35 C	High	Rabi	Rice	Cereal	High
Chhattisgarh	Alluvial	25-35 C	High	Kharif	Rice	Cereal	High
Chhattisgarh	Alluvial	25-35 C	High	Zaid	Arecanut	Plantation	High
Chhattisgarh	Alluvial	25-35 C	Medium	Rabi	Maize	Cereal	High
Chhattisgarh	Alluvial	25-35 C	Medium	Kharif	Maize	Cereal	High
Chhattisgarh	Alluvial	25-35 C	Medium	Zaid	Cucumber	Vegetable	High
Chhattisgarh	Alluvial	25-35 C	Low	Rabi	Rice	Cereal	High
Chhattisgarh	Alluvial	25-35 C	Low	Kharif	Black Gram (Urad)	Pulse	High
Chhattisgarh	Alluvial	25-35 C	Low	Zaid	Black Gram (Urad)	Pulse	High
Chhattisgarh	Alluvial	35-45 C	High	Rabi	Rice	Cereal	High
Chhattisgarh	Alluvial	35-45 C	High	Kharif	Rice	Cereal	High
Chhattisgarh	Alluvial	35-45 C	High	Zaid	Rice	Cereal	High
Chhattisgarh	Alluvial	35-45 C	Medium	Rabi	Rice	Cereal	High
Chhattisgarh	Alluvial	35-45 C	Medium	Kharif	Rice	Cereal	High
Chhattisgarh	Alluvial	35-45 C	Medium	Zaid	Cucumber	Vegetable	High
Chhattisgarh	Alluvial	35-45 C	Low	Rabi	Rice	Cereal	High
Chhattisgarh	Alluvial	35-45 C	Low	Kharif	Black Gram (Urad)	Pulse	High
Chhattisgarh	Alluvial	35-45 C	Low	Zaid	Black Gram (Urad)	Pulse	High
Chhattisgarh	Black	15-25 C	High	Rabi	Rice	Cereal	High
Chhattisgarh	Black	15-25 C	High	Kharif	Rice	Cereal	High
Chhattisgarh	Black	15-25 C	High	Zaid	Onion	Vegetable	Medium
Chhattisgarh	Black	15-25 C	Medium	Rabi	Wheat	Cereal	High
Chhattisgarh	Black	15-25 C	Medium	Kharif	Maize	Cereal	Medium
Chhattisgarh	Black	15-25 C	Medium	Zaid	Onion	Vegetable	High
Chhattisgarh	Black	15-25 C	Low	Rabi	Linseed	Oilseed	High
Chhattisgarh	Black	15-25 C	Low	Kharif	Linseed	Oilseed	High
Chhattisgarh	Black	15-25 C	Low	Zaid	Linseed	Oilseed	High
Chhattisgarh	Black	25-35 C	High	Rabi	Rice	Cereal	High
Chhattisgarh	Black	25-35 C	High	Kharif	Rice	Cereal	High
Chhattisgarh	Black	25-35 C	High	Zaid	Rice	Cereal	High
Chhattisgarh	Black	25-35 C	Medium	Rabi	Maize	Cereal	High
Chhattisgarh	Black	25-35 C	Medium	Kharif	Maize	Cereal	High
Chhattisgarh	Black	25-35 C	Medium	Zaid	Groundnut	Oilseed	High
Chhattisgarh	Black	25-35 C	Low	Rabi	Rice	Cereal	High
Chhattisgarh	Black	25-35 C	Low	Kharif	Black Gram (Urad)	Pulse	High
Chhattisgarh	Black	25-35 C	Low	Zaid	Black Gram (Urad)	Pulse	High
Chhattisgarh	Black	35-45 C	High	Rabi	Rice	Cereal	High
Chhattisgarh	Black	35-45 C	High	Kharif	Rice	Cereal	High
Chhattisgarh	Black	35-45 C	High	Zaid	Rice	Cereal	High
Chhattisgarh	Black	35-45 C	Medium	Rabi	Rice	Cereal	High
Chhattisgarh	Black	35-45 C	Medium	Kharif	Rice	Cereal	High
Chhattisgarh	Black	35-45 C	Medium	Zaid	Black Gram (Urad)	Pulse	Medium
Chhattisgarh	Black	35-45 C	Low	Rabi	Rice	Cereal	High
Chhattisgarh	Black	35-45 C	Low	Kharif	Black Gram (Urad)	Pulse	High
Chhattisgarh	Black	35-45 C	Low	Zaid	Black Gram (Urad)	Pulse	High
Chhattisgarh	Red	15-25 C	High	Rabi	Rice	Cereal	High
Chhattisgarh	Red	15-25 C	High	Kharif	Rice	Cereal	High
Chhattisgarh	Red	15-25 C	High	Zaid	Coffee	Plantation	High
Chhattisgarh	Red	15-25 C	Medium	Rabi	Tomato	Vegetable	High
Chhattisgarh	Red	15-25 C	Medium	Kharif	Finger Millet (Ragi)	Cereal	Medium
Chhattisgarh	Red	15-25 C	Medium	Zaid	Tomato	Vegetable	High
Chhattisgarh	Red	15-25 C	Low	Rabi	Linseed	Oilseed	High
Chhattisgarh	Red	15-25 C	Low	Kharif	Black Gram (Urad)	Pulse	Medium
Chhattisgarh	Red	15-25 C	Low	Zaid	Black Gram (Urad)	Pulse	Medium
Chhattisgarh	Red	25-35 C	High	Rabi	Rice	Cereal	High
Chhattisgarh	Red	25-35 C	High	Kharif	Rice	Cereal	High
Chhattisgarh	Red	25-35 C	High	Zaid	Banana	Fruit	High
Chhattisgarh	Red	25-35 C	Medium	Rabi	Maize	Cereal	High
Chhattisgarh	Red	25-35 C	Medium	Kharif	Finger Millet (Ragi)	Cereal	High
Chhattisgarh	Red	25-35 C	Medium	Zaid	Cucumber	Vegetable	High
Chhattisgarh	Red	25-35 C	Low	Rabi	Rice	Cereal	High
Chhattisgarh	Red	25-35 C	Low	Kharif	Black Gram (Urad)	Pulse	High
Chhattisgarh	Red	25-35 C	Low	Zaid	Black Gram (Urad)	Pulse	High
Chhattisgarh	Red	35-45 C	High	Rabi	Rice	Cereal	High
Chhattisgarh	Red	35-45 C	High	Kharif	Rice	Cereal	High
Chhattisgarh	Red	35-45 C	High	Zaid	Rice	Cereal	High
Chhattisgarh	Red	35-45 C	Medium	Rabi	Rice	Cereal	High
Chhattisgarh	Red	35-45 C	Medium	Kharif	Rice	Cereal	High
Chhattisgarh	Red	35-45 C	Medium	Zaid	Cucumber	Vegetable	High
Chhattisgarh	Red	35-45 C	Low	Rabi	Rice	Cereal	High
Chhattisgarh	Red	35-45 C	Low	Kharif	Black Gram (Urad)	Pulse	High
Chhattisgarh	Red	35-45 C	Low	Zaid	Black Gram (Urad)	Pulse	High
Chhattisgarh	Laterite	15-25 C	High	Rabi	Rice	Cereal	High
Chhattisgarh	Laterite	15-25 C	High	Kharif	Rice	Cereal	High
Chhattisgarh	Laterite	15-25 C	High	Zaid	Cardamom	Spice	High
Chhattisgarh	Laterite	15-25 C	Medium	Rabi	Rice	Cereal	Medium
Chhattisgarh	Laterite	15-25 C	Medium	Kharif	Finger Millet (Ragi)	Cereal	Medium
Chhattisgarh	Laterite	15-25 C	Medium	Zaid	Cardamom	Spice	Medium
Chhattisgarh	Laterite	15-25 C	Low	Rabi	Linseed	Oilseed	High
Chhattisgarh	Laterite	15-25 C	Low	Kharif	Rice	Cereal	Medium
Chhattisgarh	Laterite	15-25 C	Low	Zaid	Cardamom	Spice	Medium
Chhattisgarh	Laterite	25-35 C	High	Rabi	Rice	Cereal	High
Chhattisgarh	Laterite	25-35 C	High	Kharif	Rice	Cereal	High
Chhattisgarh	Laterite	25-35 C	High	Zaid	Arecanut	Plantation	High
Chhattisgarh	Laterite	25-35 C	Medium	Rabi	Rice	Cereal	High
Chhattisgarh	Laterite	25-35 C	Medium	Kharif	Finger Millet (Ragi)	Cereal	High
Chhattisgarh	Laterite	25-35 C	Medium	Zaid	Cashew	Plantation	High
Chhattisgarh	Laterite	25-35 C	Low	Rabi	Rice	Cereal	High
Chhattisgarh	Laterite	25-35 C	Low	Kharif	Rice	Cereal	High
Chhattisgarh	Laterite	25-35 C	Low	Zaid	Arecanut	Plantation	Medium
Chhattisgarh	Laterite	35-45 C	High	Rabi	Rice	Cereal	High
Chhattisgarh	Laterite	35-45 C	High	Kharif	Rice	Cereal	High
Chhattisgarh	Laterite	35-45 C	High	Zaid	Rice	Cereal	High
Chhattisgarh	Laterite	35-45 C	Medium	Rabi	Rice	Cereal	High
Chhattisgarh	Laterite	35-45 C	Medium	Kharif	Rice	Cereal	High
Chhattisgarh	Laterite	35-45 C	Medium	Zaid	Cashew	Plantation	Medium
Chhattisgarh	Laterite	35-45 C	Low	Rabi	Rice	Cereal	High
Chhattisgarh	Laterite	35-45 C	Low	Kharif	Rice	Cereal	High
Chhattisgarh	Laterite	35-45 C	Low	Zaid	Black Gram (Urad)	Pulse	Medium
Chhattisgarh	Desert	15-25 C	High	Rabi	Barley	Cereal	Medium
Chhattisgarh	Desert	15-25 C	High	Kharif	Rice	Cereal	Medium
Chhattisgarh	Desert	15-25 C	High	Zaid	Cardamom	Spice	Medium
Chhattisgarh	Desert	15-25 C	Medium	Rabi	Barley	Cereal	Medium
Chhattisgarh	Desert	15-25 C	Medium	Kharif	Apple	Fruit	Medium
Chhattisgarh	Desert	15-25 C	Medium	Zaid	Muskmelon	Vegetable	Medium
Chhattisgarh	Desert	15-25 C	Low	Rabi	Barley	Cereal	High
Chhattisgarh	Desert	15-25 C	Low	Kharif	Cluster Bean (Guar)	Pulse	Medium
Chhattisgarh	Desert	15-25 C	Low	Zaid	Green Gram (Moong)	Pulse	Medium
Chhattisgarh	Desert	25-35 C	High	Rabi	Rice	Cereal	High
Chhattisgarh	Desert	25-35 C	High	Kharif	Rice	Cereal	High
Chhattisgarh	Desert	25-35 C	High	Zaid	Green Gram (Moong)	Pulse	Medium
Chhattisgarh	Desert	25-35 C	Medium	Rabi	Maize	Cereal	Medium
Chhattisgarh	Desert	25-35 C	Medium	Kharif	Green Gram (Moong)	Pulse	Medium
Chhattisgarh	Desert	25-35 C	Medium	Zaid	Green Gram (Moong)	Pulse	Medium
Chhattisgarh	Desert	25-35 C	Low	Rabi	Barley	Cereal	Medium
Chhattisgarh	Desert	25-35 C	Low	Kharif	Green Gram (Moong)	Pulse	High
Chhattisgarh	Desert	25-35 C	Low	Zaid	Green Gram (Moong)	Pulse	High
Chhattisgarh	Desert	35-45 C	High	Rabi	Rice	Cereal	High
Chhattisgarh	Desert	35-45 C	High	Kharif	Rice	Cereal	High
Chhattisgarh	Desert	35-45 C	High	Zaid	Green Gram (Moong)	Pulse	Medium
Chhattisgarh	Desert	35-45 C	Medium	Rabi	Rice	Cereal	Medium
Chhattisgarh	Desert	35-45 C	Medium	Kharif	Cluster Bean (Guar)	Pulse	Medium
Chhattisgarh	Desert	35-45 C	Medium	Zaid	Muskmelon	Vegetable	High
Chhattisgarh	Desert	35-45 C	Low	Rabi	Barley	Cereal	Medium
Chhattisgarh	Desert	35-45 C	Low	Kharif	Cluster Bean (Guar)	Pulse	High
Chhattisgarh	Desert	35-45 C	Low	Zaid	Green Gram (Moong)	Pulse	High
Chhattisgarh	Forest	15-25 C	High	Rabi	Cardamom	Spice	High
Chhattisgarh	Forest	15-25 C	High	Kharif	Cardamom	Spice	High
Chhattisgarh	Forest	15-25 C	High	Zaid	Cardamom	Spice	High
Chhattisgarh	Forest	15-25 C	Medium	Rabi	Apple	Fruit	High
Chhattisgarh	Forest	15-25 C	Medium	Kharif	Apple	Fruit	High
Chhattisgarh	Forest	15-25 C	Medium	Zaid	Apple	Fruit	High
Chhattisgarh	Forest	15-25 C	Low	Rabi	Linseed	Oilseed	High
Chhattisgarh	Forest	15-25 C	Low	Kharif	Apple	Fruit	Medium
Chhattisgarh	Forest	15-25 C	Low	Zaid	Apple	Fruit	Medium
Chhattisgarh	Forest	25-35 C	High	Rabi	Black Pepper	Spice	High
Chhattisgarh	Forest	25-35 C	High	Kharif	Black Pepper	Spice	High
Chhattisgarh	Forest	25-35 C	High	Zaid	Black Pepper	Spice	High
Chhattisgarh	Forest	25-35 C	Medium	Rabi	Apple	Fruit	Medium
Chhattisgarh	Forest	25-35 C	Medium	Kharif	Apple	Fruit	Medium
Chhattisgarh	Forest	25-35 C	Medium	Zaid	Apple	Fruit	Medium
Chhattisgarh	Forest	25-35 C	Low	Rabi	Black Pepper	Spice	Medium
Chhattisgarh	Forest	25-35 C	Low	Kharif	Black Pepper	Spice	Medium
Chhattisgarh	Forest	25-35 C	Low	Zaid	Black Pepper	Spice	Medium
Chhattisgarh	Forest	35-45 C	High	Rabi	Rice	Cereal	High
Chhattisgarh	Forest	35-45 C	High	Kharif	Rice	Cereal	High
Chhattisgarh	Forest	35-45 C	High	Zaid	Black Pepper	Spice	Medium
Chhattisgarh	Forest	35-45 C	Medium	Rabi	Apple	Fruit	Medium
Chhattisgarh	Forest	35-45 C	Medium	Kharif	Apple	Fruit	Medium
Chhattisgarh	Forest	35-45 C	Medium	Zaid	Apple	Fruit	Medium
Chhattisgarh	Forest	35-45 C	Low	Rabi	Rice	Cereal	Medium
Chhattisgarh	Forest	35-45 C	Low	Kharif	Black Gram (Urad)	Pulse	Medium
Chhattisgarh	Forest	35-45 C	Low	Zaid	Black Gram (Urad)	Pulse	Medium
Goa	Alluvial	15-25 C	High	Rabi	Wheat	Cereal	High
Goa	Alluvial	15-25 C	High	Kharif	Coconut	Plantation	High
Goa	Alluvial	15-25 C	High	Zaid	Coconut	Plantation	High
Goa	Alluvial	15-25 C	Medium	Rabi	Wheat	Cereal	High
Goa	Alluvial	15-25 C	Medium	Kharif	Apple	Fruit	High
Goa	Alluvial	15-25 C	Medium	Zaid	Onion	Vegetable	High
Goa	Alluvial	15-25 C	Low	Rabi	Barley	Cereal	High
Goa	Alluvial	15-25 C	Low	Kharif	Black Gram (Urad)	Pulse	Medium
Goa	Alluvial	15-25 C	Low	Zaid	Black Gram (Urad)	Pulse	Medium
Goa	Alluvial	25-35 C	High	Rabi	Coconut	Plantation	High
Goa	Alluvial	25-35 C	High	Kharif	Coconut	Plantation	High
Goa	Alluvial	25-35 C	High	Zaid	Coconut	Plantation	High
Goa	Alluvial	25-35 C	Medium	Rabi	Mango	Fruit	High
Goa	Alluvial	25-35 C	Medium	Kharif	Mango	Fruit	High
Goa	Alluvial	25-35 C	Medium	Zaid	Mango	Fruit	High
Goa	Alluvial	25-35 C	Low	Rabi	Coconut	Plantation	High
Goa	Alluvial	25-35 C	Low	Kharif	Black Gram (Urad)	Pulse	High
Goa	Alluvial	25-35 C	Low	Zaid	Black Gram (Urad)	Pulse	High
Goa	Alluvial	35-45 C	High	Rabi	Rice	Cereal	High
Goa	Alluvial	35-45 C	High	Kharif	Rice	Cereal	High
Goa	Alluvial	35-45 C	High	Zaid	Coconut	Plantation	High
Goa	Alluvial	35-45 C	Medium	Rabi	Mango	Fruit	High
Goa	Alluvial	35-45 C	Medium	Kharif	Mango	Fruit	High
Goa	Alluvial	35-45 C	Medium	Zaid	Cucumber	Vegetable	High
Goa	Alluvial	35-45 C	Low	Rabi	Barley	Cereal	Medium
Goa	Alluvial	35-45 C	Low	Kharif	Black Gram (Urad)	Pulse	High
Goa	Alluvial	35-45 C	Low	Zaid	Black Gram (Urad)	Pulse	High
Goa	Black	15-25 C	High	Rabi	Wheat	Cereal	High
Goa	Black	15-25 C	High	Kharif	Rice	Cereal	Medium
Goa	Black	15-25 C	High	Zaid	Onion	Vegetable	Medium
Goa	Black	15-25 C	Medium	Rabi	Wheat	Cereal	High
Goa	Black	15-25 C	Medium	Kharif	Maize	Cereal	Medium
Goa	Black	15-25 C	Medium	Zaid	Onion	Vegetable	High
Goa	Black	15-25 C	Low	Rabi	Gram (Chickpea)	Pulse	High
Goa	Black	15-25 C	Low	Kharif	Black Gram (Urad)	Pulse	Medium
Goa	Black	15-25 C	Low	Zaid	Black Gram (Urad)	Pulse	Medium
Goa	Black	25-35 C	High	Rabi	Rice	Cereal	High
Goa	Black	25-35 C	High	Kharif	Rice	Cereal	High
Goa	Black	25-35 C	High	Zaid	Coconut	Plantation	High
Goa	Black	25-35 C	Medium	Rabi	Maize	Cereal	High
Goa	Black	25-35 C	Medium	Kharif	Maize	Cereal	High
Goa	Black	25-35 C	Medium	Zaid	Groundnut	Oilseed	High
Goa	Black	25-35 C	Low	Rabi	Sorghum (Jowar)	Cereal	High
Goa	Black	25-35 C	Low	Kharif	Black Gram (Urad)	Pulse	High
Goa	Black	25-35 C	Low	Zaid	Black Gram (Urad)	Pulse	High
Goa	Black	35-45 C	High	Rabi	Rice	Cereal	High
Goa	Black	35-45 C	High	Kharif	Rice	Cereal	High
Goa	Black	35-45 C	High	Zaid	Black Gram (Urad)	Pulse	Medium
Goa	Black	35-45 C	Medium	Rabi	Sorghum (Jowar)	Cereal	High
Goa	Black	35-45 C	Medium	Kharif	Sorghum (Jowar)	Cereal	High
Goa	Black	35-45 C	Medium	Zaid	Black Gram (Urad)	Pulse	Medium
Goa	Black	35-45 C	Low	Rabi	Sorghum (Jowar)	Cereal	High
Goa	Black	35-45 C	Low	Kharif	Black Gram (Urad)	Pulse	High
Goa	Black	35-45 C	Low	Zaid	Black Gram (Urad)	Pulse	High
Goa	Red	15-25 C	High	Rabi	Coffee	Plantation	High
Goa	Red	15-25 C	High	Kharif	Coffee	Plantation	High
Goa	Red	15-25 C	High	Zaid	Coffee	Plantation	High
Goa	Red	15-25 C	Medium	Rabi	Tomato	Vegetable	High
Goa	Red	15-25 C	Medium	Kharif	Cashew	Plantation	High
Goa	Red	15-25 C	Medium	Zaid	Tomato	Vegetable	High
Goa	Red	15-25 C	Low	Rabi	Sorghum (Jowar)	Cereal	Medium
Goa	Red	15-25 C	Low	Kharif	Black Gram (Urad)	Pulse	Medium
Goa	Red	15-25 C	Low	Zaid	Black Gram (Urad)	Pulse	Medium
Goa	Red	25-35 C	High	Rabi	Rice	Cereal	High
Goa	Red	25-35 C	High	Kharif	Rice	Cereal	High
Goa	Red	25-35 C	High	Zaid	Banana	Fruit	High
Goa	Red	25-35 C	Medium	Rabi	Cashew	Plantation	High
Goa	Red	25-35 C	Medium	Kharif	Cashew	Plantation	High
Goa	Red	25-35 C	Medium	Zaid	Cashew	Plantation	High
Goa	Red	25-35 C	Low	Rabi	Sorghum (Jowar)	Cereal	High
Goa	Red	25-35 C	Low	Kharif	Black Gram (Urad)	Pulse	High
Goa	Red	25-35 C	Low	Zaid	Black Gram (Urad)	Pulse	High
Goa	Red	35-45 C	High	Rabi	Rice	Cereal	High
Goa	Red	35-45 C	High	Kharif	Rice	Cereal	High
Goa	Red	35-45 C	High	Zaid	Black Gram (Urad)	Pulse	Medium
Goa	Red	35-45 C	Medium	Rabi	Sorghum (Jowar)	Cereal	High
Goa	Red	35-45 C	Medium	Kharif	Sorghum (Jowar)	Cereal	High
Goa	Red	35-45 C	Medium	Zaid	Cucumber	Vegetable	High
Goa	Red	35-45 C	Low	Rabi	Sorghum (Jowar)	Cereal	High
Goa	Red	35-45 C	Low	Kharif	Black Gram (Urad)	Pulse	High
Goa	Red	35-45 C	Low	Zaid	Black Gram (Urad)	Pulse	High
Goa	Laterite	15-25 C	High	Rabi	Cardamom	Spice	High
Goa	Laterite	15-25 C	High	Kharif	Cardamom	Spice	High
Goa	Laterite	15-25 C	High	Zaid	Cardamom	Spice	High
Goa	Laterite	15-25 C	Medium	Rabi	Cashew	Plantation	High
Goa	Laterite	15-25 C	Medium	Kharif	Cashew	Plantation	High
Goa	Laterite	15-25 C	Medium	Zaid	Cashew	Plantation	High
Goa	Laterite	15-25 C	Low	Rabi	Cardamom	Spice	Medium
Goa	Laterite	15-25 C	Low	Kharif	Cardamom	Spice	Medium
Goa	Laterite	15-25 C	Low	Zaid	Cardamom	Spice	Medium
Goa	Laterite	25-35 C	High	Rabi	Coconut	Plantation	High
Goa	Laterite	25-35 C	High	Kharif	Coconut	Plantation	High
Goa	Laterite	25-35 C	High	Zaid	Coconut	Plantation	High
Goa	Laterite	25-35 C	Medium	Rabi	Cashew	Plantation	High
Goa	Laterite	25-35 C	Medium	Kharif	Cashew	Plantation	High
Goa	Laterite	25-35 C	Medium	Zaid	Cashew	Plantation	High
Goa	Laterite	25-35 C	Low	Rabi	Cashew	Plantation	High
Goa	Laterite	25-35 C	Low	Kharif	Cashew	Plantation	High
Goa	Laterite	25-35 C	Low	Zaid	Cashew	Plantation	High
Goa	Laterite	35-45 C	High	Rabi	Rice	Cereal	High
Goa	Laterite	35-45 C	High	Kharif	Rice	Cereal	High
Goa	Laterite	35-45 C	High	Zaid	Coconut	Plantation	High
Goa	Laterite	35-45 C	Medium	Rabi	Cashew	Plantation	High
Goa	Laterite	35-45 C	Medium	Kharif	Cashew	Plantation	High
Goa	Laterite	35-45 C	Medium	Zaid	Cashew	Plantation	High
Goa	Laterite	35-45 C	Low	Rabi	Rice	Cereal	Medium
Goa	Laterite	35-45 C	Low	Kharif	Rice	Cereal	Medium
Goa	Laterite	35-45 C	Low	Zaid	Cashew	Plantation	Medium
Goa	Desert	15-25 C	High	Rabi	Barley	Cereal	Medium
Goa	Desert	15-25 C	High	Kharif	Cardamom	Spice	Medium
Goa	Desert	15-25 C	High	Zaid	Cardamom	Spice	Medium
Goa	Desert	15-25 C	Medium	Rabi	Barley	Cereal	Medium
Goa	Desert	15-25 C	Medium	Kharif	Apple	Fruit	Medium
Goa	Desert	15-25 C	Medium	Zaid	Muskmelon	Vegetable	Medium
Goa	Desert	15-25 C	Low	Rabi	Barley	Cereal	High
Goa	Desert	15-25 C	Low	Kharif	Cluster Bean (Guar)	Pulse	Medium
Goa	Desert	15-25 C	Low	Zaid	Green Gram (Moong)	Pulse	Medium
Goa	Desert	25-35 C	High	Rabi	Coconut	Plantation	High
Goa	Desert	25-35 C	High	Kharif	Coconut	Plantation	High
Goa	Desert	25-35 C	High	Zaid	Coconut	Plantation	High
Goa	Desert	25-35 C	Medium	Rabi	Cashew	Plantation	High
Goa	Desert	25-35 C	Medium	Kharif	Cashew	Plantation	High
Goa	Desert	25-35 C	Medium	Zaid	Cashew	Plantation	High
Goa	Desert	25-35 C	Low	Rabi	Barley	Cereal	Medium
Goa	Desert	25-35 C	Low	Kharif	Green Gram (Moong)	Pulse	High
Goa	Desert	25-35 C	Low	Zaid	Green Gram (Moong)	Pulse	High
Goa	Desert	35-45 C	High	Rabi	Rice	Cereal	Medium
Goa	Desert	35-45 C	High	Kharif	Cluster Bean (Guar)	Pulse	Medium
Goa	Desert	35-45 C	High	Zaid	Green Gram (Moong)	Pulse	Medium
Goa	Desert	35-45 C	Medium	Rabi	Sorghum (Jowar)	Cereal	Medium
Goa	Desert	35-45 C	Medium	Kharif	Cluster Bean (Guar)	Pulse	Medium
Goa	Desert	35-45 C	Medium	Zaid	Muskmelon	Vegetable	High
Goa	Desert	35-45 C	Low	Rabi	Barley	Cereal	Medium
Goa	Desert	35-45 C	Low	Kharif	Cluster Bean (Guar)	Pulse	High
Goa	Desert	35-45 C	Low	Zaid	Green Gram (Moong)	Pulse	High
Goa	Forest	15-25 C	High	Rabi	Cardamom	Spice	High
Goa	Forest	15-25 C	High	Kharif	Cardamom	Spice	High
Goa	Forest	15-25 C	High	Zaid	Cardamom	Spice	High
Goa	Forest	15-25 C	Medium	Rabi	Apple	Fruit	High
Goa	Forest	15-25 C	Medium	Kharif	Apple	Fruit	High
Goa	Forest	15-25 C	Medium	Zaid	Apple	Fruit	High
Goa	Forest	15-25 C	Low	Rabi	Apple	Fruit	Medium
Goa	Forest	15-25 C	Low	Kharif	Apple	Fruit	Medium
Goa	Forest	15-25 C	Low	Zaid	Apple	Fruit	Medium
Goa	Forest	25-35 C	High	Rabi	Black Pepper	Spice	High
Goa	Forest	25-35 C	High	Kharif	Black Pepper	Spice	High
Goa	Forest	25-35 C	High	Zaid	Black Pepper	Spice	High
Goa	Forest	25-35 C	Medium	Rabi	Cashew	Plantation	High
Goa	Forest	25-35 C	Medium	Kharif	Cashew	Plantation	High
Goa	Forest	25-35 C	Medium	Zaid	Cashew	Plantation	High
Goa	Forest	25-35 C	Low	Rabi	Black Pepper	Spice	Medium
Goa	Forest	25-35 C	Low	Kharif	Black Pepper	Spice	Medium
Goa	Forest	25-35 C	Low	Zaid	Black Pepper	Spice	Medium
Goa	Forest	35-45 C	High	Rabi	Black Pepper	Spice	Medium
Goa	Forest	35-45 C	High	Kharif	Black Pepper	Spice	Medium
Goa	Forest	35-45 C	High	Zaid	Black Pepper	Spice	Medium
Goa	Forest	35-45 C	Medium	Rabi	Apple	Fruit	Medium
Goa	Forest	35-45 C	Medium	Kharif	Apple	Fruit	Medium
Goa	Forest	35-45 C	Medium	Zaid	Apple	Fruit	Medium
Goa	Forest	35-45 C	Low	Rabi	Sorghum (Jowar)	Cereal	Medium
Goa	Forest	35-45 C	Low	Kharif	Black Gram (Urad)	Pulse	Medium
Goa	Forest	35-45 C	Low	Zaid	Black Gram (Urad)	Pulse	Medium
Gujarat	Alluvial	15-25 C	High	Rabi	Wheat	Cereal	High
Gujarat	Alluvial	15-25 C	High	Kharif	Banana	Fruit	High
Gujarat	Alluvial	15-25 C	High	Zaid	Onion	Vegetable	High
Gujarat	Alluvial	15-25 C	Medium	Rabi	Onion	Vegetable	High
Gujarat	Alluvial	15-25 C	Medium	Kharif	Groundnut	Oilseed	High
Gujarat	Alluvial	15-25 C	Medium	Zaid	Onion	Vegetable	High
Gujarat	Alluvial	15-25 C	Low	Rabi	Barley	Cereal	High
Gujarat	Alluvial	15-25 C	Low	Kharif	Pearl Millet (Bajra)	Cereal	High
Gujarat	Alluvial	15-25 C	Low	Zaid	Onion	Vegetable	High
Gujarat	Alluvial	25-35 C	High	Rabi	Banana	Fruit	High
Gujarat	Alluvial	25-35 C	High	Kharif	Banana	Fruit	High
Gujarat	Alluvial	25-35 C	High	Zaid	Banana	Fruit	High
Gujarat	Alluvial	25-35 C	Medium	Rabi	Onion	Vegetable	High
Gujarat	Alluvial	25-35 C	Medium	Kharif	Groundnut	Oilseed	High
Gujarat	Alluvial	25-35 C	Medium	Zaid	Groundnut	Oilseed	High
Gujarat	Alluvial	25-35 C	Low	Rabi	Onion	Vegetable	High
Gujarat	Alluvial	25-35 C	Low	Kharif	Black Gram (Urad)	Pulse	High
Gujarat	Alluvial	25-35 C	Low	Zaid	Black Gram (Urad)	Pulse	High
Gujarat	Alluvial	35-45 C	High	Rabi	Rice	Cereal	High
Gujarat	Alluvial	35-45 C	High	Kharif	Pearl Millet (Bajra)	Cereal	High
Gujarat	Alluvial	35-45 C	High	Zaid	Banana	Fruit	High
Gujarat	Alluvial	35-45 C	Medium	Rabi	Onion	Vegetable	High
Gujarat	Alluvial	35-45 C	Medium	Kharif	Pearl Millet (Bajra)	Cereal	High
Gujarat	Alluvial	35-45 C	Medium	Zaid	Cucumber	Vegetable	High
Gujarat	Alluvial	35-45 C	Low	Rabi	Pearl Millet (Bajra)	Cereal	High
Gujarat	Alluvial	35-45 C	Low	Kharif	Pearl Millet (Bajra)	Cereal	High
Gujarat	Alluvial	35-45 C	Low	Zaid	Black Gram (Urad)	Pulse	High
Gujarat	Black	15-25 C	High	Rabi	Wheat	Cereal	High
Gujarat	Black	15-25 C	High	Kharif	Rice	Cereal	Medium
Gujarat	Black	15-25 C	High	Zaid	Onion	Vegetable	High
Gujarat	Black	15-25 C	Medium	Rabi	Onion	Vegetable	High
Gujarat	Black	15-25 C	Medium	Kharif	Cotton	Cash Crop	High
Gujarat	Black	15-25 C	Medium	Zaid	Onion	Vegetable	High
Gujarat	Black	15-25 C	Low	Rabi	Gram (Chickpea)	Pulse	High
Gujarat	Black	15-25 C	Low	Kharif	Castor	Oilseed	High
Gujarat	Black	15-25 C	Low	Zaid	Onion	Vegetable	High
Gujarat	Black	25-35 C	High	Rabi	Rice	Cereal	High
Gujarat	Black	25-35 C	High	Kharif	Rice	Cereal	High
Gujarat	Black	25-35 C	High	Zaid	Groundnut	Oilseed	High
Gujarat	Black	25-35 C	Medium	Rabi	Onion	Vegetable	High
Gujarat	Black	25-35 C	Medium	Kharif	Cotton	Cash Crop	High
Gujarat	Black	25-35 C	Medium	Zaid	Groundnut	Oilseed	High
Gujarat	Black	25-35 C	Low	Rabi	Sorghum (Jowar)	Cereal	High
Gujarat	Black	25-35 C	Low	Kharif	Castor	Oilseed	High
Gujarat	Black	25-35 C	Low	Zaid	Black Gram (Urad)	Pulse	High
Gujarat	Black	35-45 C	High	Rabi	Rice	Cereal	High
Gujarat	Black	35-45 C	High	Kharif	Rice	Cereal	High
Gujarat	Black	35-45 C	High	Zaid	Black Gram (Urad)	Pulse	Medium
Gujarat	Black	35-45 C	Medium	Rabi	Sorghum (Jowar)	Cereal	High
Gujarat	Black	35-45 C	Medium	Kharif	Cotton	Cash Crop	High
Gujarat	Black	35-45 C	Medium	Zaid	Groundnut	Oilseed	High
Gujarat	Black	35-45 C	Low	Rabi	Sorghum (Jowar)	Cereal	High
Gujarat	Black	35-45 C	Low	Kharif	Castor	Oilseed	High
Gujarat	Black	35-45 C	Low	Zaid	Black Gram (Urad)	Pulse	High
Gujarat	Red	15-25 C	High	Rabi	Banana	Fruit	High
Gujarat	Red	15-25 C	High	Kharif	Banana	Fruit	High
Gujarat	Red	15-25 C	High	Zaid	Banana	Fruit	High
Gujarat	Red	15-25 C	Medium	Rabi	Tobacco	Cash Crop	High
Gujarat	Red	15-25 C	Medium	Kharif	Groundnut	Oilseed	High
Gujarat	Red	15-25 C	Medium	Zaid	Groundnut	Oilseed	High
Gujarat	Red	15-25 C	Low	Rabi	Sorghum (Jowar)	Cereal	Medium
Gujarat	Red	15-25 C	Low	Kharif	Cluster Bean (Guar)	Pulse	High
Gujarat	Red	15-25 C	Low	Zaid	Black Gram (Urad)	Pulse	Medium
Gujarat	Red	25-35 C	High	Rabi	Banana	Fruit	High
Gujarat	Red	25-35 C	High	Kharif	Banana	Fruit	High
Gujarat	Red	25-35 C	High	Zaid	Banana	Fruit	High
Gujarat	Red	25-35 C	Medium	Rabi	Tobacco	Cash Crop	High
Gujarat	Red	25-35 C	Medium	Kharif	Groundnut	Oilseed	High
Gujarat	Red	25-35 C	Medium	Zaid	Groundnut	Oilseed	High
Gujarat	Red	25-35 C	Low	Rabi	Sorghum (Jowar)	Cereal	High
Gujarat	Red	25-35 C	Low	Kharif	Castor	Oilseed	High
Gujarat	Red	25-35 C	Low	Zaid	Black Gram (Urad)	Pulse	High
Gujarat	Red	35-45 C	High	Rabi	Rice	Cereal	High
Gujarat	Red	35-45 C	High	Kharif	Cluster Bean (Guar)	Pulse	High
Gujarat	Red	35-45 C	High	Zaid	Banana	Fruit	High
Gujarat	Red	35-45 C	Medium	Rabi	Sorghum (Jowar)	Cereal	High
Gujarat	Red	35-45 C	Medium	Kharif	Cluster Bean (Guar)	Pulse	High
Gujarat	Red	35-45 C	Medium	Zaid	Cucumber	Vegetable	High
Gujarat	Red	35-45 C	Low	Rabi	Sorghum (Jowar)	Cereal	High
Gujarat	Red	35-45 C	Low	Kharif	Cluster Bean (Guar)	Pulse	High
Gujarat	Red	35-45 C	Low	Zaid	Black Gram (Urad)	Pulse	High
Gujarat	Laterite	15-25 C	High	Rabi	Banana	Fruit	High
Gujarat	Laterite	15-25 C	High	Kharif	Banana	Fruit	High
Gujarat	Laterite	15-25 C	High	Zaid	Banana	Fruit	High
Gujarat	Laterite	15-25 C	Medium	Rabi	Onion	Vegetable	High
Gujarat	Laterite	15-25 C	Medium	Kharif	Finger Millet (Ragi)	Cereal	Medium
Gujarat	Laterite	15-25 C	Medium	Zaid	Onion	Vegetable	High
Gujarat	Laterite	15-25 C	Low	Rabi	Banana	Fruit	Medium
Gujarat	Laterite	15-25 C	Low	Kharif	Banana	Fruit	Medium
Gujarat	Laterite	15-25 C	Low	Zaid	Banana	Fruit	Medium
Gujarat	Laterite	25-35 C	High	Rabi	Banana	Fruit	High
Gujarat	Laterite	25-35 C	High	Kharif	Banana	Fruit	High
Gujarat	Laterite	25-35 C	High	Zaid	Banana	Fruit	High
Gujarat	Laterite	25-35 C	Medium	Rabi	Banana	Fruit	High
Gujarat	Laterite	25-35 C	Medium	Kharif	Finger Millet (Ragi)	Cereal	High
Gujarat	Laterite	25-35 C	Medium	Zaid	Banana	Fruit	High
Gujarat	Laterite	25-35 C	Low	Rabi	Banana	Fruit	High
Gujarat	Laterite	25-35 C	Low	Kharif	Banana	Fruit	High
Gujarat	Laterite	25-35 C	Low	Zaid	Banana	Fruit	High
Gujarat	Laterite	35-45 C	High	Rabi	Rice	Cereal	High
Gujarat	Laterite	35-45 C	High	Kharif	Rice	Cereal	High
Gujarat	Laterite	35-45 C	High	Zaid	Banana	Fruit	High
Gujarat	Laterite	35-45 C	Medium	Rabi	Rice	Cereal	Medium
Gujarat	Laterite	35-45 C	Medium	Kharif	Cotton	Cash Crop	High
Gujarat	Laterite	35-45 C	Medium	Zaid	Banana	Fruit	Medium
Gujarat	Laterite	35-45 C	Low	Rabi	Rice	Cereal	Medium
Gujarat	Laterite	35-45 C	Low	Kharif	Cluster Bean (Guar)	Pulse	High
Gujarat	Laterite	35-45 C	Low	Zaid	Banana	Fruit	Medium
Gujarat	Desert	15-25 C	High	Rabi	Barley	Cereal	Medium
Gujarat	Desert	15-25 C	High	Kharif	Cluster Bean (Guar)	Pulse	Medium
Gujarat	Desert	15-25 C	High	Zaid	Onion	Vegetable	Medium
Gujarat	Desert	15-25 C	Medium	Rabi	Onion	Vegetable	High
Gujarat	Desert	15-25 C	Medium	Kharif	Cluster Bean (Guar)	Pulse	Medium
Gujarat	Desert	15-25 C	Medium	Zaid	Onion	Vegetable	High
Gujarat	Desert	15-25 C	Low	Rabi	Barley	Cereal	High
Gujarat	Desert	15-25 C	Low	Kharif	Cluster Bean (Guar)	Pulse	High
Gujarat	Desert	15-25 C	Low	Zaid	Green Gram (Moong)	Pulse	Medium
Gujarat	Desert	25-35 C	High	Rabi	Banana	Fruit	High
Gujarat	Desert	25-35 C	High	Kharif	Banana	Fruit	High
Gujarat	Desert	25-35 C	High	Zaid	Banana	Fruit	High
Gujarat	Desert	25-35 C	Medium	Rabi	Onion	Vegetable	High
Gujarat	Desert	25-35 C	Medium	Kharif	Cotton	Cash Crop	High
Gujarat	Desert	25-35 C	Medium	Zaid	Groundnut	Oilseed	High
Gujarat	Desert	25-35 C	Low	Rabi	Barley	Cereal	Medium
Gujarat	Desert	25-35 C	Low	Kharif	Cluster Bean (Guar)	Pulse	High
Gujarat	Desert	25-35 C	Low	Zaid	Green Gram (Moong)	Pulse	High
Gujarat	Desert	35-45 C	High	Rabi	Cluster Bean (Guar)	Pulse	Medium
Gujarat	Desert	35-45 C	High	Kharif	Cluster Bean (Guar)	Pulse	High
Gujarat	Desert	35-45 C	High	Zaid	Green Gram (Moong)	Pulse	Medium
Gujarat	Desert	35-45 C	Medium	Rabi	Cluster Bean (Guar)	Pulse	Medium
Gujarat	Desert	35-45 C	Medium	Kharif	Cluster Bean (Guar)	Pulse	High
Gujarat	Desert	35-45 C	Medium	Zaid	Muskmelon	Vegetable	High
Gujarat	Desert	35-45 C	Low	Rabi	Cluster Bean (Guar)	Pulse	High
Gujarat	Desert	35-45 C	Low	Kharif	Cluster Bean (Guar)	Pulse	High
Gujarat	Desert	35-45 C	Low	Zaid	Green Gram (Moong)	Pulse	High
Gujarat	Forest	15-25 C	High	Rabi	Cardamom	Spice	High
Gujarat	Forest	15-25 C	High	Kharif	Cardamom	Spice	High
Gujarat	Forest	15-25 C	High	Zaid	Cardamom	Spice	High
Gujarat	Forest	15-25 C	Medium	Rabi	Apple	Fruit	High
Gujarat	Forest	15-25 C	Medium	Kharif	Apple	Fruit	High
Gujarat	Forest	15-25 C	Medium	Zaid	Apple	Fruit	High
Gujarat	Forest	15-25 C	Low	Rabi	Apple	Fruit	Medium
Gujarat	Forest	15-25 C	Low	Kharif	Apple	Fruit	Medium
Gujarat	Forest	15-25 C	Low	Zaid	Apple	Fruit	Medium
Gujarat	Forest	25-35 C	High	Rabi	Black Pepper	Spice	High
Gujarat	Forest	25-35 C	High	Kharif	Black Pepper	Spice	High
Gujarat	Forest	25-35 C	High	Zaid	Black Pepper	Spice	High
Gujarat	Forest	25-35 C	Medium	Rabi	Onion	Vegetable	High
Gujarat	Forest	25-35 C	Medium	Kharif	Cotton	Cash Crop	High
Gujarat	Forest	25-35 C	Medium	Zaid	Groundnut	Oilseed	High
Gujarat	Forest	25-35 C	Low	Rabi	Black Pepper	Spice	Medium
Gujarat	Forest	25-35 C	Low	Kharif	Castor	Oilseed	High
Gujarat	Forest	25-35 C	Low	Zaid	Black Pepper	Spice	Medium
Gujarat	Forest	35-45 C	High	Rabi	Black Pepper	Spice	Medium
Gujarat	Forest	35-45 C	High	Kharif	Black Pepper	Spice	Medium
Gujarat	Forest	35-45 C	High	Zaid	Black Pepper	Spice	Medium
Gujarat	Forest	35-45 C	Medium	Rabi	Apple	Fruit	Medium
Gujarat	Forest	35-45 C	Medium	Kharif	Cotton	Cash Crop	High
Gujarat	Forest	35-45 C	Medium	Zaid	Apple	Fruit	Medium
Gujarat	Forest	35-45 C	Low	Rabi	Sorghum (Jowar)	Cereal	Medium
Gujarat	Forest	35-45 C	Low	Kharif	Cluster Bean (Guar)	Pulse	High
Gujarat	Forest	35-45 C	Low	Zaid	Black Gram (Urad)	Pulse	Medium
Haryana	Alluvial	15-25 C	High	Rabi	Wheat	Cereal	High
Haryana	Alluvial	15-25 C	High	Kharif	Wheat	Cereal	High
Haryana	Alluvial	15-25 C	High	Zaid	Wheat	Cereal	High
Haryana	Alluvial	15-25 C	Medium	Rabi	Wheat	Cereal	High
Haryana	Alluvial	15-25 C	Medium	Kharif	Apple	Fruit	High
Haryana	Alluvial	15-25 C	Medium	Zaid	Onion	Vegetable	High
Haryana	Alluvial	15-25 C	Low	Rabi	Mustard	Oilseed	High
Haryana	Alluvial	15-25 C	Low	Kharif	Pearl Millet (Bajra)	Cereal	High
Haryana	Alluvial	15-25 C	Low	Zaid	Mustard	Oilseed	High
Haryana	Alluvial	25-35 C	High	Rabi	Rice	Cereal	High
Haryana	Alluvial	25-35 C	High	Kharif	Rice	Cereal	High
Haryana	Alluvial	25-35 C	High	Zaid	Arecanut	Plantation	High
Haryana	Alluvial	25-35 C	Medium	Rabi	Maize	Cereal	High
Haryana	Alluvial	25-35 C	Medium	Kharif	Maize	Cereal	High
Haryana	Alluvial	25-35 C	Medium	Zaid	Cucumber	Vegetable	High
Haryana	Alluvial	25-35 C	Low	Rabi	Mustard	Oilseed	High
Haryana	Alluvial	25-35 C	Low	Kharif	Black Gram (Urad)	Pulse	High
Haryana	Alluvial	25-35 C	Low	Zaid	Black Gram (Urad)	Pulse	High
Haryana	Alluvial	35-45 C	High	Rabi	Rice	Cereal	High
Haryana	Alluvial	35-45 C	High	Kharif	Pearl Millet (Bajra)	Cereal	High
Haryana	Alluvial	35-45 C	High	Zaid	Black Gram (Urad)	Pulse	Medium
Haryana	Alluvial	35-45 C	Medium	Rabi	Wheat	Cereal	High
Haryana	Alluvial	35-45 C	Medium	Kharif	Pearl Millet (Bajra)	Cereal	High
Haryana	Alluvial	35-45 C	Medium	Zaid	Cucumber	Vegetable	High
Haryana	Alluvial	35-45 C	Low	Rabi	Mustard	Oilseed	High
Haryana	Alluvial	35-45 C	Low	Kharif	Pearl Millet (Bajra)	Cereal	High
Haryana	Alluvial	35-45 C	Low	Zaid	Black Gram (Urad)	Pulse	High
Haryana	Black	15-25 C	High	Rabi	Wheat	Cereal	High
Haryana	Black	15-25 C	High	Kharif	Wheat	Cereal	High
Haryana	Black	15-25 C	High	Zaid	Wheat	Cereal	High
Haryana	Black	15-25 C	Medium	Rabi	Wheat	Cereal	High
Haryana	Black	15-25 C	Medium	Kharif	Cotton	Cash Crop	High
Haryana	Black	15-25 C	Medium	Zaid	Onion	Vegetable	High
Haryana	Black	15-25 C	Low	Rabi	Mustard	Oilseed	High
Haryana	Black	15-25 C	Low	Kharif	Mustard	Oilseed	High
Haryana	Black	15-25 C	Low	Zaid	Mustard	Oilseed	High
Haryana	Black	25-35 C	High	Rabi	Rice	Cereal	High
Haryana	Black	25-35 C	High	Kharif	Rice	Cereal	High
Haryana	Black	25-35 C	High	Zaid	Black Gram (Urad)	Pulse	Medium
Haryana	Black	25-35 C	Medium	Rabi	Maize	Cereal	High
Haryana	Black	25-35 C	Medium	Kharif	Cotton	Cash Crop	High
Haryana	Black	25-35 C	Medium	Zaid	Groundnut	Oilseed	High
Haryana	Black	25-35 C	Low	Rabi	Sorghum (Jowar)	Cereal	High
Haryana	Black	25-35 C	Low	Kharif	Black Gram (Urad)	Pulse	High
Haryana	Black	25-35 C	Low	Zaid	Black Gram (Urad)	Pulse	High
Haryana	Black	35-45 C	High	Rabi	Rice	Cereal	High
Haryana	Black	35-45 C	High	Kharif	Rice	Cereal	High
Haryana	Black	35-45 C	High	Zaid	Black Gram (Urad)	Pulse	Medium
Haryana	Black	35-45 C	Medium	Rabi	Sorghum (Jowar)	Cereal	High
Haryana	Black	35-45 C	Medium	Kharif	Cotton	Cash Crop	High
Haryana	Black	35-45 C	Medium	Zaid	Cotton	Cash Crop	High
Haryana	Black	35-45 C	Low	Rabi	Sorghum (Jowar)	Cereal	High
Haryana	Black	35-45 C	Low	Kharif	Black Gram (Urad)	Pulse	High
Haryana	Black	35-45 C	Low	Zaid	Black Gram (Urad)	Pulse	High
Haryana	Red	15-25 C	High	Rabi	Coffee	Plantation	High
Haryana	Red	15-25 C	High	Kharif	Coffee	Plantation	High
Haryana	Red	15-25 C	High	Zaid	Coffee	Plantation	High
Haryana	Red	15-25 C	Medium	Rabi	Tomato	Vegetable	High
Haryana	Red	15-25 C	Medium	Kharif	Cluster Bean (Guar)	Pulse	Medium
Haryana	Red	15-25 C	Medium	Zaid	Tomato	Vegetable	High
Haryana	Red	15-25 C	Low	Rabi	Mustard	Oilseed	High
Haryana	Red	15-25 C	Low	Kharif	Cluster Bean (Guar)	Pulse	High
Haryana	Red	15-25 C	Low	Zaid	Black Gram (Urad)	Pulse	Medium
Haryana	Red	25-35 C	High	Rabi	Rice	Cereal	High
Haryana	Red	25-35 C	High	Kharif	Rice	Cereal	High
Haryana	Red	25-35 C	High	Zaid	Banana	Fruit	High
Haryana	Red	25-35 C	Medium	Rabi	Maize	Cereal	High
Haryana	Red	25-35 C	Medium	Kharif	Finger Millet (Ragi)	Cereal	High
Haryana	Red	25-35 C	Medium	Zaid	Cucumber	Vegetable	High
Haryana	Red	25-35 C	Low	Rabi	Sorghum (Jowar)	Cereal	High
Haryana	Red	25-35 C	Low	Kharif	Black Gram (Urad)	Pulse	High
Haryana	Red	25-35 C	Low	Zaid	Black Gram (Urad)	Pulse	High
Haryana	Red	35-45 C	High	Rabi	Rice	Cereal	High
Haryana	Red	35-45 C	High	Kharif	Cluster Bean (Guar)	Pulse	High
Haryana	Red	35-45 C	High	Zaid	Black Gram (Urad)	Pulse	Medium
Haryana	Red	35-45 C	Medium	Rabi	Sorghum (Jowar)	Cereal	High
Haryana	Red	35-45 C	Medium	Kharif	Cluster Bean (Guar)	Pulse	High
Haryana	Red	35-45 C	Medium	Zaid	Cucumber	Vegetable	High
Haryana	Red	35-45 C	Low	Rabi	Sorghum (Jowar)	Cereal	High
Haryana	Red	35-45 C	Low	Kharif	Cluster Bean (Guar)	Pulse	High
Haryana	Red	35-45 C	Low	Zaid	Black Gram (Urad)	Pulse	High
Haryana	Laterite	15-25 C	High	Rabi	Cardamom	Spice	High
Haryana	Laterite	15-25 C	High	Kharif	Cardamom	Spice	High
Haryana	Laterite	15-25 C	High	Zaid	Cardamom	Spice	High
Haryana	Laterite	15-25 C	Medium	Rabi	Wheat	Cereal	High
Haryana	Laterite	15-25 C	Medium	Kharif	Finger Millet (Ragi)	Cereal	Medium
Haryana	Laterite	15-25 C	Medium	Zaid	Cardamom	Spice	Medium
Haryana	Laterite	15-25 C	Low	Rabi	Mustard	Oilseed	High
Haryana	Laterite	15-25 C	Low	Kharif	Cardamom	Spice	Medium
Haryana	Laterite	15-25 C	Low	Zaid	Cardamom	Spice	Medium
Haryana	Laterite	25-35 C	High	Rabi	Rice	Cereal	High
Haryana	Laterite	25-35 C	High	Kharif	Rice	Cereal	High
Haryana	Laterite	25-35 C	High	Zaid	Arecanut	Plantation	High
Haryana	Laterite	25-35 C	Medium	Rabi	Cashew	Plantation	High
Haryana	Laterite	25-35 C	Medium	Kharif	Finger Millet (Ragi)	Cereal	High
Haryana	Laterite	25-35 C	Medium	Zaid	Cashew	Plantation	High
Haryana	Laterite	25-35 C	Low	Rabi	Rice	Cereal	Medium
Haryana	Laterite	25-35 C	Low	Kharif	Finger Millet (Ragi)	Cereal	Medium
Haryana	Laterite	25-35 C	Low	Zaid	Arecanut	Plantation	Medium
Haryana	Laterite	35-45 C	High	Rabi	Rice	Cereal	High
Haryana	Laterite	35-45 C	High	Kharif	Rice	Cereal	High
Haryana	Laterite	35-45 C	High	Zaid	Arecanut	Plantation	Medium
Haryana	Laterite	35-45 C	Medium	Rabi	Rice	Cereal	Medium
Haryana	Laterite	35-45 C	Medium	Kharif	Cotton	Cash Crop	High
Haryana	Laterite	35-45 C	Medium	Zaid	Cashew	Plantation	Medium
Haryana	Laterite	35-45 C	Low	Rabi	Rice	Cereal	Medium
Haryana	Laterite	35-45 C	Low	Kharif	Cluster Bean (Guar)	Pulse	High
Haryana	Laterite	35-45 C	Low	Zaid	Black Gram (Urad)	Pulse	Medium
Haryana	Desert	15-25 C	High	Rabi	Wheat	Cereal	High
Haryana	Desert	15-25 C	High	Kharif	Cluster Bean (Guar)	Pulse	Medium
Haryana	Desert	15-25 C	High	Zaid	Cardamom	Spice	Medium
Haryana	Desert	15-25 C	Medium	Rabi	Wheat	Cereal	High
Haryana	Desert	15-25 C	Medium	Kharif	Cluster Bean (Guar)	Pulse	Medium
Haryana	Desert	15-25 C	Medium	Zaid	Muskmelon	Vegetable	Medium
Haryana	Desert	15-25 C	Low	Rabi	Barley	Cereal	High
Haryana	Desert	15-25 C	Low	Kharif	Cluster Bean (Guar)	Pulse	High
Haryana	Desert	15-25 C	Low	Zaid	Green Gram (Moong)	Pulse	Medium
Haryana	Desert	25-35 C	High	Rabi	Rice	Cereal	Medium
Haryana	Desert	25-35 C	High	Kharif	Cluster Bean (Guar)	Pulse	Medium
Haryana	Desert	25-35 C	High	Zaid	Green Gram (Moong)	Pulse	Medium
Haryana	Desert	25-35 C	Medium	Rabi	Maize	Cereal	Medium
Haryana	Desert	25-35 C	Medium	Kharif	Cotton	Cash Crop	High
Haryana	Desert	25-35 C	Medium	Zaid	Green Gram (Moong)	Pulse	Medium
Haryana	Desert	25-35 C	Low	Rabi	Barley	Cereal	Medium
Haryana	Desert	25-35 C	Low	Kharif	Cluster Bean (Guar)	Pulse	High
Haryana	Desert	25-35 C	Low	Zaid	Green Gram (Moong)	Pulse	High
Haryana	Desert	35-45 C	High	Rabi	Cluster Bean (Guar)	Pulse	Medium
Haryana	Desert	35-45 C	High	Kharif	Cluster Bean (Guar)	Pulse	High
Haryana	Desert	35-45 C	High	Zaid	Green Gram (Moong)	Pulse	Medium
Haryana	Desert	35-45 C	Medium	Rabi	Cluster Bean (Guar)	Pulse	Medium
Haryana	Desert	35-45 C	Medium	Kharif	Cluster Bean (Guar)	Pulse	High
Haryana	Desert	35-45 C	Medium	Zaid	Muskmelon	Vegetable	High
Haryana	Desert	35-45 C	Low	Rabi	Cluster Bean (Guar)	Pulse	High
Haryana	Desert	35-45 C	Low	Kharif	Cluster Bean (Guar)	Pulse	High
Haryana	Desert	35-45 C	Low	Zaid	Green Gram (Moong)	Pulse	High
Haryana	Forest	15-25 C	High	Rabi	Cardamom	Spice	High
Haryana	Forest	15-25 C	High	Kharif	Cardamom	Spice	High
Haryana	Forest	15-25 C	High	Zaid	Cardamom	Spice	High
Haryana	Forest	15-25 C	Medium	Rabi	Apple	Fruit	High
Haryana	Forest	15-25 C	Medium	Kharif	Apple	Fruit	High
Haryana	Forest	15-25 C	Medium	Zaid	Apple	Fruit	High
Haryana	Forest	15-25 C	Low	Rabi	Mustard	Oilseed	High
Haryana	Forest	15-25 C	Low	Kharif	Apple	Fruit	Medium
Haryana	Forest	15-25 C	Low	Zaid	Apple	Fruit	Medium
Haryana	Forest	25-35 C	High	Rabi	Black Pepper	Spice	High
Haryana	Forest	25-35 C	High	Kharif	Black Pepper	Spice	High
Haryana	Forest	25-35 C	High	Zaid	Black Pepper	Spice	High
Haryana	Forest	25-35 C	Medium	Rabi	Apple	Fruit	Medium
Haryana	Forest	25-35 C	Medium	Kharif	Cotton	Cash Crop	High
Haryana	Forest	25-35 C	Medium	Zaid	Apple	Fruit	Medium
Haryana	Forest	25-35 C	Low	Rabi	Black Pepper	Spice	Medium
Haryana	Forest	25-35 C	Low	Kharif	Black Pepper	Spice	Medium
Haryana	Forest	25-35 C	Low	Zaid	Black Pepper	Spice	Medium
Haryana	Forest	35-45 C	High	Rabi	Black Pepper	Spice	Medium
Haryana	Forest	35-45 C	High	Kharif	Black Pepper	Spice	Medium
Haryana	Forest	35-45 C	High	Zaid	Black Pepper	Spice	Medium
Haryana	Forest	35-45 C	Medium	Rabi	Apple	Fruit	Medium
Haryana	Forest	35-45 C	Medium	Kharif	Cotton	Cash Crop	High
Haryana	Forest	35-45 C	Medium	Zaid	Apple	Fruit	Medium
Haryana	Forest	35-45 C	Low	Rabi	Sorghum (Jowar)	Cereal	Medium
Haryana	Forest	35-45 C	Low	Kharif	Cluster Bean (Guar)	Pulse	High
Haryana	Forest	35-45 C	Low	Zaid	Black Gram (Urad)	Pulse	Medium
Himachal Pradesh	Alluvial	15-25 C	High	Rabi	Wheat	Cereal	High
Himachal Pradesh	Alluvial	15-25 C	High	Kharif	Apple	Fruit	High
Himachal Pradesh	Alluvial	15-25 C	High	Zaid	Apple	Fruit	High
Himachal Pradesh	Alluvial	15-25 C	Medium	Rabi	Apple	Fruit	High
Himachal Pradesh	Alluvial	15-25 C	Medium	Kharif	Apple	Fruit	High
Himachal Pradesh	Alluvial	15-25 C	Medium	Zaid	Apple	Fruit	High
Himachal Pradesh	Alluvial	15-25 C	Low	Rabi	Barley	Cereal	High
Himachal Pradesh	Alluvial	15-25 C	Low	Kharif	Apple	Fruit	High
Himachal Pradesh	Alluvial	15-25 C	Low	Zaid	Apple	Fruit	High
Himachal Pradesh	Alluvial	25-35 C	High	Rabi	Maize	Cereal	High
Himachal Pradesh	Alluvial	25-35 C	High	Kharif	Maize	Cereal	High
Himachal Pradesh	Alluvial	25-35 C	High	Zaid	Arecanut	Plantation	High
Himachal Pradesh	Alluvial	25-35 C	Medium	Rabi	Maize	Cereal	High
Himachal Pradesh	Alluvial	25-35 C	Medium	Kharif	Maize	Cereal	High
Himachal Pradesh	Alluvial	25-35 C	Medium	Zaid	Cucumber	Vegetable	High
Himachal Pradesh	Alluvial	25-35 C	Low	Rabi	Maize	Cereal	High
Himachal Pradesh	Alluvial	25-35 C	Low	Kharif	Black Gram (Urad)	Pulse	High
Himachal Pradesh	Alluvial	25-35 C	Low	Zaid	Black Gram (Urad)	Pulse	High
Himachal Pradesh	Alluvial	35-45 C	High	Rabi	Rice	Cereal	High
Himachal Pradesh	Alluvial	35-45 C	High	Kharif	Rice	Cereal	High
Himachal Pradesh	Alluvial	35-45 C	High	Zaid	Black Gram (Urad)	Pulse	Medium
Himachal Pradesh	Alluvial	35-45 C	Medium	Rabi	Maize	Cereal	High
Himachal Pradesh	Alluvial	35-45 C	Medium	Kharif	Maize	Cereal	High
Himachal Pradesh	Alluvial	35-45 C	Medium	Zaid	Cucumber	Vegetable	High
Himachal Pradesh	Alluvial	35-45 C	Low	Rabi	Barley	Cereal	Medium
Himachal Pradesh	Alluvial	35-45 C	Low	Kharif	Black Gram (Urad)	Pulse	High
Himachal Pradesh	Alluvial	35-45 C	Low	Zaid	Black Gram (Urad)	Pulse	High
Himachal Pradesh	Black	15-25 C	High	Rabi	Wheat	Cereal	High
Himachal Pradesh	Black	15-25 C	High	Kharif	Maize	Cereal	Medium
Himachal Pradesh	Black	15-25 C	High	Zaid	Onion	Vegetable	Medium
Himachal Pradesh	Black	15-25 C	Medium	Rabi	Maize	Cereal	High
Himachal Pradesh	Black	15-25 C	Medium	Kharif	Maize	Cereal	High
Himachal Pradesh	Black	15-25 C	Medium	Zaid	Onion	Vegetable	High
Himachal Pradesh	Black	15-25 C	Low	Rabi	Gram (Chickpea)	Pulse	High
Himachal Pradesh	Black	15-25 C	Low	Kharif	Black Gram (Urad)	Pulse	Medium
Himachal Pradesh	Black	15-25 C	Low	Zaid	Black Gram (Urad)	Pulse	Medium
Himachal Pradesh	Black	25-35 C	High	Rabi	Maize	Cereal	High
Himachal Pradesh	Black	25-35 C	High	Kharif	Maize	Cereal	High
Himachal Pradesh	Black	25-35 C	High	Zaid	Black Gram (Urad)	Pulse	Medium
Himachal Pradesh	Black	25-35 C	Medium	Rabi	Maize	Cereal	High
Himachal Pradesh	Black	25-35 C	Medium	Kharif	Maize	Cereal	High
Himachal Pradesh	Black	25-35 C	Medium	Zaid	Groundnut	Oilseed	High
Himachal Pradesh	Black	25-35 C	Low	Rabi	Maize	Cereal	High
Himachal Pradesh	Black	25-35 C	Low	Kharif	Black Gram (Urad)	Pulse	High
Himachal Pradesh	Black	25-35 C	Low	Zaid	Black Gram (Urad)	Pulse	High
Himachal Pradesh	Black	35-45 C	High	Rabi	Rice	Cereal	High
Himachal Pradesh	Black	35-45 C	High	Kharif	Rice	Cereal	High
Himachal Pradesh	Black	35-45 C	High	Zaid	Black Gram (Urad)	Pulse	Medium
Himachal Pradesh	Black	35-45 C	Medium	Rabi	Maize	Cereal	High
Himachal Pradesh	Black	35-45 C	Medium	Kharif	Maize	Cereal	High
Himachal Pradesh	Black	35-45 C	Medium	Zaid	Black Gram (Urad)	Pulse	Medium
Himachal Pradesh	Black	35-45 C	Low	Rabi	Sorghum (Jowar)	Cereal	High
Himachal Pradesh	Black	35-45 C	Low	Kharif	Black Gram (Urad)	Pulse	High
Himachal Pradesh	Black	35-45 C	Low	Zaid	Black Gram (Urad)	Pulse	High
Himachal Pradesh	Red	15-25 C	High	Rabi	Coffee	Plantation	High
Himachal Pradesh	Red	15-25 C	High	Kharif	Coffee	Plantation	High
Himachal Pradesh	Red	15-25 C	High	Zaid	Coffee	Plantation	High
Himachal Pradesh	Red	15-25 C	Medium	Rabi	Maize	Cereal	High
Himachal Pradesh	Red	15-25 C	Medium	Kharif	Maize	Cereal	High
Himachal Pradesh	Red	15-25 C	Medium	Zaid	Tomato	Vegetable	High
Himachal Pradesh	Red	15-25 C	Low	Rabi	Maize	Cereal	Medium
Himachal Pradesh	Red	15-25 C	Low	Kharif	Black Gram (Urad)	Pulse	Medium
Himachal Pradesh	Red	15-25 C	Low	Zaid	Black Gram (Urad)	Pulse	Medium
Himachal Pradesh	Red	25-35 C	High	Rabi	Maize	Cereal	High
Himachal Pradesh	Red	25-35 C	High	Kharif	Maize	Cereal	High
Himachal Pradesh	Red	25-35 C	High	Zaid	Banana	Fruit	High
Himachal Pradesh	Red	25-35 C	Medium	Rabi	Maize	Cereal	High
Himachal Pradesh	Red	25-35 C	Medium	Kharif	Maize	Cereal	High
Himachal Pradesh	Red	25-35 C	Medium	Zaid	Cucumber	Vegetable	High
Himachal Pradesh	Red	25-35 C	Low	Rabi	Maize	Cereal	High
Himachal Pradesh	Red	25-35 C	Low	Kharif	Black Gram (Urad)	Pulse	High
Himachal Pradesh	Red	25-35 C	Low	Zaid	Black Gram (Urad)	Pulse	High
Himachal Pradesh	Red	35-45 C	High	Rabi	Rice	Cereal	High
Himachal Pradesh	Red	35-45 C	High	Kharif	Rice	Cereal	High
Himachal Pradesh	Red	35-45 C	High	Zaid	Black Gram (Urad)	Pulse	Medium
Himachal Pradesh	Red	35-45 C	Medium	Rabi	Maize	Cereal	High
Himachal Pradesh	Red	35-45 C	Medium	Kharif	Maize	Cereal	High
Himachal Pradesh	Red	35-45 C	Medium	Zaid	Cucumber	Vegetable	High
Himachal Pradesh	Red	35-45 C	Low	Rabi	Sorghum (Jowar)	Cereal	High
Himachal Pradesh	Red	35-45 C	Low	Kharif	Black Gram (Urad)	Pulse	High
Himachal Pradesh	Red	35-45 C	Low	Zaid	Black Gram (Urad)	Pulse	High
Himachal Pradesh	Laterite	15-25 C	High	Rabi	Cardamom	Spice	High
Himachal Pradesh	Laterite	15-25 C	High	Kharif	Cardamom	Spice	High
Himachal Pradesh	Laterite	15-25 C	High	Zaid	Cardamom	Spice	High
Himachal Pradesh	Laterite	15-25 C	Medium	Rabi	Apple	Fruit	High
Himachal Pradesh	Laterite	15-25 C	Medium	Kharif	Apple	Fruit	High
Himachal Pradesh	Laterite	15-25 C	Medium	Zaid	Apple	Fruit	High
Himachal Pradesh	Laterite	15-25 C	Low	Rabi	Cardamom	Spice	Medium
Himachal Pradesh	Laterite	15-25 C	Low	Kharif	Cardamom	Spice	Medium
Himachal Pradesh	Laterite	15-25 C	Low	Zaid	Cardamom	Spice	Medium
Himachal Pradesh	Laterite	25-35 C	High	Rabi	Rice	Cereal	High
Himachal Pradesh	Laterite	25-35 C	High	Kharif	Rice	Cereal	High
Himachal Pradesh	Laterite	25-35 C	High	Zaid	Arecanut	Plantation	High
Himachal Pradesh	Laterite	25-35 C	Medium	Rabi	Cashew	Plantation	High
Himachal Pradesh	Laterite	25-35 C	Medium	Kharif	Finger Millet (Ragi)	Cereal	High
Himachal Pradesh	Laterite	25-35 C	Medium	Zaid	Cashew	Plantation	High
Himachal Pradesh	Laterite	25-35 C	Low	Rabi	Rice	Cereal	Medium
Himachal Pradesh	Laterite	25-35 C	Low	Kharif	Finger Millet (Ragi)	Cereal	Medium
Himachal Pradesh	Laterite	25-35 C	Low	Zaid	Arecanut	Plantation	Medium
Himachal Pradesh	Laterite	35-45 C	High	Rabi	Rice	Cereal	High
Himachal Pradesh	Laterite	35-45 C	High	Kharif	Rice	Cereal	High
Himachal Pradesh	Laterite	35-45 C	High	Zaid	Arecanut	Plantation	Medium
Himachal Pradesh	Laterite	35-45 C	Medium	Rabi	Rice	Cereal	Medium
Himachal Pradesh	Laterite	35-45 C	Medium	Kharif	Finger Millet (Ragi)	Cereal	Medium
Himachal Pradesh	Laterite	35-45 C	Medium	Zaid	Cashew	Plantation	Medium
Himachal Pradesh	Laterite	35-45 C	Low	Rabi	Rice	Cereal	Medium
Himachal Pradesh	Laterite	35-45 C	Low	Kharif	Rice	Cereal	Medium
Himachal Pradesh	Laterite	35-45 C	Low	Zaid	Black Gram (Urad)	Pulse	Medium
Himachal Pradesh	Desert	15-25 C	High	Rabi	Barley	Cereal	Medium
Himachal Pradesh	Desert	15-25 C	High	Kharif	Apple	Fruit	Medium
Himachal Pradesh	Desert	15-25 C	High	Zaid	Apple	Fruit	Medium
Himachal Pradesh	Desert	15-25 C	Medium	Rabi	Apple	Fruit	High
Himachal Pradesh	Desert	15-25 C	Medium	Kharif	Apple	Fruit	High
Himachal Pradesh	Desert	15-25 C	Medium	Zaid	Apple	Fruit	High
Himachal Pradesh	Desert	15-25 C	Low	Rabi	Barley	Cereal	High
Himachal Pradesh	Desert	15-25 C	Low	Kharif	Cluster Bean (Guar)	Pulse	Medium
Himachal Pradesh	Desert	15-25 C	Low	Zaid	Green Gram (Moong)	Pulse	Medium
Himachal Pradesh	Desert	25-35 C	High	Rabi	Maize	Cereal	Medium
Himachal Pradesh	Desert	25-35 C	High	Kharif	Green Gram (Moong)	Pulse	Medium
Himachal Pradesh	Desert	25-35 C	High	Zaid	Green Gram (Moong)	Pulse	Medium
Himachal Pradesh	Desert	25-35 C	Medium	Rabi	Maize	Cereal	High
Himachal Pradesh	Desert	25-35 C	Medium	Kharif	Maize	Cereal	High
Himachal Pradesh	Desert	25-35 C	Medium	Zaid	Green Gram (Moong)	Pulse	Medium
Himachal Pradesh	Desert	25-35 C	Low	Rabi	Barley	Cereal	Medium
Himachal Pradesh	Desert	25-35 C	Low	Kharif	Green Gram (Moong)	Pulse	High
Himachal Pradesh	Desert	25-35 C	Low	Zaid	Green Gram (Moong)	Pulse	High
Himachal Pradesh	Desert	35-45 C	High	Rabi	Rice	Cereal	Medium
Himachal Pradesh	Desert	35-45 C	High	Kharif	Cluster Bean (Guar)	Pulse	Medium
Himachal Pradesh	Desert	35-45 C	High	Zaid	Green Gram (Moong)	Pulse	Medium
Himachal Pradesh	Desert	35-45 C	Medium	Rabi	Maize	Cereal	Medium
Himachal Pradesh	Desert	35-45 C	Medium	Kharif	Cluster Bean (Guar)	Pulse	Medium
Himachal Pradesh	Desert	35-45 C	Medium	Zaid	Muskmelon	Vegetable	High
Himachal Pradesh	Desert	35-45 C	Low	Rabi	Barley	Cereal	Medium
Himachal Pradesh	Desert	35-45 C	Low	Kharif	Cluster Bean (Guar)	Pulse	High
Himachal Pradesh	Desert	35-45 C	Low	Zaid	Green Gram (Moong)	Pulse	High
Himachal Pradesh	Forest	15-25 C	High	Rabi	Apple	Fruit	High
Himachal Pradesh	Forest	15-25 C	High	Kharif	Apple	Fruit	High
Himachal Pradesh	Forest	15-25 C	High	Zaid	Apple	Fruit	High
Himachal Pradesh	Forest	15-25 C	Medium	Rabi	Apple	Fruit	High
Himachal Pradesh	Forest	15-25 C	Medium	Kharif	Apple	Fruit	High
Himachal Pradesh	Forest	15-25 C	Medium	Zaid	Apple	Fruit	High
Himachal Pradesh	Forest	15-25 C	Low	Rabi	Apple	Fruit	High
Himachal Pradesh	Forest	15-25 C	Low	Kharif	Apple	Fruit	High
Himachal Pradesh	Forest	15-25 C	Low	Zaid	Apple	Fruit	High
Himachal Pradesh	Forest	25-35 C	High	Rabi	Black Pepper	Spice	High
Himachal Pradesh	Forest	25-35 C	High	Kharif	Black Pepper	Spice	High
Himachal Pradesh	Forest	25-35 C	High	Zaid	Black Pepper	Spice	High
Himachal Pradesh	Forest	25-35 C	Medium	Rabi	Apple	Fruit	High
Himachal Pradesh	Forest	25-35 C	Medium	Kharif	Apple	Fruit	High
Himachal Pradesh	Forest	25-35 C	Medium	Zaid	Apple	Fruit	High
Himachal Pradesh	Forest	25-35 C	Low	Rabi	Apple	Fruit	Medium
Himachal Pradesh	Forest	25-35 C	Low	Kharif	Apple	Fruit	Medium
Himachal Pradesh	Forest	25-35 C	Low	Zaid	Apple	Fruit	Medium
Himachal Pradesh	Forest	35-45 C	High	Rabi	Apple	Fruit	Medium
Himachal Pradesh	Forest	35-45 C	High	Kharif	Apple	Fruit	Medium
Himachal Pradesh	Forest	35-45 C	High	Zaid	Apple	Fruit	Medium
Himachal Pradesh	Forest	35-45 C	Medium	Rabi	Apple	Fruit	High
Himachal Pradesh	Forest	35-45 C	Medium	Kharif	Apple	Fruit	High
Himachal Pradesh	Forest	35-45 C	Medium	Zaid	Apple	Fruit	High
Himachal Pradesh	Forest	35-45 C	Low	Rabi	Apple	Fruit	Medium
Himachal Pradesh	Forest	35-45 C	Low	Kharif	Apple	Fruit	Medium
Himachal Pradesh	Forest	35-45 C	Low	Zaid	Apple	Fruit	Medium
Jharkhand	Alluvial	15-25 C	High	Rabi	Wheat	Cereal	High
Jharkhand	Alluvial	15-25 C	High	Kharif	Rice	Cereal	Medium
Jharkhand	Alluvial	15-25 C	High	Zaid	Onion	Vegetable	Medium
Jharkhand	Alluvial	15-25 C	Medium	Rabi	Wheat	Cereal	High
Jharkhand	Alluvial	15-25 C	Medium	Kharif	Apple	Fruit	High
Jharkhand	Alluvial	15-25 C	Medium	Zaid	Onion	Vegetable	High
Jharkhand	Alluvial	15-25 C	Low	Rabi	Barley	Cereal	High
Jharkhand	Alluvial	15-25 C	Low	Kharif	Black Gram (Urad)	Pulse	Medium
Jharkhand	Alluvial	15-25 C	Low	Zaid	Black Gram (Urad)	Pulse	Medium
Jharkhand	Alluvial	25-35 C	High	Rabi	Rice	Cereal	High
Jharkhand	Alluvial	25-35 C	High	Kharif	Rice	Cereal	High
Jharkhand	Alluvial	25-35 C	High	Zaid	Arecanut	Plantation	High
Jharkhand	Alluvial	25-35 C	Medium	Rabi	Maize	Cereal	High
Jharkhand	Alluvial	25-35 C	Medium	Kharif	Maize	Cereal	High
Jharkhand	Alluvial	25-35 C	Medium	Zaid	Cucumber	Vegetable	High
Jharkhand	Alluvial	25-35 C	Low	Rabi	Barley	Cereal	Medium
Jharkhand	Alluvial	25-35 C	Low	Kharif	Black Gram (Urad)	Pulse	High
Jharkhand	Alluvial	25-35 C	Low	Zaid	Black Gram (Urad)	Pulse	High
Jharkhand	Alluvial	35-45 C	High	Rabi	Rice	Cereal	High
Jharkhand	Alluvial	35-45 C	High	Kharif	Rice	Cereal	High
Jharkhand	Alluvial	35-45 C	High	Zaid	Black Gram (Urad)	Pulse	Medium
Jharkhand	Alluvial	35-45 C	Medium	Rabi	Maize	Cereal	Medium
Jharkhand	Alluvial	35-45 C	Medium	Kharif	Black Gram (Urad)	Pulse	Medium
Jharkhand	Alluvial	35-45 C	Medium	Zaid	Cucumber	Vegetable	High
Jharkhand	Alluvial	35-45 C	Low	Rabi	Barley	Cereal	Medium
Jharkhand	Alluvial	35-45 C	Low	Kharif	Black Gram (Urad)	Pulse	High
Jharkhand	Alluvial	35-45 C	Low	Zaid	Black Gram (Urad)	Pulse	High
Jharkhand	Black	15-25 C	High	Rabi	Wheat	Cereal	High
Jharkhand	Black	15-25 C	High	Kharif	Rice	Cereal	Medium
Jharkhand	Black	15-25 C	High	Zaid	Onion	Vegetable	Medium
Jharkhand	Black	15-25 C	Medium	Rabi	Wheat	Cereal	High
Jharkhand	Black	15-25 C	Medium	Kharif	Maize	Cereal	Medium
Jharkhand	Black	15-25 C	Medium	Zaid	Onion	Vegetable	High
Jharkhand	Black	15-25 C	Low	Rabi	Gram (Chickpea)	Pulse	High
Jharkhand	Black	15-25 C	Low	Kharif	Black Gram (Urad)	Pulse	Medium
Jharkhand	Black	15-25 C	Low	Zaid	Black Gram (Urad)	Pulse	Medium
Jharkhand	Black	25-35 C	High	Rabi	Rice	Cereal	High
Jharkhand	Black	25-35 C	High	Kharif	Rice	Cereal	High
Jharkhand	Black	25-35 C	High	Zaid	Black Gram (Urad)	Pulse	Medium
Jharkhand	Black	25-35 C	Medium	Rabi	Maize	Cereal	High
Jharkhand	Black	25-35 C	Medium	Kharif	Maize	Cereal	High
Jharkhand	Black	25-35 C	Medium	Zaid	Groundnut	Oilseed	High
Jharkhand	Black	25-35 C	Low	Rabi	Sorghum (Jowar)	Cereal	High
Jharkhand	Black	25-35 C	Low	Kharif	Black Gram (Urad)	Pulse	High
Jharkhand	Black	25-35 C	Low	Zaid	Black Gram (Urad)	Pulse	High
Jharkhand	Black	35-45 C	High	Rabi	Rice	Cereal	High
Jharkhand	Black	35-45 C	High	Kharif	Rice	Cereal	High
Jharkhand	Black	35-45 C	High	Zaid	Black Gram (Urad)	Pulse	Medium
Jharkhand	Black	35-45 C	Medium	Rabi	Sorghum (Jowar)	Cereal	High
Jharkhand	Black	35-45 C	Medium	Kharif	Sorghum (Jowar)	Cereal	High
Jharkhand	Black	35-45 C	Medium	Zaid	Black Gram (Urad)	Pulse	Medium
Jharkhand	Black	35-45 C	Low	Rabi	Sorghum (Jowar)	Cereal	High
Jharkhand	Black	35-45 C	Low	Kharif	Black Gram (Urad)	Pulse	High
Jharkhand	Black	35-45 C	Low	Zaid	Black Gram (Urad)	Pulse	High
Jharkhand	Red	15-25 C	High	Rabi	Coffee	Plantation	High
Jharkhand	Red	15-25 C	High	Kharif	Coffee	Plantation	High
Jharkhand	Red	15-25 C	High	Zaid	Coffee	Plantation	High
Jharkhand	Red	15-25 C	Medium	Rabi	Tomato	Vegetable	High
Jharkhand	Red	15-25 C	Medium	Kharif	Finger Millet (Ragi)	Cereal	Medium
Jharkhand	Red	15-25 C	Medium	Zaid	Tomato	Vegetable	High
Jharkhand	Red	15-25 C	Low	Rabi	Sorghum (Jowar)	Cereal	Medium
Jharkhand	Red	15-25 C	Low	Kharif	Black Gram (Urad)	Pulse	Medium
Jharkhand	Red	15-25 C	Low	Zaid	Black Gram (Urad)	Pulse	Medium
Jharkhand	Red	25-35 C	High	Rabi	Rice	Cereal	High
Jharkhand	Red	25-35 C	High	Kharif	Rice	Cereal	High
Jharkhand	Red	25-35 C	High	Zaid	Banana	Fruit	High
Jharkhand	Red	25-35 C	Medium	Rabi	Maize	Cereal	High
Jharkhand	Red	25-35 C	Medium	Kharif	Finger Millet (Ragi)	Cereal	High
Jharkhand	Red	25-35 C	Medium	Zaid	Cucumber	Vegetable	High
Jharkhand	Red	25-35 C	Low	Rabi	Sorghum (Jowar)	Cereal	High
Jharkhand	Red	25-35 C	Low	Kharif	Black Gram (Urad)	Pulse	High
Jharkhand	Red	25-35 C	Low	Zaid	Black Gram (Urad)	Pulse	High
Jharkhand	Red	35-45 C	High	Rabi	Rice	Cereal	High
Jharkhand	Red	35-45 C	High	Kharif	Rice	Cereal	High
Jharkhand	Red	35-45 C	High	Zaid	Black Gram (Urad)	Pulse	Medium
Jharkhand	Red	35-45 C	Medium	Rabi	Sorghum (Jowar)	Cereal	High
Jharkhand	Red	35-45 C	Medium	Kharif	Sorghum (Jowar)	Cereal	High
Jharkhand	Red	35-45 C	Medium	Zaid	Cucumber	Vegetable	High
Jharkhand	Red	35-45 C	Low	Rabi	Sorghum (Jowar)	Cereal	High
Jharkhand	Red	35-45 C	Low	Kharif	Black Gram (Urad)	Pulse	High
Jharkhand	Red	35-45 C	Low	Zaid	Black Gram (Urad)	Pulse	High
Jharkhand	Laterite	15-25 C	High	Rabi	Cardamom	Spice	High
Jharkhand	Laterite	15-25 C	High	Kharif	Cardamom	Spice	High
Jharkhand	Laterite	15-25 C	High	Zaid	Cardamom	Spice	High
Jharkhand	Laterite	15-25 C	Medium	Rabi	Cardamom	Spice	Medium
Jharkhand	Laterite	15-25 C	Medium	Kharif	Finger Millet (Ragi)	Cereal	Medium
Jharkhand	Laterite	15-25 C	Medium	Zaid	Cardamom	Spice	Medium
Jharkhand	Laterite	15-25 C	Low	Rabi	Cardamom	Spice	Medium
Jharkhand	Laterite	15-25 C	Low	Kharif	Cardamom	Spice	Medium
Jharkhand	Laterite	15-25 C	Low	Zaid	Cardamom	Spice	Medium
Jharkhand	Laterite	25-35 C	High	Rabi	Rice	Cereal	High
Jharkhand	Laterite	25-35 C	High	Kharif	Rice	Cereal	High
Jharkhand	Laterite	25-35 C	High	Zaid	Arecanut	Plantation	High
Jharkhand	Laterite	25-35 C	Medium	Rabi	Cashew	Plantation	High
Jharkhand	Laterite	25-35 C	Medium	Kharif	Finger Millet (Ragi)	Cereal	High
Jharkhand	Laterite	25-35 C	Medium	Zaid	Cashew	Plantation	High
Jharkhand	Laterite	25-35 C	Low	Rabi	Rice	Cereal	Medium
Jharkhand	Laterite	25-35 C	Low	Kharif	Finger Millet (Ragi)	Cereal	Medium
Jharkhand	Laterite	25-35 C	Low	Zaid	Arecanut	Plantation	Medium
Jharkhand	Laterite	35-45 C	High	Rabi	Rice	Cereal	High
Jharkhand	Laterite	35-45 C	High	Kharif	Rice	Cereal	High
Jharkhand	Laterite	35-45 C	High	Zaid	Arecanut	Plantation	Medium
Jharkhand	Laterite	35-45 C	Medium	Rabi	Rice	Cereal	Medium
Jharkhand	Laterite	35-45 C	Medium	Kharif	Finger Millet (Ragi)	Cereal	Medium
Jharkhand	Laterite	35-45 C	Medium	Zaid	Cashew	Plantation	Medium
Jharkhand	Laterite	35-45 C	Low	Rabi	Rice	Cereal	Medium
Jharkhand	Laterite	35-45 C	Low	Kharif	Rice	Cereal	Medium
Jharkhand	Laterite	35-45 C	Low	Zaid	Black Gram (Urad)	Pulse	Medium
Jharkhand	Desert	15-25 C	High	Rabi	Barley	Cereal	Medium
Jharkhand	Desert	15-25 C	High	Kharif	Cardamom	Spice	Medium
Jharkhand	Desert	15-25 C	High	Zaid	Cardamom	Spice	Medium
Jharkhand	Desert	15-25 C	Medium	Rabi	Barley	Cereal	Medium
Jharkhand	Desert	15-25 C	Medium	Kharif	Apple	Fruit	Medium
Jharkhand	Desert	15-25 C	Medium	Zaid	Muskmelon	Vegetable	Medium
Jharkhand	Desert	15-25 C	Low	Rabi	Barley	Cereal	High
Jharkhand	Desert	15-25 C	Low	Kharif	Cluster Bean (Guar)	Pulse	Medium
Jharkhand	Desert	15-25 C	Low	Zaid	Green Gram (Moong)	Pulse	Medium
Jharkhand	Desert	25-35 C	High	Rabi	Rice	Cereal	Medium
Jharkhand	Desert	25-35 C	High	Kharif	Green Gram (Moong)	Pulse	Medium
Jharkhand	Desert	25-35 C	High	Zaid	Green Gram (Moong)	Pulse	Medium
Jharkhand	Desert	25-35 C	Medium	Rabi	Maize	Cereal	Medium
Jharkhand	Desert	25-35 C	Medium	Kharif	Green Gram (Moong)	Pulse	Medium
Jharkhand	Desert	25-35 C	Medium	Zaid	Green Gram (Moong)	Pulse	Medium
Jharkhand	Desert	25-35 C	Low	Rabi	Barley	Cereal	Medium
Jharkhand	Desert	25-35 C	Low	Kharif	Green Gram (Moong)	Pulse	High
Jharkhand	Desert	25-35 C	Low	Zaid	Green Gram (Moong)	Pulse	High
Jharkhand	Desert	35-45 C	High	Rabi	Rice	Cereal	Medium
Jharkhand	Desert	35-45 C	High	Kharif	Cluster Bean (Guar)	Pulse	Medium
Jharkhand	Desert	35-45 C	High	Zaid	Green Gram (Moong)	Pulse	Medium
Jharkhand	Desert	35-45 C	Medium	Rabi	Sorghum (Jowar)	Cereal	Medium
Jharkhand	Desert	35-45 C	Medium	Kharif	Cluster Bean (Guar)	Pulse	Medium
Jharkhand	Desert	35-45 C	Medium	Zaid	Muskmelon	Vegetable	High
Jharkhand	Desert	35-45 C	Low	Rabi	Barley	Cereal	Medium
Jharkhand	Desert	35-45 C	Low	Kharif	Cluster Bean (Guar)	Pulse	High
Jharkhand	Desert	35-45 C	Low	Zaid	Green Gram (Moong)	Pulse	High
Jharkhand	Forest	15-25 C	High	Rabi	Cardamom	Spice	High
Jharkhand	Forest	15-25 C	High	Kharif	Cardamom	Spice	High
Jharkhand	Forest	15-25 C	High	Zaid	Cardamom	Spice	High
Jharkhand	Forest	15-25 C	Medium	Rabi	Apple	Fruit	High
Jharkhand	Forest	15-25 C	Medium	Kharif	Apple	Fruit	High
Jharkhand	Forest	15-25 C	Medium	Zaid	Apple	Fruit	High
Jharkhand	Forest	15-25 C	Low	Rabi	Apple	Fruit	Medium
Jharkhand	Forest	15-25 C	Low	Kharif	Apple	Fruit	Medium
Jharkhand	Forest	15-25 C	Low	Zaid	Apple	Fruit	Medium
Jharkhand	Forest	25-35 C	High	Rabi	Black Pepper	Spice	High
Jharkhand	Forest	25-35 C	High	Kharif	Black Pepper	Spice	High
Jharkhand	Forest	25-35 C	High	Zaid	Black Pepper	Spice	High
Jharkhand	Forest	25-35 C	Medium	Rabi	Apple	Fruit	Medium
Jharkhand	Forest	25-35 C	Medium	Kharif	Apple	Fruit	Medium
Jharkhand	Forest	25-35 C	Medium	Zaid	Apple	Fruit	Medium
Jharkhand	Forest	25-35 C	Low	Rabi	Black Pepper	Spice	Medium
Jharkhand	Forest	25-35 C	Low	Kharif	Black Pepper	Spice	Medium
Jharkhand	Forest	25-35 C	Low	Zaid	Black Pepper	Spice	Medium
Jharkhand	Forest	35-45 C	High	Rabi	Black Pepper	Spice	Medium
Jharkhand	Forest	35-45 C	High	Kharif	Black Pepper	Spice	Medium
Jharkhand	Forest	35-45 C	High	Zaid	Black Pepper	Spice	Medium
Jharkhand	Forest	35-45 C	Medium	Rabi	Apple	Fruit	Medium
Jharkhand	Forest	35-45 C	Medium	Kharif	Apple	Fruit	Medium
Jharkhand	Forest	35-45 C	Medium	Zaid	Apple	Fruit	Medium
Jharkhand	Forest	35-45 C	Low	Rabi	Sorghum (Jowar)	Cereal	Medium
Jharkhand	Forest	35-45 C	Low	Kharif	Black Gram (Urad)	Pulse	Medium
Jharkhand	Forest	35-45 C	Low	Zaid	Black Gram (Urad)	Pulse	Medium
Karnataka	Alluvial	15-25 C	High	Rabi	Wheat	Cereal	High
Karnataka	Alluvial	15-25 C	High	Kharif	Sugarcane	Cash Crop	High
Karnataka	Alluvial	15-25 C	High	Zaid	Onion	Vegetable	High
Karnataka	Alluvial	15-25 C	Medium	Rabi	Onion	Vegetable	High
Karnataka	Alluvial	15-25 C	Medium	Kharif	Maize	Cereal	High
Karnataka	Alluvial	15-25 C	Medium	Zaid	Onion	Vegetable	High
Karnataka	Alluvial	15-25 C	Low	Rabi	Barley	Cereal	High
Karnataka	Alluvial	15-25 C	Low	Kharif	Black Gram (Urad)	Pulse	Medium
Karnataka	Alluvial	15-25 C	Low	Zaid	Onion	Vegetable	High
Karnataka	Alluvial	25-35 C	High	Rabi	Sugarcane	Cash Crop	High
Karnataka	Alluvial	25-35 C	High	Kharif	Sugarcane	Cash Crop	High
Karnataka	Alluvial	25-35 C	High	Zaid	Arecanut	Plantation	High
Karnataka	Alluvial	25-35 C	Medium	Rabi	Maize	Cereal	High
Karnataka	Alluvial	25-35 C	Medium	Kharif	Maize	Cereal	High
Karnataka	Alluvial	25-35 C	Medium	Zaid	Groundnut	Oilseed	High
Karnataka	Alluvial	25-35 C	Low	Rabi	Maize	Cereal	High
Karnataka	Alluvial	25-35 C	Low	Kharif	Black Gram (Urad)	Pulse	High
Karnataka	Alluvial	25-35 C	Low	Zaid	Black Gram (Urad)	Pulse	High
Karnataka	Alluvial	35-45 C	High	Rabi	Rice	Cereal	High
Karnataka	Alluvial	35-45 C	High	Kharif	Rice	Cereal	High
Karnataka	Alluvial	35-45 C	High	Zaid	Arecanut	Plantation	High
Karnataka	Alluvial	35-45 C	Medium	Rabi	Maize	Cereal	High
Karnataka	Alluvial	35-45 C	Medium	Kharif	Maize	Cereal	High
Karnataka	Alluvial	35-45 C	Medium	Zaid	Cucumber	Vegetable	High
Karnataka	Alluvial	35-45 C	Low	Rabi	Sorghum (Jowar)	Cereal	High
Karnataka	Alluvial	35-45 C	Low	Kharif	Black Gram (Urad)	Pulse	High
Karnataka	Alluvial	35-45 C	Low	Zaid	Black Gram (Urad)	Pulse	High
Karnataka	Black	15-25 C	High	Rabi	Wheat	Cereal	High
Karnataka	Black	15-25 C	High	Kharif	Sugarcane	Cash Crop	High
Karnataka	Black	15-25 C	High	Zaid	Onion	Vegetable	High
Karnataka	Black	15-25 C	Medium	Rabi	Onion	Vegetable	High
Karnataka	Black	15-25 C	Medium	Kharif	Maize	Cereal	High
Karnataka	Black	15-25 C	Medium	Zaid	Onion	Vegetable	High
Karnataka	Black	15-25 C	Low	Rabi	Gram (Chickpea)	Pulse	High
Karnataka	Black	15-25 C	Low	Kharif	Sorghum (Jowar)	Cereal	High
Karnataka	Black	15-25 C	Low	Zaid	Onion	Vegetable	High
Karnataka	Black	25-35 C	High	Rabi	Sugarcane	Cash Crop	High
Karnataka	Black	25-35 C	High	Kharif	Sugarcane	Cash Crop	High
Karnataka	Black	25-35 C	High	Zaid	Groundnut	Oilseed	High
Karnataka	Black	25-35 C	Medium	Rabi	Maize	Cereal	High
Karnataka	Black	25-35 C	Medium	Kharif	Maize	Cereal	High
Karnataka	Black	25-35 C	Medium	Zaid	Groundnut	Oilseed	High
Karnataka	Black	25-35 C	Low	Rabi	Sorghum (Jowar)	Cereal	High
Karnataka	Black	25-35 C	Low	Kharif	Sorghum (Jowar)	Cereal	High
Karnataka	Black	25-35 C	Low	Zaid	Black Gram (Urad)	Pulse	High
Karnataka	Black	35-45 C	High	Rabi	Rice	Cereal	High
Karnataka	Black	35-45 C	High	Kharif	Rice	Cereal	High
Karnataka	Black	35-45 C	High	Zaid	Black Gram (Urad)	Pulse	Medium
Karnataka	Black	35-45 C	Medium	Rabi	Sorghum (Jowar)	Cereal	High
Karnataka	Black	35-45 C	Medium	Kharif	Sorghum (Jowar)	Cereal	High
Karnataka	Black	35-45 C	Medium	Zaid	Groundnut	Oilseed	High
Karnataka	Black	35-45 C	Low	Rabi	Sorghum (Jowar)	Cereal	High
Karnataka	Black	35-45 C	Low	Kharif	Sorghum (Jowar)	Cereal	High
Karnataka	Black	35-45 C	Low	Zaid	Black Gram (Urad)	Pulse	High
Karnataka	Red	15-25 C	High	Rabi	Coffee	Plantation	High
Karnataka	Red	15-25 C	High	Kharif	Coffee	Plantation	High
Karnataka	Red	15-25 C	High	Zaid	Coffee	Plantation	High
Karnataka	Red	15-25 C	Medium	Rabi	Tomato	Vegetable	High
Karnataka	Red	15-25 C	Medium	Kharif	Finger Millet (Ragi)	Cereal	High
Karnataka	Red	15-25 C	Medium	Zaid	Tomato	Vegetable	High
Karnataka	Red	15-25 C	Low	Rabi	Sorghum (Jowar)	Cereal	High
Karnataka	Red	15-25 C	Low	Kharif	Sorghum (Jowar)	Cereal	High
Karnataka	Red	15-25 C	Low	Zaid	Tomato	Vegetable	High
Karnataka	Red	25-35 C	High	Rabi	Black Pepper	Spice	High
Karnataka	Red	25-35 C	High	Kharif	Black Pepper	Spice	High
Karnataka	Red	25-35 C	High	Zaid	Black Pepper	Spice	High
Karnataka	Red	25-35 C	Medium	Rabi	Maize	Cereal	High
Karnataka	Red	25-35 C	Medium	Kharif	Finger Millet (Ragi)	Cereal	High
Karnataka	Red	25-35 C	Medium	Zaid	Groundnut	Oilseed	High
Karnataka	Red	25-35 C	Low	Rabi	Sorghum (Jowar)	Cereal	High
Karnataka	Red	25-35 C	Low	Kharif	Sorghum (Jowar)	Cereal	High
Karnataka	Red	25-35 C	Low	Zaid	Black Gram (Urad)	Pulse	High
Karnataka	Red	35-45 C	High	Rabi	Rice	Cereal	High
Karnataka	Red	35-45 C	High	Kharif	Rice	Cereal	High
Karnataka	Red	35-45 C	High	Zaid	Black Pepper	Spice	High
Karnataka	Red	35-45 C	Medium	Rabi	Sorghum (Jowar)	Cereal	High
Karnataka	Red	35-45 C	Medium	Kharif	Sorghum (Jowar)	Cereal	High
Karnataka	Red	35-45 C	Medium	Zaid	Cucumber	Vegetable	High
Karnataka	Red	35-45 C	Low	Rabi	Sorghum (Jowar)	Cereal	High
Karnataka	Red	35-45 C	Low	Kharif	Sorghum (Jowar)	Cereal	High
Karnataka	Red	35-45 C	Low	Zaid	Black Gram (Urad)	Pulse	High
Karnataka	Laterite	15-25 C	High	Rabi	Cardamom	Spice	High
Karnataka	Laterite	15-25 C	High	Kharif	Cardamom	Spice	High
Karnataka	Laterite	15-25 C	High	Zaid	Cardamom	Spice	High
Karnataka	Laterite	15-25 C	Medium	Rabi	Cardamom	Spice	High
Karnataka	Laterite	15-25 C	Medium	Kharif	Finger Millet (Ragi)	Cereal	High
Karnataka	Laterite	15-25 C	Medium	Zaid	Cardamom	Spice	High
Karnataka	Laterite	15-25 C	Low	Rabi	Cardamom	Spice	High
Karnataka	Laterite	15-25 C	Low	Kharif	Cardamom	Spice	High
Karnataka	Laterite	15-25 C	Low	Zaid	Cardamom	Spice	High
Karnataka	Laterite	25-35 C	High	Rabi	Arecanut	Plantation	High
Karnataka	Laterite	25-35 C	High	Kharif	Arecanut	Plantation	High
Karnataka	Laterite	25-35 C	High	Zaid	Arecanut	Plantation	High
Karnataka	Laterite	25-35 C	Medium	Rabi	Mango	Fruit	High
Karnataka	Laterite	25-35 C	Medium	Kharif	Finger Millet (Ragi)	Cereal	High
Karnataka	Laterite	25-35 C	Medium	Zaid	Mango	Fruit	High
Karnataka	Laterite	25-35 C	Low	Rabi	Arecanut	Plantation	High
Karnataka	Laterite	25-35 C	Low	Kharif	Finger Millet (Ragi)	Cereal	High
Karnataka	Laterite	25-35 C	Low	Zaid	Arecanut	Plantation	High
Karnataka	Laterite	35-45 C	High	Rabi	Rice	Cereal	High
Karnataka	Laterite	35-45 C	High	Kharif	Rice	Cereal	High
Karnataka	Laterite	35-45 C	High	Zaid	Arecanut	Plantation	High
Karnataka	Laterite	35-45 C	Medium	Rabi	Mango	Fruit	High
Karnataka	Laterite	35-45 C	Medium	Kharif	Finger Millet (Ragi)	Cereal	High
Karnataka	Laterite	35-45 C	Medium	Zaid	Mango	Fruit	High
Karnataka	Laterite	35-45 C	Low	Rabi	Sorghum (Jowar)	Cereal	High
Karnataka	Laterite	35-45 C	Low	Kharif	Sorghum (Jowar)	Cereal	High
Karnataka	Laterite	35-45 C	Low	Zaid	Arecanut	Plantation	Medium
Karnataka	Desert	15-25 C	High	Rabi	Cardamom	Spice	High
Karnataka	Desert	15-25 C	High	Kharif	Cardamom	Spice	High
Karnataka	Desert	15-25 C	High	Zaid	Cardamom	Spice	High
Karnataka	Desert	15-25 C	Medium	Rabi	Onion	Vegetable	High
Karnataka	Desert	15-25 C	Medium	Kharif	Finger Millet (Ragi)	Cereal	Medium
Karnataka	Desert	15-25 C	Medium	Zaid	Onion	Vegetable	High
Karnataka	Desert	15-25 C	Low	Rabi	Barley	Cereal	High
Karnataka	Desert	15-25 C	Low	Kharif	Cluster Bean (Guar)	Pulse	Medium
Karnataka	Desert	15-25 C	Low	Zaid	Green Gram (Moong)	Pulse	Medium
Karnataka	Desert	25-35 C	High	Rabi	Sugarcane	Cash Crop	High
Karnataka	Desert	25-35 C	High	Kharif	Sugarcane	Cash Crop	High
Karnataka	Desert	25-35 C	High	Zaid	Arecanut	Plantation	High
Karnataka	Desert	25-35 C	Medium	Rabi	Maize	Cereal	High
Karnataka	Desert	25-35 C	Medium	Kharif	Finger Millet (Ragi)	Cereal	High
Karnataka	Desert	25-35 C	Medium	Zaid	Groundnut	Oilseed	High
Karnataka	Desert	25-35 C	Low	Rabi	Sorghum (Jowar)	Cereal	High
Karnataka	Desert	25-35 C	Low	Kharif	Green Gram (Moong)	Pulse	High
Karnataka	Desert	25-35 C	Low	Zaid	Green Gram (Moong)	Pulse	High
Karnataka	Desert	35-45 C	High	Rabi	Rice	Cereal	Medium
Karnataka	Desert	35-45 C	High	Kharif	Cluster Bean (Guar)	Pulse	Medium
Karnataka	Desert	35-45 C	High	Zaid	Green Gram (Moong)	Pulse	Medium
Karnataka	Desert	35-45 C	Medium	Rabi	Sorghum (Jowar)	Cereal	High
Karnataka	Desert	35-45 C	Medium	Kharif	Sorghum (Jowar)	Cereal	High
Karnataka	Desert	35-45 C	Medium	Zaid	Muskmelon	Vegetable	High
Karnataka	Desert	35-45 C	Low	Rabi	Sorghum (Jowar)	Cereal	High
Karnataka	Desert	35-45 C	Low	Kharif	Cluster Bean (Guar)	Pulse	High
Karnataka	Desert	35-45 C	Low	Zaid	Green Gram (Moong)	Pulse	High
Karnataka	Forest	15-25 C	High	Rabi	Cardamom	Spice	High
Karnataka	Forest	15-25 C	High	Kharif	Cardamom	Spice	High
Karnataka	Forest	15-25 C	High	Zaid	Cardamom	Spice	High
Karnataka	Forest	15-25 C	Medium	Rabi	Apple	Fruit	High
Karnataka	Forest	15-25 C	Medium	Kharif	Apple	Fruit	High
Karnataka	Forest	15-25 C	Medium	Zaid	Apple	Fruit	High
Karnataka	Forest	15-25 C	Low	Rabi	Cardamom	Spice	High
Karnataka	Forest	15-25 C	Low	Kharif	Cardamom	Spice	High
Karnataka	Forest	15-25 C	Low	Zaid	Cardamom	Spice	High
Karnataka	Forest	25-35 C	High	Rabi	Black Pepper	Spice	High
Karnataka	Forest	25-35 C	High	Kharif	Black Pepper	Spice	High
Karnataka	Forest	25-35 C	High	Zaid	Black Pepper	Spice	High
Karnataka	Forest	25-35 C	Medium	Rabi	Black Pepper	Spice	High
Karnataka	Forest	25-35 C	Medium	Kharif	Black Pepper	Spice	High
Karnataka	Forest	25-35 C	Medium	Zaid	Black Pepper	Spice	High
Karnataka	Forest	25-35 C	Low	Rabi	Black Pepper	Spice	High
Karnataka	Forest	25-35 C	Low	Kharif	Black Pepper	Spice	High
Karnataka	Forest	25-35 C	Low	Zaid	Black Pepper	Spice	High
Karnataka	Forest	35-45 C	High	Rabi	Black Pepper	Spice	High
Karnataka	Forest	35-45 C	High	Kharif	Black Pepper	Spice	High
Karnataka	Forest	35-45 C	High	Zaid	Black Pepper	Spice	High
Karnataka	Forest	35-45 C	Medium	Rabi	Sorghum (Jowar)	Cereal	High
Karnataka	Forest	35-45 C	Medium	Kharif	Sorghum (Jowar)	Cereal	High
Karnataka	Forest	35-45 C	Medium	Zaid	Apple	Fruit	Medium
Karnataka	Forest	35-45 C	Low	Rabi	Sorghum (Jowar)	Cereal	High
Karnataka	Forest	35-45 C	Low	Kharif	Sorghum (Jowar)	Cereal	High
Karnataka	Forest	35-45 C	Low	Zaid	Black Pepper	Spice	Medium
Kerala	Alluvial	15-25 C	High	Rabi	Rice	Cereal	High
Kerala	Alluvial	15-25 C	High	Kharif	Rice	Cereal	High
Kerala	Alluvial	15-25 C	High	Zaid	Arecanut	Plantation	High
Kerala	Alluvial	15-25 C	Medium	Rabi	Wheat	Cereal	High
Kerala	Alluvial	15-25 C	Medium	Kharif	Apple	Fruit	High
Kerala	Alluvial	15-25 C	Medium	Zaid	Onion	Vegetable	High
Kerala	Alluvial	15-25 C	Low	Rabi	Barley	Cereal	High
Kerala	Alluvial	15-25 C	Low	Kharif	Black Gram (Urad)	Pulse	Medium
Kerala	Alluvial	15-25 C	Low	Zaid	Black Gram (Urad)	Pulse	Medium
Kerala	Alluvial	25-35 C	High	Rabi	Rice	Cereal	High
Kerala	Alluvial	25-35 C	High	Kharif	Rice	Cereal	High
Kerala	Alluvial	25-35 C	High	Zaid	Arecanut	Plantation	High
Kerala	Alluvial	25-35 C	Medium	Rabi	Maize	Cereal	High
Kerala	Alluvial	25-35 C	Medium	Kharif	Maize	Cereal	High
Kerala	Alluvial	25-35 C	Medium	Zaid	Cucumber	Vegetable	High
Kerala	Alluvial	25-35 C	Low	Rabi	Rice	Cereal	High
Kerala	Alluvial	25-35 C	Low	Kharif	Black Gram (Urad)	Pulse	High
Kerala	Alluvial	25-35 C	Low	Zaid	Black Gram (Urad)	Pulse	High
Kerala	Alluvial	35-45 C	High	Rabi	Rice	Cereal	High
Kerala	Alluvial	35-45 C	High	Kharif	Rice	Cereal	High
Kerala	Alluvial	35-45 C	High	Zaid	Arecanut	Plantation	High
Kerala	Alluvial	35-45 C	Medium	Rabi	Rice	Cereal	High
Kerala	Alluvial	35-45 C	Medium	Kharif	Rice	Cereal	High
Kerala	Alluvial	35-45 C	Medium	Zaid	Cucumber	Vegetable	High
Kerala	Alluvial	35-45 C	Low	Rabi	Rice	Cereal	High
Kerala	Alluvial	35-45 C	Low	Kharif	Black Gram (Urad)	Pulse	High
Kerala	Alluvial	35-45 C	Low	Zaid	Black Gram (Urad)	Pulse	High
Kerala	Black	15-25 C	High	Rabi	Rice	Cereal	High
Kerala	Black	15-25 C	High	Kharif	Rice	Cereal	High
Kerala	Black	15-25 C	High	Zaid	Cardamom	Spice	High
Kerala	Black	15-25 C	Medium	Rabi	Wheat	Cereal	High
Kerala	Black	15-25 C	Medium	Kharif	Maize	Cereal	Medium
Kerala	Black	15-25 C	Medium	Zaid	Onion	Vegetable	High
Kerala	Black	15-25 C	Low	Rabi	Gram (Chickpea)	Pulse	High
Kerala	Black	15-25 C	Low	Kharif	Black Gram (Urad)	Pulse	Medium
Kerala	Black	15-25 C	Low	Zaid	Black Gram (Urad)	Pulse	Medium
Kerala	Black	25-35 C	High	Rabi	Rice	Cereal	High
Kerala	Black	25-35 C	High	Kharif	Rice	Cereal	High
Kerala	Black	25-35 C	High	Zaid	Rice	Cereal	High
Kerala	Black	25-35 C	Medium	Rabi	Maize	Cereal	High
Kerala	Black	25-35 C	Medium	Kharif	Maize	Cereal	High
Kerala	Black	25-35 C	Medium	Zaid	Groundnut	Oilseed	High
Kerala	Black	25-35 C	Low	Rabi	Rice	Cereal	High
Kerala	Black	25-35 C	Low	Kharif	Black Gram (Urad)	Pulse	High
Kerala	Black	25-35 C	Low	Zaid	Black Gram (Urad)	Pulse	High
Kerala	Black	35-45 C	High	Rabi	Rice	Cereal	High
Kerala	Black	35-45 C	High	Kharif	Rice	Cereal	High
Kerala	Black	35-45 C	High	Zaid	Rice	Cereal	High
Kerala	Black	35-45 C	Medium	Rabi	Rice	Cereal	High
Kerala	Black	35-45 C	Medium	Kharif	Rice	Cereal	High
Kerala	Black	35-45 C	Medium	Zaid	Black Gram (Urad)	Pulse	Medium
Kerala	Black	35-45 C	Low	Rabi	Rice	Cereal	High
Kerala	Black	35-45 C	Low	Kharif	Black Gram (Urad)	Pulse	High
Kerala	Black	35-45 C	Low	Zaid	Black Gram (Urad)	Pulse	High
Kerala	Red	15-25 C	High	Rabi	Coffee	Plantation	High
Kerala	Red	15-25 C	High	Kharif	Coffee	Plantation	High
Kerala	Red	15-25 C	High	Zaid	Coffee	Plantation	High
Kerala	Red	15-25 C	Medium	Rabi	Tomato	Vegetable	High
Kerala	Red	15-25 C	Medium	Kharif	Cashew	Plantation	High
Kerala	Red	15-25 C	Medium	Zaid	Tomato	Vegetable	High
Kerala	Red	15-25 C	Low	Rabi	Coffee	Plantation	High
Kerala	Red	15-25 C	Low	Kharif	Coffee	Plantation	High
Kerala	Red	15-25 C	Low	Zaid	Coffee	Plantation	High
Kerala	Red	25-35 C	High	Rabi	Rice	Cereal	High
Kerala	Red	25-35 C	High	Kharif	Rice	Cereal	High
Kerala	Red	25-35 C	High	Zaid	Black Pepper	Spice	High
Kerala	Red	25-35 C	Medium	Rabi	Cashew	Plantation	High
Kerala	Red	25-35 C	Medium	Kharif	Cashew	Plantation	High
Kerala	Red	25-35 C	Medium	Zaid	Cashew	Plantation	High
Kerala	Red	25-35 C	Low	Rabi	Rice	Cereal	High
Kerala	Red	25-35 C	Low	Kharif	Black Gram (Urad)	Pulse	High
Kerala	Red	25-35 C	Low	Zaid	Black Gram (Urad)	Pulse	High
Kerala	Red	35-45 C	High	Rabi	Rice	Cereal	High
Kerala	Red	35-45 C	High	Kharif	Rice	Cereal	High
Kerala	Red	35-45 C	High	Zaid	Black Pepper	Spice	High
Kerala	Red	35-45 C	Medium	Rabi	Rice	Cereal	High
Kerala	Red	35-45 C	Medium	Kharif	Rice	Cereal	High
Kerala	Red	35-45 C	Medium	Zaid	Cucumber	Vegetable	High
Kerala	Red	35-45 C	Low	Rabi	Rice	Cereal	High
Kerala	Red	35-45 C	Low	Kharif	Black Gram (Urad)	Pulse	High
Kerala	Red	35-45 C	Low	Zaid	Black Gram (Urad)	Pulse	High
Kerala	Laterite	15-25 C	High	Rabi	Cardamom	Spice	High
Kerala	Laterite	15-25 C	High	Kharif	Cardamom	Spice	High
Kerala	Laterite	15-25 C	High	Zaid	Cardamom	Spice	High
Kerala	Laterite	15-25 C	Medium	Rabi	Cardamom	Spice	High
Kerala	Laterite	15-25 C	Medium	Kharif	Cardamom	Spice	High
Kerala	Laterite	15-25 C	Medium	Zaid	Cardamom	Spice	High
Kerala	Laterite	15-25 C	Low	Rabi	Cardamom	Spice	High
Kerala	Laterite	15-25 C	Low	Kharif	Cardamom	Spice	High
Kerala	Laterite	15-25 C	Low	Zaid	Cardamom	Spice	High
Kerala	Laterite	25-35 C	High	Rabi	Rice	Cereal	High
Kerala	Laterite	25-35 C	High	Kharif	Rice	Cereal	High
Kerala	Laterite	25-35 C	High	Zaid	Arecanut	Plantation	High
Kerala	Laterite	25-35 C	Medium	Rabi	Cashew	Plantation	High
Kerala	Laterite	25-35 C	Medium	Kharif	Cashew	Plantation	High
Kerala	Laterite	25-35 C	Medium	Zaid	Cashew	Plantation	High
Kerala	Laterite	25-35 C	Low	Rabi	Rice	Cereal	High
Kerala	Laterite	25-35 C	Low	Kharif	Rice	Cereal	High
Kerala	Laterite	25-35 C	Low	Zaid	Arecanut	Plantation	High
Kerala	Laterite	35-45 C	High	Rabi	Rice	Cereal	High
Kerala	Laterite	35-45 C	High	Kharif	Rice	Cereal	High
Kerala	Laterite	35-45 C	High	Zaid	Arecanut	Plantation	High
Kerala	Laterite	35-45 C	Medium	Rabi	Rice	Cereal	High
Kerala	Laterite	35-45 C	Medium	Kharif	Rice	Cereal	High
Kerala	Laterite	35-45 C	Medium	Zaid	Cashew	Plantation	High
Kerala	Laterite	35-45 C	Low	Rabi	Rice	Cereal	High
Kerala	Laterite	35-45 C	Low	Kharif	Rice	Cereal	High
Kerala	Laterite	35-45 C	Low	Zaid	Arecanut	Plantation	Medium
Kerala	Desert	15-25 C	High	Rabi	Cardamom	Spice	High
Kerala	Desert	15-25 C	High	Kharif	Cardamom	Spice	High
Kerala	Desert	15-25 C	High	Zaid	Cardamom	Spice	High
Kerala	Desert	15-25 C	Medium	Rabi	Barley	Cereal	Medium
Kerala	Desert	15-25 C	Medium	Kharif	Apple	Fruit	Medium
Kerala	Desert	15-25 C	Medium	Zaid	Muskmelon	Vegetable	Medium
Kerala	Desert	15-25 C	Low	Rabi	Barley	Cereal	High
Kerala	Desert	15-25 C	Low	Kharif	Cluster Bean (Guar)	Pulse	Medium
Kerala	Desert	15-25 C	Low	Zaid	Green Gram (Moong)	Pulse	Medium
Kerala	Desert	25-35 C	High	Rabi	Rice	Cereal	High
Kerala	Desert	25-35 C	High	Kharif	Rice	Cereal	High
Kerala	Desert	25-35 C	High	Zaid	Arecanut	Plantation	High
Kerala	Desert	25-35 C	Medium	Rabi	Cashew	Plantation	High
Kerala	Desert	25-35 C	Medium	Kharif	Cashew	Plantation	High
Kerala	Desert	25-35 C	Medium	Zaid	Cashew	Plantation	High
Kerala	Desert	25-35 C	Low	Rabi	Barley	Cereal	Medium
Kerala	Desert	25-35 C	Low	Kharif	Green Gram (Moong)	Pulse	High
Kerala	Desert	25-35 C	Low	Zaid	Green Gram (Moong)	Pulse	High
Kerala	Desert	35-45 C	High	Rabi	Rice	Cereal	High
Kerala	Desert	35-45 C	High	Kharif	Rice	Cereal	High
Kerala	Desert	35-45 C	High	Zaid	Green Gram (Moong)	Pulse	Medium
Kerala	Desert	35-45 C	Medium	Rabi	Rice	Cereal	Medium
Kerala	Desert	35-45 C	Medium	Kharif	Cluster Bean (Guar)	Pulse	Medium
Kerala	Desert	35-45 C	Medium	Zaid	Muskmelon	Vegetable	High
Kerala	Desert	35-45 C	Low	Rabi	Barley	Cereal	Medium
Kerala	Desert	35-45 C	Low	Kharif	Cluster Bean (Guar)	Pulse	High
Kerala	Desert	35-45 C	Low	Zaid	Green Gram (Moong)	Pulse	High
Kerala	Forest	15-25 C	High	Rabi	Cardamom	Spice	High
Kerala	Forest	15-25 C	High	Kharif	Cardamom	Spice	High
Kerala	Forest	15-25 C	High	Zaid	Cardamom	Spice	High
Kerala	Forest	15-25 C	Medium	Rabi	Apple	Fruit	High
Kerala	Forest	15-25 C	Medium	Kharif	Apple	Fruit	High
Kerala	Forest	15-25 C	Medium	Zaid	Apple	Fruit	High
Kerala	Forest	15-25 C	Low	Rabi	Cardamom	Spice	High
Kerala	Forest	15-25 C	Low	Kharif	Cardamom	Spice	High
Kerala	Forest	15-25 C	Low	Zaid	Cardamom	Spice	High
Kerala	Forest	25-35 C	High	Rabi	Black Pepper	Spice	High
Kerala	Forest	25-35 C	High	Kharif	Black Pepper	Spice	High
Kerala	Forest	25-35 C	High	Zaid	Black Pepper	Spice	High
Kerala	Forest	25-35 C	Medium	Rabi	Black Pepper	Spice	High
Kerala	Forest	25-35 C	Medium	Kharif	Black Pepper	Spice	High
Kerala	Forest	25-35 C	Medium	Zaid	Black Pepper	Spice	High
Kerala	Forest	25-35 C	Low	Rabi	Black Pepper	Spice	High
Kerala	Forest	25-35 C	Low	Kharif	Black Pepper	Spice	High
Kerala	Forest	25-35 C	Low	Zaid	Black Pepper	Spice	High
Kerala	Forest	35-45 C	High	Rabi	Black Pepper	Spice	High
Kerala	Forest	35-45 C	High	Kharif	Black Pepper	Spice	High
Kerala	Forest	35-45 C	High	Zaid	Black Pepper	Spice	High
Kerala	Forest	35-45 C	Medium	Rabi	Apple	Fruit	Medium
Kerala	Forest	35-45 C	Medium	Kharif	Apple	Fruit	Medium
Kerala	Forest	35-45 C	Medium	Zaid	Apple	Fruit	Medium
Kerala	Forest	35-45 C	Low	Rabi	Black Pepper	Spice	Medium
Kerala	Forest	35-45 C	Low	Kharif	Black Pepper	Spice	Medium
Kerala	Forest	35-45 C	Low	Zaid	Black Pepper	Spice	Medium
Madhya Pradesh	Alluvial	15-25 C	High	Rabi	Wheat	Cereal	High
Madhya Pradesh	Alluvial	15-25 C	High	Kharif	Wheat	Cereal	High
Madhya Pradesh	Alluvial	15-25 C	High	Zaid	Tomato	Vegetable	High
Madhya Pradesh	Alluvial	15-25 C	Medium	Rabi	Wheat	Cereal	High
Madhya Pradesh	Alluvial	15-25 C	Medium	Kharif	Maize	Cereal	High
Madhya Pradesh	Alluvial	15-25 C	Medium	Zaid	Tomato	Vegetable	High
Madhya Pradesh	Alluvial	15-25 C	Low	Rabi	Gram (Chickpea)	Pulse	High
Madhya Pradesh	Alluvial	15-25 C	Low	Kharif	Black Gram (Urad)	Pulse	High
Madhya Pradesh	Alluvial	15-25 C	Low	Zaid	Black Gram (Urad)	Pulse	High
Madhya Pradesh	Alluvial	25-35 C	High	Rabi	Maize	Cereal	High
Madhya Pradesh	Alluvial	25-35 C	High	Kharif	Black Gram (Urad)	Pulse	High
Madhya Pradesh	Alluvial	25-35 C	High	Zaid	Black Gram (Urad)	Pulse	High
Madhya Pradesh	Alluvial	25-35 C	Medium	Rabi	Maize	Cereal	High
Madhya Pradesh	Alluvial	25-35 C	Medium	Kharif	Maize	Cereal	High
Madhya Pradesh	Alluvial	25-35 C	Medium	Zaid	Tomato	Vegetable	High
Madhya Pradesh	Alluvial	25-35 C	Low	Rabi	Gram (Chickpea)	Pulse	High
Madhya Pradesh	Alluvial	25-35 C	Low	Kharif	Black Gram (Urad)	Pulse	High
Madhya Pradesh	Alluvial	25-35 C	Low	Zaid	Black Gram (Urad)	Pulse	High
Madhya Pradesh	Alluvial	35-45 C	High	Rabi	Rice	Cereal	High
Madhya Pradesh	Alluvial	35-45 C	High	Kharif	Black Gram (Urad)	Pulse	High
Madhya Pradesh	Alluvial	35-45 C	High	Zaid	Black Gram (Urad)	Pulse	High
Madhya Pradesh	Alluvial	35-45 C	Medium	Rabi	Maize	Cereal	High
Madhya Pradesh	Alluvial	35-45 C	Medium	Kharif	Black Gram (Urad)	Pulse	High
Madhya Pradesh	Alluvial	35-45 C	Medium	Zaid	Black Gram (Urad)	Pulse	High
Madhya Pradesh	Alluvial	35-45 C	Low	Rabi	Gram (Chickpea)	Pulse	High
Madhya Pradesh	Alluvial	35-45 C	Low	Kharif	Black Gram (Urad)	Pulse	High
Madhya Pradesh	Alluvial	35-45 C	Low	Zaid	Black Gram (Urad)	Pulse	High
Madhya Pradesh	Black	15-25 C	High	Rabi	Wheat	Cereal	High
Madhya Pradesh	Black	15-25 C	High	Kharif	Wheat	Cereal	High
Madhya Pradesh	Black	15-25 C	High	Zaid	Tomato	Vegetable	High
Madhya Pradesh	Black	15-25 C	Medium	Rabi	Wheat	Cereal	High
Madhya Pradesh	Black	15-25 C	Medium	Kharif	Maize	Cereal	High
Madhya Pradesh	Black	15-25 C	Medium	Zaid	Tomato	Vegetable	High
Madhya Pradesh	Black	15-25 C	Low	Rabi	Gram (Chickpea)	Pulse	High
Madhya Pradesh	Black	15-25 C	Low	Kharif	Black Gram (Urad)	Pulse	High
Madhya Pradesh	Black	15-25 C	Low	Zaid	Black Gram (Urad)	Pulse	High
Madhya Pradesh	Black	25-35 C	High	Rabi	Maize	Cereal	High
Madhya Pradesh	Black	25-35 C	High	Kharif	Black Gram (Urad)	Pulse	High
Madhya Pradesh	Black	25-35 C	High	Zaid	Black Gram (Urad)	Pulse	High
Madhya Pradesh	Black	25-35 C	Medium	Rabi	Maize	Cereal	High
Madhya Pradesh	Black	25-35 C	Medium	Kharif	Maize	Cereal	High
Madhya Pradesh	Black	25-35 C	Medium	Zaid	Tomato	Vegetable	High
Madhya Pradesh	Black	25-35 C	Low	Rabi	Sorghum (Jowar)	Cereal	High
Madhya Pradesh	Black	25-35 C	Low	Kharif	Black Gram (Urad)	Pulse	High
Madhya Pradesh	Black	25-35 C	Low	Zaid	Black Gram (Urad)	Pulse	High
Madhya Pradesh	Black	35-45 C	High	Rabi	Rice	Cereal	High
Madhya Pradesh	Black	35-45 C	High	Kharif	Black Gram (Urad)	Pulse	High
Madhya Pradesh	Black	35-45 C	High	Zaid	Black Gram (Urad)	Pulse	High
Madhya Pradesh	Black	35-45 C	Medium	Rabi	Sorghum (Jowar)	Cereal	High
Madhya Pradesh	Black	35-45 C	Medium	Kharif	Sorghum (Jowar)	Cereal	High
Madhya Pradesh	Black	35-45 C	Medium	Zaid	Black Gram (Urad)	Pulse	High
Madhya Pradesh	Black	35-45 C	Low	Rabi	Sorghum (Jowar)	Cereal	High
Madhya Pradesh	Black	35-45 C	Low	Kharif	Black Gram (Urad)	Pulse	High
Madhya Pradesh	Black	35-45 C	Low	Zaid	Black Gram (Urad)	Pulse	High
Madhya Pradesh	Red	15-25 C	High	Rabi	Tomato	Vegetable	High
Madhya Pradesh	Red	15-25 C	High	Kharif	Coffee	Plantation	High
Madhya Pradesh	Red	15-25 C	High	Zaid	Tomato	Vegetable	High
Madhya Pradesh	Red	15-25 C	Medium	Rabi	Tomato	Vegetable	High
Madhya Pradesh	Red	15-25 C	Medium	Kharif	Maize	Cereal	High
Madhya Pradesh	Red	15-25 C	Medium	Zaid	Tomato	Vegetable	High
Madhya Pradesh	Red	15-25 C	Low	Rabi	Sorghum (Jowar)	Cereal	High
Madhya Pradesh	Red	15-25 C	Low	Kharif	Black Gram (Urad)	Pulse	High
Madhya Pradesh	Red	15-25 C	Low	Zaid	Black Gram (Urad)	Pulse	High
Madhya Pradesh	Red	25-35 C	High	Rabi	Maize	Cereal	High
Madhya Pradesh	Red	25-35 C	High	Kharif	Black Gram (Urad)	Pulse	High
Madhya Pradesh	Red	25-35 C	High	Zaid	Black Gram (Urad)	Pulse	High
Madhya Pradesh	Red	25-35 C	Medium	Rabi	Maize	Cereal	High
Madhya Pradesh	Red	25-35 C	Medium	Kharif	Maize	Cereal	High
Madhya Pradesh	Red	25-35 C	Medium	Zaid	Tomato	Vegetable	High
Madhya Pradesh	Red	25-35 C	Low	Rabi	Sorghum (Jowar)	Cereal	High
Madhya Pradesh	Red	25-35 C	Low	Kharif	Black Gram (Urad)	Pulse	High
Madhya Pradesh	Red	25-35 C	Low	Zaid	Black Gram (Urad)	Pulse	High
Madhya Pradesh	Red	35-45 C	High	Rabi	Rice	Cereal	High
Madhya Pradesh	Red	35-45 C	High	Kharif	Black Gram (Urad)	Pulse	High
Madhya Pradesh	Red	35-45 C	High	Zaid	Black Gram (Urad)	Pulse	High
Madhya Pradesh	Red	35-45 C	Medium	Rabi	Sorghum (Jowar)	Cereal	High
Madhya Pradesh	Red	35-45 C	Medium	Kharif	Sorghum (Jowar)	Cereal	High
Madhya Pradesh	Red	35-45 C	Medium	Zaid	Black Gram (Urad)	Pulse	High
Madhya Pradesh	Red	35-45 C	Low	Rabi	Sorghum (Jowar)	Cereal	High
Madhya Pradesh	Red	35-45 C	Low	Kharif	Black Gram (Urad)	Pulse	High
Madhya Pradesh	Red	35-45 C	Low	Zaid	Black Gram (Urad)	Pulse	High
Madhya Pradesh	Laterite	15-25 C	High	Rabi	Cardamom	Spice	High
Madhya Pradesh	Laterite	15-25 C	High	Kharif	Cardamom	Spice	High
Madhya Pradesh	Laterite	15-25 C	High	Zaid	Cardamom	Spice	High
Madhya Pradesh	Laterite	15-25 C	Medium	Rabi	Wheat	Cereal	High
Madhya Pradesh	Laterite	15-25 C	Medium	Kharif	Finger Millet (Ragi)	Cereal	Medium
Madhya Pradesh	Laterite	15-25 C	Medium	Zaid	Tomato	Vegetable	High
Madhya Pradesh	Laterite	15-25 C	Low	Rabi	Gram (Chickpea)	Pulse	High
Madhya Pradesh	Laterite	15-25 C	Low	Kharif	Cardamom	Spice	Medium
Madhya Pradesh	Laterite	15-25 C	Low	Zaid	Cardamom	Spice	Medium
Madhya Pradesh	Laterite	25-35 C	High	Rabi	Rice	Cereal	High
Madhya Pradesh	Laterite	25-35 C	High	Kharif	Rice	Cereal	High
Madhya Pradesh	Laterite	25-35 C	High	Zaid	Arecanut	Plantation	High
Madhya Pradesh	Laterite	25-35 C	Medium	Rabi	Cashew	Plantation	High
Madhya Pradesh	Laterite	25-35 C	Medium	Kharif	Finger Millet (Ragi)	Cereal	High
Madhya Pradesh	Laterite	25-35 C	Medium	Zaid	Cashew	Plantation	High
Madhya Pradesh	Laterite	25-35 C	Low	Rabi	Sorghum (Jowar)	Cereal	High
Madhya Pradesh	Laterite	25-35 C	Low	Kharif	Black Gram (Urad)	Pulse	High
Madhya Pradesh	Laterite	25-35 C	Low	Zaid	Black Gram (Urad)	Pulse	High
Madhya Pradesh	Laterite	35-45 C	High	Rabi	Rice	Cereal	High
Madhya Pradesh	Laterite	35-45 C	High	Kharif	Rice	Cereal	High
Madhya Pradesh	Laterite	35-45 C	High	Zaid	Arecanut	Plantation	Medium
Madhya Pradesh	Laterite	35-45 C	Medium	Rabi	Sorghum (Jowar)	Cereal	High
Madhya Pradesh	Laterite	35-45 C	Medium	Kharif	Sorghum (Jowar)	Cereal	High
Madhya Pradesh	Laterite	35-45 C	Medium	Zaid	Cashew	Plantation	Medium
Madhya Pradesh	Laterite	35-45 C	Low	Rabi	Sorghum (Jowar)	Cereal	High
Madhya Pradesh	Laterite	35-45 C	Low	Kharif	Black Gram (Urad)	Pulse	High
Madhya Pradesh	Laterite	35-45 C	Low	Zaid	Black Gram (Urad)	Pulse	High
Madhya Pradesh	Desert	15-25 C	High	Rabi	Wheat	Cereal	High
Madhya Pradesh	Desert	15-25 C	High	Kharif	Cardamom	Spice	Medium
Madhya Pradesh	Desert	15-25 C	High	Zaid	Tomato	Vegetable	Medium
Madhya Pradesh	Desert	15-25 C	Medium	Rabi	Wheat	Cereal	High
Madhya Pradesh	Desert	15-25 C	Medium	Kharif	Maize	Cereal	Medium
Madhya Pradesh	Desert	15-25 C	Medium	Zaid	Tomato	Vegetable	High
Madhya Pradesh	Desert	15-25 C	Low	Rabi	Barley	Cereal	High
Madhya Pradesh	Desert	15-25 C	Low	Kharif	Cluster Bean (Guar)	Pulse	Medium
Madhya Pradesh	Desert	15-25 C	Low	Zaid	Green Gram (Moong)	Pulse	Medium
Madhya Pradesh	Desert	25-35 C	High	Rabi	Maize	Cereal	Medium
Madhya Pradesh	Desert	25-35 C	High	Kharif	Green Gram (Moong)	Pulse	Medium
Madhya Pradesh	Desert	25-35 C	High	Zaid	Green Gram (Moong)	Pulse	Medium
Madhya Pradesh	Desert	25-35 C	Medium	Rabi	Maize	Cereal	High
Madhya Pradesh	Desert	25-35 C	Medium	Kharif	Maize	Cereal	High
Madhya Pradesh	Desert	25-35 C	Medium	Zaid	Tomato	Vegetable	High
Madhya Pradesh	Desert	25-35 C	Low	Rabi	Sorghum (Jowar)	Cereal	High
Madhya Pradesh	Desert	25-35 C	Low	Kharif	Green Gram (Moong)	Pulse	High
Madhya Pradesh	Desert	25-35 C	Low	Zaid	Green Gram (Moong)	Pulse	High
Madhya Pradesh	Desert	35-45 C	High	Rabi	Rice	Cereal	Medium
Madhya Pradesh	Desert	35-45 C	High	Kharif	Cluster Bean (Guar)	Pulse	Medium
Madhya Pradesh	Desert	35-45 C	High	Zaid	Green Gram (Moong)	Pulse	Medium
Madhya Pradesh	Desert	35-45 C	Medium	Rabi	Sorghum (Jowar)	Cereal	High
Madhya Pradesh	Desert	35-45 C	Medium	Kharif	Sorghum (Jowar)	Cereal	High
Madhya Pradesh	Desert	35-45 C	Medium	Zaid	Muskmelon	Vegetable	High
Madhya Pradesh	Desert	35-45 C	Low	Rabi	Sorghum (Jowar)	Cereal	High
Madhya Pradesh	Desert	35-45 C	Low	Kharif	Cluster Bean (Guar)	Pulse	High
Madhya Pradesh	Desert	35-45 C	Low	Zaid	Green Gram (Moong)	Pulse	High
Madhya Pradesh	Forest	15-25 C	High	Rabi	Cardamom	Spice	High
Madhya Pradesh	Forest	15-25 C	High	Kharif	Cardamom	Spice	High
Madhya Pradesh	Forest	15-25 C	High	Zaid	Cardamom	Spice	High
Madhya Pradesh	Forest	15-25 C	Medium	Rabi	Apple	Fruit	High
Madhya Pradesh	Forest	15-25 C	Medium	Kharif	Apple	Fruit	High
Madhya Pradesh	Forest	15-25 C	Medium	Zaid	Apple	Fruit	High
Madhya Pradesh	Forest	15-25 C	Low	Rabi	Gram (Chickpea)	Pulse	High
Madhya Pradesh	Forest	15-25 C	Low	Kharif	Apple	Fruit	Medium
Madhya Pradesh	Forest	15-25 C	Low	Zaid	Apple	Fruit	Medium
Madhya Pradesh	Forest	25-35 C	High	Rabi	Black Pepper	Spice	High
Madhya Pradesh	Forest	25-35 C	High	Kharif	Black Pepper	Spice	High
Madhya Pradesh	Forest	25-35 C	High	Zaid	Black Pepper	Spice	High
Madhya Pradesh	Forest	25-35 C	Medium	Rabi	Maize	Cereal	High
Madhya Pradesh	Forest	25-35 C	Medium	Kharif	Maize	Cereal	High
Madhya Pradesh	Forest	25-35 C	Medium	Zaid	Tomato	Vegetable	High
Madhya Pradesh	Forest	25-35 C	Low	Rabi	Sorghum (Jowar)	Cereal	High
Madhya Pradesh	Forest	25-35 C	Low	Kharif	Black Gram (Urad)	Pulse	High
Madhya Pradesh	Forest	25-35 C	Low	Zaid	Black Gram (Urad)	Pulse	High
Madhya Pradesh	Forest	35-45 C	High	Rabi	Black Pepper	Spice	Medium
Madhya Pradesh	Forest	35-45 C	High	Kharif	Black Pepper	Spice	Medium
Madhya Pradesh	Forest	35-45 C	High	Zaid	Black Pepper	Spice	Medium
Madhya Pradesh	Forest	35-45 C	Medium	Rabi	Sorghum (Jowar)	Cereal	High
Madhya Pradesh	Forest	35-45 C	Medium	Kharif	Sorghum (Jowar)	Cereal	High
Madhya Pradesh	Forest	35-45 C	Medium	Zaid	Apple	Fruit	Medium
Madhya Pradesh	Forest	35-45 C	Low	Rabi	Sorghum (Jowar)	Cereal	High
Madhya Pradesh	Forest	35-45 C	Low	Kharif	Black Gram (Urad)	Pulse	High
Madhya Pradesh	Forest	35-45 C	Low	Zaid	Black Gram (Urad)	Pulse	High
Maharashtra	Alluvial	15-25 C	High	Rabi	Gram (Chickpea)	Pulse	High
Maharashtra	Alluvial	15-25 C	High	Kharif	Sugarcane	Cash Crop	High
Maharashtra	Alluvial	15-25 C	High	Zaid	Onion	Vegetable	High
Maharashtra	Alluvial	15-25 C	Medium	Rabi	Onion	Vegetable	High
Maharashtra	Alluvial	15-25 C	Medium	Kharif	Apple	Fruit	High
Maharashtra	Alluvial	15-25 C	Medium	Zaid	Onion	Vegetable	High
Maharashtra	Alluvial	15-25 C	Low	Rabi	Gram (Chickpea)	Pulse	High
Maharashtra	Alluvial	15-25 C	Low	Kharif	Green Gram (Moong)	Pulse	High
Maharashtra	Alluvial	15-25 C	Low	Zaid	Green Gram (Moong)	Pulse	High
Maharashtra	Alluvial	25-35 C	High	Rabi	Sugarcane	Cash Crop	High
Maharashtra	Alluvial	25-35 C	High	Kharif	Sugarcane	Cash Crop	High
Maharashtra	Alluvial	25-35 C	High	Zaid	Banana	Fruit	High
Maharashtra	Alluvial	25-35 C	Medium	Rabi	Onion	Vegetable	High
Maharashtra	Alluvial	25-35 C	Medium	Kharif	Green Gram (Moong)	Pulse	High
Maharashtra	Alluvial	25-35 C	Medium	Zaid	Onion	Vegetable	High
Maharashtra	Alluvial	25-35 C	Low	Rabi	Gram (Chickpea)	Pulse	High
Maharashtra	Alluvial	25-35 C	Low	Kharif	Green Gram (Moong)	Pulse	High
Maharashtra	Alluvial	25-35 C	Low	Zaid	Green Gram (Moong)	Pulse	High
Maharashtra	Alluvial	35-45 C	High	Rabi	Rice	Cereal	High
Maharashtra	Alluvial	35-45 C	High	Kharif	Green Gram (Moong)	Pulse	High
Maharashtra	Alluvial	35-45 C	High	Zaid	Green Gram (Moong)	Pulse	High
Maharashtra	Alluvial	35-45 C	Medium	Rabi	Onion	Vegetable	High
Maharashtra	Alluvial	35-45 C	Medium	Kharif	Green Gram (Moong)	Pulse	High
Maharashtra	Alluvial	35-45 C	Medium	Zaid	Green Gram (Moong)	Pulse	High
Maharashtra	Alluvial	35-45 C	Low	Rabi	Gram (Chickpea)	Pulse	High
Maharashtra	Alluvial	35-45 C	Low	Kharif	Green Gram (Moong)	Pulse	High
Maharashtra	Alluvial	35-45 C	Low	Zaid	Green Gram (Moong)	Pulse	High
Maharashtra	Black	15-25 C	High	Rabi	Gram (Chickpea)	Pulse	High
Maharashtra	Black	15-25 C	High	Kharif	Sugarcane	Cash Crop	High
Maharashtra	Black	15-25 C	High	Zaid	Onion	Vegetable	High
Maharashtra	Black	15-25 C	Medium	Rabi	Onion	Vegetable	High
Maharashtra	Black	15-25 C	Medium	Kharif	Pigeon Pea (Arhar/Tur)	Pulse	High
Maharashtra	Black	15-25 C	Medium	Zaid	Onion	Vegetable	High
Maharashtra	Black	15-25 C	Low	Rabi	Gram (Chickpea)	Pulse	High
Maharashtra	Black	15-25 C	Low	Kharif	Green Gram (Moong)	Pulse	High
Maharashtra	Black	15-25 C	Low	Zaid	Green Gram (Moong)	Pulse	High
Maharashtra	Black	25-35 C	High	Rabi	Sugarcane	Cash Crop	High
Maharashtra	Black	25-35 C	High	Kharif	Sugarcane	Cash Crop	High
Maharashtra	Black	25-35 C	High	Zaid	Green Gram (Moong)	Pulse	High
Maharashtra	Black	25-35 C	Medium	Rabi	Sorghum (Jowar)	Cereal	High
Maharashtra	Black	25-35 C	Medium	Kharif	Pigeon Pea (Arhar/Tur)	Pulse	High
Maharashtra	Black	25-35 C	Medium	Zaid	Onion	Vegetable	High
Maharashtra	Black	25-35 C	Low	Rabi	Sorghum (Jowar)	Cereal	High
Maharashtra	Black	25-35 C	Low	Kharif	Green Gram (Moong)	Pulse	High
Maharashtra	Black	25-35 C	Low	Zaid	Green Gram (Moong)	Pulse	High
Maharashtra	Black	35-45 C	High	Rabi	Rice	Cereal	High
Maharashtra	Black	35-45 C	High	Kharif	Green Gram (Moong)	Pulse	High
Maharashtra	Black	35-45 C	High	Zaid	Green Gram (Moong)	Pulse	High
Maharashtra	Black	35-45 C	Medium	Rabi	Sorghum (Jowar)	Cereal	High
Maharashtra	Black	35-45 C	Medium	Kharif	Sorghum (Jowar)	Cereal	High
Maharashtra	Black	35-45 C	Medium	Zaid	Green Gram (Moong)	Pulse	High
Maharashtra	Black	35-45 C	Low	Rabi	Sorghum (Jowar)	Cereal	High
Maharashtra	Black	35-45 C	Low	Kharif	Green Gram (Moong)	Pulse	High
Maharashtra	Black	35-45 C	Low	Zaid	Green Gram (Moong)	Pulse	High
Maharashtra	Red	15-25 C	High	Rabi	Banana	Fruit	High
Maharashtra	Red	15-25 C	High	Kharif	Banana	Fruit	High
Maharashtra	Red	15-25 C	High	Zaid	Banana	Fruit	High
Maharashtra	Red	15-25 C	Medium	Rabi	Sorghum (Jowar)	Cereal	High
Maharashtra	Red	15-25 C	Medium	Kharif	Pigeon Pea (Arhar/Tur)	Pulse	High
Maharashtra	Red	15-25 C	Medium	Zaid	Sunflower	Oilseed	High
Maharashtra	Red	15-25 C	Low	Rabi	Sorghum (Jowar)	Cereal	High
Maharashtra	Red	15-25 C	Low	Kharif	Green Gram (Moong)	Pulse	High
Maharashtra	Red	15-25 C	Low	Zaid	Green Gram (Moong)	Pulse	High
Maharashtra	Red	25-35 C	High	Rabi	Banana	Fruit	High
Maharashtra	Red	25-35 C	High	Kharif	Banana	Fruit	High
Maharashtra	Red	25-35 C	High	Zaid	Banana	Fruit	High
Maharashtra	Red	25-35 C	Medium	Rabi	Sorghum (Jowar)	Cereal	High
Maharashtra	Red	25-35 C	Medium	Kharif	Pigeon Pea (Arhar/Tur)	Pulse	High
Maharashtra	Red	25-35 C	Medium	Zaid	Sunflower	Oilseed	High
Maharashtra	Red	25-35 C	Low	Rabi	Sorghum (Jowar)	Cereal	High
Maharashtra	Red	25-35 C	Low	Kharif	Green Gram (Moong)	Pulse	High
Maharashtra	Red	25-35 C	Low	Zaid	Green Gram (Moong)	Pulse	High
Maharashtra	Red	35-45 C	High	Rabi	Rice	Cereal	High
Maharashtra	Red	35-45 C	High	Kharif	Green Gram (Moong)	Pulse	High
Maharashtra	Red	35-45 C	High	Zaid	Green Gram (Moong)	Pulse	High
Maharashtra	Red	35-45 C	Medium	Rabi	Sorghum (Jowar)	Cereal	High
Maharashtra	Red	35-45 C	Medium	Kharif	Sorghum (Jowar)	Cereal	High
Maharashtra	Red	35-45 C	Medium	Zaid	Green Gram (Moong)	Pulse	High
Maharashtra	Red	35-45 C	Low	Rabi	Sorghum (Jowar)	Cereal	High
Maharashtra	Red	35-45 C	Low	Kharif	Green Gram (Moong)	Pulse	High
Maharashtra	Red	35-45 C	Low	Zaid	Green Gram (Moong)	Pulse	High
Maharashtra	Laterite	15-25 C	High	Rabi	Banana	Fruit	High
Maharashtra	Laterite	15-25 C	High	Kharif	Banana	Fruit	High
Maharashtra	Laterite	15-25 C	High	Zaid	Banana	Fruit	High
Maharashtra	Laterite	15-25 C	Medium	Rabi	Cashew	Plantation	High
Maharashtra	Laterite	15-25 C	Medium	Kharif	Cashew	Plantation	High
Maharashtra	Laterite	15-25 C	Medium	Zaid	Cashew	Plantation	High
Maharashtra	Laterite	15-25 C	Low	Rabi	Gram (Chickpea)	Pulse	High
Maharashtra	Laterite	15-25 C	Low	Kharif	Banana	Fruit	Medium
Maharashtra	Laterite	15-25 C	Low	Zaid	Banana	Fruit	Medium
Maharashtra	Laterite	25-35 C	High	Rabi	Banana	Fruit	High
Maharashtra	Laterite	25-35 C	High	Kharif	Banana	Fruit	High
Maharashtra	Laterite	25-35 C	High	Zaid	Banana	Fruit	High
Maharashtra	Laterite	25-35 C	Medium	Rabi	Cashew	Plantation	High
Maharashtra	Laterite	25-35 C	Medium	Kharif	Cashew	Plantation	High
Maharashtra	Laterite	25-35 C	Medium	Zaid	Cashew	Plantation	High
Maharashtra	Laterite	25-35 C	Low	Rabi	Banana	Fruit	High
Maharashtra	Laterite	25-35 C	Low	Kharif	Banana	Fruit	High
Maharashtra	Laterite	25-35 C	Low	Zaid	Banana	Fruit	High
Maharashtra	Laterite	35-45 C	High	Rabi	Rice	Cereal	High
Maharashtra	Laterite	35-45 C	High	Kharif	Rice	Cereal	High
Maharashtra	Laterite	35-45 C	High	Zaid	Banana	Fruit	High
Maharashtra	Laterite	35-45 C	Medium	Rabi	Cashew	Plantation	High
Maharashtra	Laterite	35-45 C	Medium	Kharif	Cashew	Plantation	High
Maharashtra	Laterite	35-45 C	Medium	Zaid	Cashew	Plantation	High
Maharashtra	Laterite	35-45 C	Low	Rabi	Sorghum (Jowar)	Cereal	High
Maharashtra	Laterite	35-45 C	Low	Kharif	Green Gram (Moong)	Pulse	High
Maharashtra	Laterite	35-45 C	Low	Zaid	Green Gram (Moong)	Pulse	High
Maharashtra	Desert	15-25 C	High	Rabi	Barley	Cereal	Medium
Maharashtra	Desert	15-25 C	High	Kharif	Green Gram (Moong)	Pulse	Medium
Maharashtra	Desert	15-25 C	High	Zaid	Green Gram (Moong)	Pulse	Medium
Maharashtra	Desert	15-25 C	Medium	Rabi	Onion	Vegetable	High
Maharashtra	Desert	15-25 C	Medium	Kharif	Green Gram (Moong)	Pulse	Medium
Maharashtra	Desert	15-25 C	Medium	Zaid	Onion	Vegetable	High
Maharashtra	Desert	15-25 C	Low	Rabi	Barley	Cereal	High
Maharashtra	Desert	15-25 C	Low	Kharif	Green Gram (Moong)	Pulse	High
Maharashtra	Desert	15-25 C	Low	Zaid	Green Gram (Moong)	Pulse	High
Maharashtra	Desert	25-35 C	High	Rabi	Sugarcane	Cash Crop	High
Maharashtra	Desert	25-35 C	High	Kharif	Green Gram (Moong)	Pulse	High
Maharashtra	Desert	25-35 C	High	Zaid	Green Gram (Moong)	Pulse	High
Maharashtra	Desert	25-35 C	Medium	Rabi	Sorghum (Jowar)	Cereal	High
Maharashtra	Desert	25-35 C	Medium	Kharif	Green Gram (Moong)	Pulse	High
Maharashtra	Desert	25-35 C	Medium	Zaid	Green Gram (Moong)	Pulse	High
Maharashtra	Desert	25-35 C	Low	Rabi	Green Gram (Moong)	Pulse	High
Maharashtra	Desert	25-35 C	Low	Kharif	Green Gram (Moong)	Pulse	High
Maharashtra	Desert	25-35 C	Low	Zaid	Green Gram (Moong)	Pulse	High
Maharashtra	Desert	35-45 C	High	Rabi	Green Gram (Moong)	Pulse	Medium
Maharashtra	Desert	35-45 C	High	Kharif	Green Gram (Moong)	Pulse	High
Maharashtra	Desert	35-45 C	High	Zaid	Green Gram (Moong)	Pulse	High
Maharashtra	Desert	35-45 C	Medium	Rabi	Sorghum (Jowar)	Cereal	High
Maharashtra	Desert	35-45 C	Medium	Kharif	Green Gram (Moong)	Pulse	High
Maharashtra	Desert	35-45 C	Medium	Zaid	Green Gram (Moong)	Pulse	High
Maharashtra	Desert	35-45 C	Low	Rabi	Green Gram (Moong)	Pulse	High
Maharashtra	Desert	35-45 C	Low	Kharif	Green Gram (Moong)	Pulse	High
Maharashtra	Desert	35-45 C	Low	Zaid	Green Gram (Moong)	Pulse	High
Maharashtra	Forest	15-25 C	High	Rabi	Cardamom	Spice	High
Maharashtra	Forest	15-25 C	High	Kharif	Cardamom	Spice	High
Maharashtra	Forest	15-25 C	High	Zaid	Cardamom	Spice	High
Maharashtra	Forest	15-25 C	Medium	Rabi	Apple	Fruit	High
Maharashtra	Forest	15-25 C	Medium	Kharif	Apple	Fruit	High
Maharashtra	Forest	15-25 C	Medium	Zaid	Apple	Fruit	High
Maharashtra	Forest	15-25 C	Low	Rabi	Gram (Chickpea)	Pulse	High
Maharashtra	Forest	15-25 C	Low	Kharif	Apple	Fruit	Medium
Maharashtra	Forest	15-25 C	Low	Zaid	Apple	Fruit	Medium
Maharashtra	Forest	25-35 C	High	Rabi	Black Pepper	Spice	High
Maharashtra	Forest	25-35 C	High	Kharif	Black Pepper	Spice	High
Maharashtra	Forest	25-35 C	High	Zaid	Black Pepper	Spice	High
Maharashtra	Forest	25-35 C	Medium	Rabi	Sorghum (Jowar)	Cereal	High
Maharashtra	Forest	25-35 C	Medium	Kharif	Pigeon Pea (Arhar/Tur)	Pulse	High
Maharashtra	Forest	25-35 C	Medium	Zaid	Onion	Vegetable	High
Maharashtra	Forest	25-35 C	Low	Rabi	Sorghum (Jowar)	Cereal	High
Maharashtra	Forest	25-35 C	Low	Kharif	Green Gram (Moong)	Pulse	High
Maharashtra	Forest	25-35 C	Low	Zaid	Green Gram (Moong)	Pulse	High
Maharashtra	Forest	35-45 C	High	Rabi	Black Pepper	Spice	Medium
Maharashtra	Forest	35-45 C	High	Kharif	Black Pepper	Spice	Medium
Maharashtra	Forest	35-45 C	High	Zaid	Black Pepper	Spice	Medium
Maharashtra	Forest	35-45 C	Medium	Rabi	Sorghum (Jowar)	Cereal	High
Maharashtra	Forest	35-45 C	Medium	Kharif	Sorghum (Jowar)	Cereal	High
Maharashtra	Forest	35-45 C	Medium	Zaid	Apple	Fruit	Medium
Maharashtra	Forest	35-45 C	Low	Rabi	Sorghum (Jowar)	Cereal	High
Maharashtra	Forest	35-45 C	Low	Kharif	Green Gram (Moong)	Pulse	High
Maharashtra	Forest	35-45 C	Low	Zaid	Green Gram (Moong)	Pulse	High
Manipur	Alluvial	15-25 C	High	Rabi	Wheat	Cereal	High
Manipur	Alluvial	15-25 C	High	Kharif	Rice	Cereal	Medium
Manipur	Alluvial	15-25 C	High	Zaid	Onion	Vegetable	Medium
Manipur	Alluvial	15-25 C	Medium	Rabi	Wheat	Cereal	High
Manipur	Alluvial	15-25 C	Medium	Kharif	Apple	Fruit	High
Manipur	Alluvial	15-25 C	Medium	Zaid	Onion	Vegetable	High
Manipur	Alluvial	15-25 C	Low	Rabi	Barley	Cereal	High
Manipur	Alluvial	15-25 C	Low	Kharif	Black Gram (Urad)	Pulse	Medium
Manipur	Alluvial	15-25 C	Low	Zaid	Black Gram (Urad)	Pulse	Medium
Manipur	Alluvial	25-35 C	High	Rabi	Rice	Cereal	High
Manipur	Alluvial	25-35 C	High	Kharif	Rice	Cereal	High
Manipur	Alluvial	25-35 C	High	Zaid	Arecanut	Plantation	High
Manipur	Alluvial	25-35 C	Medium	Rabi	Maize	Cereal	High
Manipur	Alluvial	25-35 C	Medium	Kharif	Maize	Cereal	High
Manipur	Alluvial	25-35 C	Medium	Zaid	Cucumber	Vegetable	High
Manipur	Alluvial	25-35 C	Low	Rabi	Barley	Cereal	Medium
Manipur	Alluvial	25-35 C	Low	Kharif	Black Gram (Urad)	Pulse	High
Manipur	Alluvial	25-35 C	Low	Zaid	Black Gram (Urad)	Pulse	High
Manipur	Alluvial	35-45 C	High	Rabi	Rice	Cereal	High
Manipur	Alluvial	35-45 C	High	Kharif	Rice	Cereal	High
Manipur	Alluvial	35-45 C	High	Zaid	Black Gram (Urad)	Pulse	Medium
Manipur	Alluvial	35-45 C	Medium	Rabi	Maize	Cereal	Medium
Manipur	Alluvial	35-45 C	Medium	Kharif	Black Gram (Urad)	Pulse	Medium
Manipur	Alluvial	35-45 C	Medium	Zaid	Cucumber	Vegetable	High
Manipur	Alluvial	35-45 C	Low	Rabi	Barley	Cereal	Medium
Manipur	Alluvial	35-45 C	Low	Kharif	Black Gram (Urad)	Pulse	High
Manipur	Alluvial	35-45 C	Low	Zaid	Black Gram (Urad)	Pulse	High
Manipur	Black	15-25 C	High	Rabi	Wheat	Cereal	High
Manipur	Black	15-25 C	High	Kharif	Rice	Cereal	Medium
Manipur	Black	15-25 C	High	Zaid	Onion	Vegetable	Medium
Manipur	Black	15-25 C	Medium	Rabi	Wheat	Cereal	High
Manipur	Black	15-25 C	Medium	Kharif	Maize	Cereal	Medium
Manipur	Black	15-25 C	Medium	Zaid	Onion	Vegetable	High
Manipur	Black	15-25 C	Low	Rabi	Gram (Chickpea)	Pulse	High
Manipur	Black	15-25 C	Low	Kharif	Black Gram (Urad)	Pulse	Medium
Manipur	Black	15-25 C	Low	Zaid	Black Gram (Urad)	Pulse	Medium
Manipur	Black	25-35 C	High	Rabi	Rice	Cereal	High
Manipur	Black	25-35 C	High	Kharif	Rice	Cereal	High
Manipur	Black	25-35 C	High	Zaid	Black Gram (Urad)	Pulse	Medium
Manipur	Black	25-35 C	Medium	Rabi	Maize	Cereal	High
Manipur	Black	25-35 C	Medium	Kharif	Maize	Cereal	High
Manipur	Black	25-35 C	Medium	Zaid	Groundnut	Oilseed	High
Manipur	Black	25-35 C	Low	Rabi	Sorghum (Jowar)	Cereal	High
Manipur	Black	25-35 C	Low	Kharif	Black Gram (Urad)	Pulse	High
Manipur	Black	25-35 C	Low	Zaid	Black Gram (Urad)	Pulse	High
Manipur	Black	35-45 C	High	Rabi	Rice	Cereal	High
Manipur	Black	35-45 C	High	Kharif	Rice	Cereal	High
Manipur	Black	35-45 C	High	Zaid	Black Gram (Urad)	Pulse	Medium
Manipur	Black	35-45 C	Medium	Rabi	Sorghum (Jowar)	Cereal	High
Manipur	Black	35-45 C	Medium	Kharif	Sorghum (Jowar)	Cereal	High
Manipur	Black	35-45 C	Medium	Zaid	Black Gram (Urad)	Pulse	Medium
Manipur	Black	35-45 C	Low	Rabi	Sorghum (Jowar)	Cereal	High
Manipur	Black	35-45 C	Low	Kharif	Black Gram (Urad)	Pulse	High
Manipur	Black	35-45 C	Low	Zaid	Black Gram (Urad)	Pulse	High
Manipur	Red	15-25 C	High	Rabi	Coffee	Plantation	High
Manipur	Red	15-25 C	High	Kharif	Coffee	Plantation	High
Manipur	Red	15-25 C	High	Zaid	Coffee	Plantation	High
Manipur	Red	15-25 C	Medium	Rabi	Tomato	Vegetable	High
Manipur	Red	15-25 C	Medium	Kharif	Finger Millet (Ragi)	Cereal	Medium
Manipur	Red	15-25 C	Medium	Zaid	Tomato	Vegetable	High
Manipur	Red	15-25 C	Low	Rabi	Sorghum (Jowar)	Cereal	Medium
Manipur	Red	15-25 C	Low	Kharif	Black Gram (Urad)	Pulse	Medium
Manipur	Red	15-25 C	Low	Zaid	Black Gram (Urad)	Pulse	Medium
Manipur	Red	25-35 C	High	Rabi	Rice	Cereal	High
Manipur	Red	25-35 C	High	Kharif	Rice	Cereal	High
Manipur	Red	25-35 C	High	Zaid	Banana	Fruit	High
Manipur	Red	25-35 C	Medium	Rabi	Maize	Cereal	High
Manipur	Red	25-35 C	Medium	Kharif	Finger Millet (Ragi)	Cereal	High
Manipur	Red	25-35 C	Medium	Zaid	Cucumber	Vegetable	High
Manipur	Red	25-35 C	Low	Rabi	Sorghum (Jowar)	Cereal	High
Manipur	Red	25-35 C	Low	Kharif	Black Gram (Urad)	Pulse	High
Manipur	Red	25-35 C	Low	Zaid	Black Gram (Urad)	Pulse	High
Manipur	Red	35-45 C	High	Rabi	Rice	Cereal	High
Manipur	Red	35-45 C	High	Kharif	Rice	Cereal	High
Manipur	Red	35-45 C	High	Zaid	Black Gram (Urad)	Pulse	Medium
Manipur	Red	35-45 C	Medium	Rabi	Sorghum (Jowar)	Cereal	High
Manipur	Red	35-45 C	Medium	Kharif	Sorghum (Jowar)	Cereal	High
Manipur	Red	35-45 C	Medium	Zaid	Cucumber	Vegetable	High
Manipur	Red	35-45 C	Low	Rabi	Sorghum (Jowar)	Cereal	High
Manipur	Red	35-45 C	Low	Kharif	Black Gram (Urad)	Pulse	High
Manipur	Red	35-45 C	Low	Zaid	Black Gram (Urad)	Pulse	High
Manipur	Laterite	15-25 C	High	Rabi	Cardamom	Spice	High
Manipur	Laterite	15-25 C	High	Kharif	Cardamom	Spice	High
Manipur	Laterite	15-25 C	High	Zaid	Cardamom	Spice	High
Manipur	Laterite	15-25 C	Medium	Rabi	Cardamom	Spice	Medium
Manipur	Laterite	15-25 C	Medium	Kharif	Finger Millet (Ragi)	Cereal	Medium
Manipur	Laterite	15-25 C	Medium	Zaid	Cardamom	Spice	Medium
Manipur	Laterite	15-25 C	Low	Rabi	Cardamom	Spice	Medium
Manipur	Laterite	15-25 C	Low	Kharif	Cardamom	Spice	Medium
Manipur	Laterite	15-25 C	Low	Zaid	Cardamom	Spice	Medium
Manipur	Laterite	25-35 C	High	Rabi	Rice	Cereal	High
Manipur	Laterite	25-35 C	High	Kharif	Rice	Cereal	High
Manipur	Laterite	25-35 C	High	Zaid	Arecanut	Plantation	High
Manipur	Laterite	25-35 C	Medium	Rabi	Cashew	Plantation	High
Manipur	Laterite	25-35 C	Medium	Kharif	Finger Millet (Ragi)	Cereal	High
Manipur	Laterite	25-35 C	Medium	Zaid	Cashew	Plantation	High
Manipur	Laterite	25-35 C	Low	Rabi	Rice	Cereal	Medium
Manipur	Laterite	25-35 C	Low	Kharif	Finger Millet (Ragi)	Cereal	Medium
Manipur	Laterite	25-35 C	Low	Zaid	Arecanut	Plantation	Medium
Manipur	Laterite	35-45 C	High	Rabi	Rice	Cereal	High
Manipur	Laterite	35-45 C	High	Kharif	Rice	Cereal	High
Manipur	Laterite	35-45 C	High	Zaid	Arecanut	Plantation	Medium
Manipur	Laterite	35-45 C	Medium	Rabi	Rice	Cereal	Medium
Manipur	Laterite	35-45 C	Medium	Kharif	Finger Millet (Ragi)	Cereal	Medium
Manipur	Laterite	35-45 C	Medium	Zaid	Cashew	Plantation	Medium
Manipur	Laterite	35-45 C	Low	Rabi	Rice	Cereal	Medium
Manipur	Laterite	35-45 C	Low	Kharif	Rice	Cereal	Medium
Manipur	Laterite	35-45 C	Low	Zaid	Black Gram (Urad)	Pulse	Medium
Manipur	Desert	15-25 C	High	Rabi	Barley	Cereal	Medium
Manipur	Desert	15-25 C	High	Kharif	Cardamom	Spice	Medium
Manipur	Desert	15-25 C	High	Zaid	Cardamom	Spice	Medium
Manipur	Desert	15-25 C	Medium	Rabi	Barley	Cereal	Medium
Manipur	Desert	15-25 C	Medium	Kharif	Apple	Fruit	Medium
Manipur	Desert	15-25 C	Medium	Zaid	Muskmelon	Vegetable	Medium
Manipur	Desert	15-25 C	Low	Rabi	Barley	Cereal	High
Manipur	Desert	15-25 C	Low	Kharif	Cluster Bean (Guar)	Pulse	Medium
Manipur	Desert	15-25 C	Low	Zaid	Green Gram (Moong)	Pulse	Medium
Manipur	Desert	25-35 C	High	Rabi	Rice	Cereal	Medium
Manipur	Desert	25-35 C	High	Kharif	Green Gram (Moong)	Pulse	Medium
Manipur	Desert	25-35 C	High	Zaid	Green Gram (Moong)	Pulse	Medium
Manipur	Desert	25-35 C	Medium	Rabi	Maize	Cereal	Medium
Manipur	Desert	25-35 C	Medium	Kharif	Green Gram (Moong)	Pulse	Medium
Manipur	Desert	25-35 C	Medium	Zaid	Green Gram (Moong)	Pulse	Medium
Manipur	Desert	25-35 C	Low	Rabi	Barley	Cereal	Medium
Manipur	Desert	25-35 C	Low	Kharif	Green Gram (Moong)	Pulse	High
Manipur	Desert	25-35 C	Low	Zaid	Green Gram (Moong)	Pulse	High
Manipur	Desert	35-45 C	High	Rabi	Rice	Cereal	Medium
Manipur	Desert	35-45 C	High	Kharif	Cluster Bean (Guar)	Pulse	Medium
Manipur	Desert	35-45 C	High	Zaid	Green Gram (Moong)	Pulse	Medium
Manipur	Desert	35-45 C	Medium	Rabi	Sorghum (Jowar)	Cereal	Medium
Manipur	Desert	35-45 C	Medium	Kharif	Cluster Bean (Guar)	Pulse	Medium
Manipur	Desert	35-45 C	Medium	Zaid	Muskmelon	Vegetable	High
Manipur	Desert	35-45 C	Low	Rabi	Barley	Cereal	Medium
Manipur	Desert	35-45 C	Low	Kharif	Cluster Bean (Guar)	Pulse	High
Manipur	Desert	35-45 C	Low	Zaid	Green Gram (Moong)	Pulse	High
Manipur	Forest	15-25 C	High	Rabi	Cardamom	Spice	High
Manipur	Forest	15-25 C	High	Kharif	Cardamom	Spice	High
Manipur	Forest	15-25 C	High	Zaid	Cardamom	Spice	High
Manipur	Forest	15-25 C	Medium	Rabi	Apple	Fruit	High
Manipur	Forest	15-25 C	Medium	Kharif	Apple	Fruit	High
Manipur	Forest	15-25 C	Medium	Zaid	Apple	Fruit	High
Manipur	Forest	15-25 C	Low	Rabi	Apple	Fruit	Medium
Manipur	Forest	15-25 C	Low	Kharif	Apple	Fruit	Medium
Manipur	Forest	15-25 C	Low	Zaid	Apple	Fruit	Medium
Manipur	Forest	25-35 C	High	Rabi	Black Pepper	Spice	High
Manipur	Forest	25-35 C	High	Kharif	Black Pepper	Spice	High
Manipur	Forest	25-35 C	High	Zaid	Black Pepper	Spice	High
Manipur	Forest	25-35 C	Medium	Rabi	Apple	Fruit	Medium
Manipur	Forest	25-35 C	Medium	Kharif	Apple	Fruit	Medium
Manipur	Forest	25-35 C	Medium	Zaid	Apple	Fruit	Medium
Manipur	Forest	25-35 C	Low	Rabi	Black Pepper	Spice	Medium
Manipur	Forest	25-35 C	Low	Kharif	Black Pepper	Spice	Medium
Manipur	Forest	25-35 C	Low	Zaid	Black Pepper	Spice	Medium
Manipur	Forest	35-45 C	High	Rabi	Black Pepper	Spice	Medium
Manipur	Forest	35-45 C	High	Kharif	Black Pepper	Spice	Medium
Manipur	Forest	35-45 C	High	Zaid	Black Pepper	Spice	Medium
Manipur	Forest	35-45 C	Medium	Rabi	Apple	Fruit	Medium
Manipur	Forest	35-45 C	Medium	Kharif	Apple	Fruit	Medium
Manipur	Forest	35-45 C	Medium	Zaid	Apple	Fruit	Medium
Manipur	Forest	35-45 C	Low	Rabi	Sorghum (Jowar)	Cereal	Medium
Manipur	Forest	35-45 C	Low	Kharif	Black Gram (Urad)	Pulse	Medium
Manipur	Forest	35-45 C	Low	Zaid	Black Gram (Urad)	Pulse	Medium
Meghalaya	Alluvial	15-25 C	High	Rabi	Wheat	Cereal	High
Meghalaya	Alluvial	15-25 C	High	Kharif	Rice	Cereal	Medium
Meghalaya	Alluvial	15-25 C	High	Zaid	Onion	Vegetable	Medium
Meghalaya	Alluvial	15-25 C	Medium	Rabi	Wheat	Cereal	High
Meghalaya	Alluvial	15-25 C	Medium	Kharif	Apple	Fruit	High
Meghalaya	Alluvial	15-25 C	Medium	Zaid	Onion	Vegetable	High
Meghalaya	Alluvial	15-25 C	Low	Rabi	Barley	Cereal	High
Meghalaya	Alluvial	15-25 C	Low	Kharif	Black Gram (Urad)	Pulse	Medium
Meghalaya	Alluvial	15-25 C	Low	Zaid	Black Gram (Urad)	Pulse	Medium
Meghalaya	Alluvial	25-35 C	High	Rabi	Rice	Cereal	High
Meghalaya	Alluvial	25-35 C	High	Kharif	Rice	Cereal	High
Meghalaya	Alluvial	25-35 C	High	Zaid	Arecanut	Plantation	High
Meghalaya	Alluvial	25-35 C	Medium	Rabi	Maize	Cereal	High
Meghalaya	Alluvial	25-35 C	Medium	Kharif	Maize	Cereal	High
Meghalaya	Alluvial	25-35 C	Medium	Zaid	Cucumber	Vegetable	High
Meghalaya	Alluvial	25-35 C	Low	Rabi	Barley	Cereal	Medium
Meghalaya	Alluvial	25-35 C	Low	Kharif	Black Gram (Urad)	Pulse	High
Meghalaya	Alluvial	25-35 C	Low	Zaid	Black Gram (Urad)	Pulse	High
Meghalaya	Alluvial	35-45 C	High	Rabi	Rice	Cereal	High
Meghalaya	Alluvial	35-45 C	High	Kharif	Rice	Cereal	High
Meghalaya	Alluvial	35-45 C	High	Zaid	Black Gram (Urad)	Pulse	Medium
Meghalaya	Alluvial	35-45 C	Medium	Rabi	Maize	Cereal	Medium
Meghalaya	Alluvial	35-45 C	Medium	Kharif	Black Gram (Urad)	Pulse	Medium
Meghalaya	Alluvial	35-45 C	Medium	Zaid	Cucumber	Vegetable	High
Meghalaya	Alluvial	35-45 C	Low	Rabi	Barley	Cereal	Medium
Meghalaya	Alluvial	35-45 C	Low	Kharif	Black Gram (Urad)	Pulse	High
Meghalaya	Alluvial	35-45 C	Low	Zaid	Black Gram (Urad)	Pulse	High
Meghalaya	Black	15-25 C	High	Rabi	Wheat	Cereal	High
Meghalaya	Black	15-25 C	High	Kharif	Rice	Cereal	Medium
Meghalaya	Black	15-25 C	High	Zaid	Onion	Vegetable	Medium
Meghalaya	Black	15-25 C	Medium	Rabi	Wheat	Cereal	High
Meghalaya	Black	15-25 C	Medium	Kharif	Maize	Cereal	Medium
Meghalaya	Black	15-25 C	Medium	Zaid	Onion	Vegetable	High
Meghalaya	Black	15-25 C	Low	Rabi	Gram (Chickpea)	Pulse	High
Meghalaya	Black	15-25 C	Low	Kharif	Black Gram (Urad)	Pulse	Medium
Meghalaya	Black	15-25 C	Low	Zaid	Black Gram (Urad)	Pulse	Medium
Meghalaya	Black	25-35 C	High	Rabi	Rice	Cereal	High
Meghalaya	Black	25-35 C	High	Kharif	Rice	Cereal	High
Meghalaya	Black	25-35 C	High	Zaid	Black Gram (Urad)	Pulse	Medium
Meghalaya	Black	25-35 C	Medium	Rabi	Maize	Cereal	High
Meghalaya	Black	25-35 C	Medium	Kharif	Maize	Cereal	High
Meghalaya	Black	25-35 C	Medium	Zaid	Groundnut	Oilseed	High
Meghalaya	Black	25-35 C	Low	Rabi	Sorghum (Jowar)	Cereal	High
Meghalaya	Black	25-35 C	Low	Kharif	Black Gram (Urad)	Pulse	High
Meghalaya	Black	25-35 C	Low	Zaid	Black Gram (Urad)	Pulse	High
Meghalaya	Black	35-45 C	High	Rabi	Rice	Cereal	High
Meghalaya	Black	35-45 C	High	Kharif	Rice	Cereal	High
Meghalaya	Black	35-45 C	High	Zaid	Black Gram (Urad)	Pulse	Medium
Meghalaya	Black	35-45 C	Medium	Rabi	Sorghum (Jowar)	Cereal	High
Meghalaya	Black	35-45 C	Medium	Kharif	Sorghum (Jowar)	Cereal	High
Meghalaya	Black	35-45 C	Medium	Zaid	Black Gram (Urad)	Pulse	Medium
Meghalaya	Black	35-45 C	Low	Rabi	Sorghum (Jowar)	Cereal	High
Meghalaya	Black	35-45 C	Low	Kharif	Black Gram (Urad)	Pulse	High
Meghalaya	Black	35-45 C	Low	Zaid	Black Gram (Urad)	Pulse	High
Meghalaya	Red	15-25 C	High	Rabi	Coffee	Plantation	High
Meghalaya	Red	15-25 C	High	Kharif	Coffee	Plantation	High
Meghalaya	Red	15-25 C	High	Zaid	Coffee	Plantation	High
Meghalaya	Red	15-25 C	Medium	Rabi	Tomato	Vegetable	High
Meghalaya	Red	15-25 C	Medium	Kharif	Finger Millet (Ragi)	Cereal	Medium
Meghalaya	Red	15-25 C	Medium	Zaid	Tomato	Vegetable	High
Meghalaya	Red	15-25 C	Low	Rabi	Sorghum (Jowar)	Cereal	Medium
Meghalaya	Red	15-25 C	Low	Kharif	Black Gram (Urad)	Pulse	Medium
Meghalaya	Red	15-25 C	Low	Zaid	Black Gram (Urad)	Pulse	Medium
Meghalaya	Red	25-35 C	High	Rabi	Rice	Cereal	High
Meghalaya	Red	25-35 C	High	Kharif	Ginger	Spice	High
Meghalaya	Red	25-35 C	High	Zaid	Banana	Fruit	High
Meghalaya	Red	25-35 C	Medium	Rabi	Maize	Cereal	High
Meghalaya	Red	25-35 C	Medium	Kharif	Finger Millet (Ragi)	Cereal	High
Meghalaya	Red	25-35 C	Medium	Zaid	Cucumber	Vegetable	High
Meghalaya	Red	25-35 C	Low	Rabi	Sorghum (Jowar)	Cereal	High
Meghalaya	Red	25-35 C	Low	Kharif	Black Gram (Urad)	Pulse	High
Meghalaya	Red	25-35 C	Low	Zaid	Black Gram (Urad)	Pulse	High
Meghalaya	Red	35-45 C	High	Rabi	Rice	Cereal	High
Meghalaya	Red	35-45 C	High	Kharif	Rice	Cereal	High
Meghalaya	Red	35-45 C	High	Zaid	Black Gram (Urad)	Pulse	Medium
Meghalaya	Red	35-45 C	Medium	Rabi	Sorghum (Jowar)	Cereal	High
Meghalaya	Red	35-45 C	Medium	Kharif	Sorghum (Jowar)	Cereal	High
Meghalaya	Red	35-45 C	Medium	Zaid	Cucumber	Vegetable	High
Meghalaya	Red	35-45 C	Low	Rabi	Sorghum (Jowar)	Cereal	High
Meghalaya	Red	35-45 C	Low	Kharif	Black Gram (Urad)	Pulse	High
Meghalaya	Red	35-45 C	Low	Zaid	Black Gram (Urad)	Pulse	High
Meghalaya	Laterite	15-25 C	High	Rabi	Cardamom	Spice	High
Meghalaya	Laterite	15-25 C	High	Kharif	Cardamom	Spice	High
Meghalaya	Laterite	15-25 C	High	Zaid	Cardamom	Spice	High
Meghalaya	Laterite	15-25 C	Medium	Rabi	Cardamom	Spice	Medium
Meghalaya	Laterite	15-25 C	Medium	Kharif	Finger Millet (Ragi)	Cereal	Medium
Meghalaya	Laterite	15-25 C	Medium	Zaid	Cardamom	Spice	Medium
Meghalaya	Laterite	15-25 C	Low	Rabi	Cardamom	Spice	Medium
Meghalaya	Laterite	15-25 C	Low	Kharif	Cardamom	Spice	Medium
Meghalaya	Laterite	15-25 C	Low	Zaid	Cardamom	Spice	Medium
Meghalaya	Laterite	25-35 C	High	Rabi	Rice	Cereal	High
Meghalaya	Laterite	25-35 C	High	Kharif	Ginger	Spice	High
Meghalaya	Laterite	25-35 C	High	Zaid	Arecanut	Plantation	High
Meghalaya	Laterite	25-35 C	Medium	Rabi	Cashew	Plantation	High
Meghalaya	Laterite	25-35 C	Medium	Kharif	Finger Millet (Ragi)	Cereal	High
Meghalaya	Laterite	25-35 C	Medium	Zaid	Cashew	Plantation	High
Meghalaya	Laterite	25-35 C	Low	Rabi	Rice	Cereal	Medium
Meghalaya	Laterite	25-35 C	Low	Kharif	Ginger	Spice	High
Meghalaya	Laterite	25-35 C	Low	Zaid	Arecanut	Plantation	Medium
Meghalaya	Laterite	35-45 C	High	Rabi	Rice	Cereal	High
Meghalaya	Laterite	35-45 C	High	Kharif	Rice	Cereal	High
Meghalaya	Laterite	35-45 C	High	Zaid	Arecanut	Plantation	Medium
Meghalaya	Laterite	35-45 C	Medium	Rabi	Rice	Cereal	Medium
Meghalaya	Laterite	35-45 C	Medium	Kharif	Finger Millet (Ragi)	Cereal	Medium
Meghalaya	Laterite	35-45 C	Medium	Zaid	Cashew	Plantation	Medium
Meghalaya	Laterite	35-45 C	Low	Rabi	Rice	Cereal	Medium
Meghalaya	Laterite	35-45 C	Low	Kharif	Rice	Cereal	Medium
Meghalaya	Laterite	35-45 C	Low	Zaid	Black Gram (Urad)	Pulse	Medium
Meghalaya	Desert	15-25 C	High	Rabi	Barley	Cereal	Medium
Meghalaya	Desert	15-25 C	High	Kharif	Cardamom	Spice	Medium
Meghalaya	Desert	15-25 C	High	Zaid	Cardamom	Spice	Medium
Meghalaya	Desert	15-25 C	Medium	Rabi	Barley	Cereal	Medium
Meghalaya	Desert	15-25 C	Medium	Kharif	Apple	Fruit	Medium
Meghalaya	Desert	15-25 C	Medium	Zaid	Muskmelon	Vegetable	Medium
Meghalaya	Desert	15-25 C	Low	Rabi	Barley	Cereal	High
Meghalaya	Desert	15-25 C	Low	Kharif	Cluster Bean (Guar)	Pulse	Medium
Meghalaya	Desert	15-25 C	Low	Zaid	Green Gram (Moong)	Pulse	Medium
Meghalaya	Desert	25-35 C	High	Rabi	Rice	Cereal	Medium
Meghalaya	Desert	25-35 C	High	Kharif	Ginger	Spice	High
Meghalaya	Desert	25-35 C	High	Zaid	Green Gram (Moong)	Pulse	Medium
Meghalaya	Desert	25-35 C	Medium	Rabi	Maize	Cereal	Medium
Meghalaya	Desert	25-35 C	Medium	Kharif	Green Gram (Moong)	Pulse	Medium
Meghalaya	Desert	25-35 C	Medium	Zaid	Green Gram (Moong)	Pulse	Medium
Meghalaya	Desert	25-35 C	Low	Rabi	Barley	Cereal	Medium
Meghalaya	Desert	25-35 C	Low	Kharif	Green Gram (Moong)	Pulse	High
Meghalaya	Desert	25-35 C	Low	Zaid	Green Gram (Moong)	Pulse	High
Meghalaya	Desert	35-45 C	High	Rabi	Rice	Cereal	Medium
Meghalaya	Desert	35-45 C	High	Kharif	Cluster Bean (Guar)	Pulse	Medium
Meghalaya	Desert	35-45 C	High	Zaid	Green Gram (Moong)	Pulse	Medium
Meghalaya	Desert	35-45 C	Medium	Rabi	Sorghum (Jowar)	Cereal	Medium
Meghalaya	Desert	35-45 C	Medium	Kharif	Cluster Bean (Guar)	Pulse	Medium
Meghalaya	Desert	35-45 C	Medium	Zaid	Muskmelon	Vegetable	High
Meghalaya	Desert	35-45 C	Low	Rabi	Barley	Cereal	Medium
Meghalaya	Desert	35-45 C	Low	Kharif	Cluster Bean (Guar)	Pulse	High
Meghalaya	Desert	35-45 C	Low	Zaid	Green Gram (Moong)	Pulse	High
Meghalaya	Forest	15-25 C	High	Rabi	Cardamom	Spice	High
Meghalaya	Forest	15-25 C	High	Kharif	Cardamom	Spice	High
Meghalaya	Forest	15-25 C	High	Zaid	Cardamom	Spice	High
Meghalaya	Forest	15-25 C	Medium	Rabi	Apple	Fruit	High
Meghalaya	Forest	15-25 C	Medium	Kharif	Apple	Fruit	High
Meghalaya	Forest	15-25 C	Medium	Zaid	Apple	Fruit	High
Meghalaya	Forest	15-25 C	Low	Rabi	Apple	Fruit	Medium
Meghalaya	Forest	15-25 C	Low	Kharif	Apple	Fruit	Medium
Meghalaya	Forest	15-25 C	Low	Zaid	Apple	Fruit	Medium
Meghalaya	Forest	25-35 C	High	Rabi	Black Pepper	Spice	High
Meghalaya	Forest	25-35 C	High	Kharif	Ginger	Spice	High
Meghalaya	Forest	25-35 C	High	Zaid	Black Pepper	Spice	High
Meghalaya	Forest	25-35 C	Medium	Rabi	Apple	Fruit	Medium
Meghalaya	Forest	25-35 C	Medium	Kharif	Ginger	Spice	High
Meghalaya	Forest	25-35 C	Medium	Zaid	Apple	Fruit	Medium
Meghalaya	Forest	25-35 C	Low	Rabi	Black Pepper	Spice	Medium
Meghalaya	Forest	25-35 C	Low	Kharif	Ginger	Spice	High
Meghalaya	Forest	25-35 C	Low	Zaid	Black Pepper	Spice	Medium
Meghalaya	Forest	35-45 C	High	Rabi	Black Pepper	Spice	Medium
Meghalaya	Forest	35-45 C	High	Kharif	Ginger	Spice	High
Meghalaya	Forest	35-45 C	High	Zaid	Black Pepper	Spice	Medium
Meghalaya	Forest	35-45 C	Medium	Rabi	Apple	Fruit	Medium
Meghalaya	Forest	35-45 C	Medium	Kharif	Apple	Fruit	Medium
Meghalaya	Forest	35-45 C	Medium	Zaid	Apple	Fruit	Medium
Meghalaya	Forest	35-45 C	Low	Rabi	Sorghum (Jowar)	Cereal	Medium
Meghalaya	Forest	35-45 C	Low	Kharif	Ginger	Spice	Medium
Meghalaya	Forest	35-45 C	Low	Zaid	Black Gram (Urad)	Pulse	Medium
Mizoram	Alluvial	15-25 C	High	Rabi	Wheat	Cereal	High
Mizoram	Alluvial	15-25 C	High	Kharif	Rice	Cereal	Medium
Mizoram	Alluvial	15-25 C	High	Zaid	Onion	Vegetable	Medium
Mizoram	Alluvial	15-25 C	Medium	Rabi	Wheat	Cereal	High
Mizoram	Alluvial	15-25 C	Medium	Kharif	Apple	Fruit	High
Mizoram	Alluvial	15-25 C	Medium	Zaid	Onion	Vegetable	High
Mizoram	Alluvial	15-25 C	Low	Rabi	Barley	Cereal	High
Mizoram	Alluvial	15-25 C	Low	Kharif	Black Gram (Urad)	Pulse	Medium
Mizoram	Alluvial	15-25 C	Low	Zaid	Black Gram (Urad)	Pulse	Medium
Mizoram	Alluvial	25-35 C	High	Rabi	Rice	Cereal	High
Mizoram	Alluvial	25-35 C	High	Kharif	Rice	Cereal	High
Mizoram	Alluvial	25-35 C	High	Zaid	Arecanut	Plantation	High
Mizoram	Alluvial	25-35 C	Medium	Rabi	Maize	Cereal	High
Mizoram	Alluvial	25-35 C	Medium	Kharif	Maize	Cereal	High
Mizoram	Alluvial	25-35 C	Medium	Zaid	Cucumber	Vegetable	High
Mizoram	Alluvial	25-35 C	Low	Rabi	Barley	Cereal	Medium
Mizoram	Alluvial	25-35 C	Low	Kharif	Black Gram (Urad)	Pulse	High
Mizoram	Alluvial	25-35 C	Low	Zaid	Black Gram (Urad)	Pulse	High
Mizoram	Alluvial	35-45 C	High	Rabi	Rice	Cereal	High
Mizoram	Alluvial	35-45 C	High	Kharif	Rice	Cereal	High
Mizoram	Alluvial	35-45 C	High	Zaid	Black Gram (Urad)	Pulse	Medium
Mizoram	Alluvial	35-45 C	Medium	Rabi	Maize	Cereal	Medium
Mizoram	Alluvial	35-45 C	Medium	Kharif	Black Gram (Urad)	Pulse	Medium
Mizoram	Alluvial	35-45 C	Medium	Zaid	Cucumber	Vegetable	High
Mizoram	Alluvial	35-45 C	Low	Rabi	Barley	Cereal	Medium
Mizoram	Alluvial	35-45 C	Low	Kharif	Black Gram (Urad)	Pulse	High
Mizoram	Alluvial	35-45 C	Low	Zaid	Black Gram (Urad)	Pulse	High
Mizoram	Black	15-25 C	High	Rabi	Wheat	Cereal	High
Mizoram	Black	15-25 C	High	Kharif	Rice	Cereal	Medium
Mizoram	Black	15-25 C	High	Zaid	Onion	Vegetable	Medium
Mizoram	Black	15-25 C	Medium	Rabi	Wheat	Cereal	High
Mizoram	Black	15-25 C	Medium	Kharif	Maize	Cereal	Medium
Mizoram	Black	15-25 C	Medium	Zaid	Onion	Vegetable	High
Mizoram	Black	15-25 C	Low	Rabi	Gram (Chickpea)	Pulse	High
Mizoram	Black	15-25 C	Low	Kharif	Black Gram (Urad)	Pulse	Medium
Mizoram	Black	15-25 C	Low	Zaid	Black Gram (Urad)	Pulse	Medium
Mizoram	Black	25-35 C	High	Rabi	Rice	Cereal	High
Mizoram	Black	25-35 C	High	Kharif	Rice	Cereal	High
Mizoram	Black	25-35 C	High	Zaid	Black Gram (Urad)	Pulse	Medium
Mizoram	Black	25-35 C	Medium	Rabi	Maize	Cereal	High
Mizoram	Black	25-35 C	Medium	Kharif	Maize	Cereal	High
Mizoram	Black	25-35 C	Medium	Zaid	Groundnut	Oilseed	High
Mizoram	Black	25-35 C	Low	Rabi	Sorghum (Jowar)	Cereal	High
Mizoram	Black	25-35 C	Low	Kharif	Black Gram (Urad)	Pulse	High
Mizoram	Black	25-35 C	Low	Zaid	Black Gram (Urad)	Pulse	High
Mizoram	Black	35-45 C	High	Rabi	Rice	Cereal	High
Mizoram	Black	35-45 C	High	Kharif	Rice	Cereal	High
Mizoram	Black	35-45 C	High	Zaid	Black Gram (Urad)	Pulse	Medium
Mizoram	Black	35-45 C	Medium	Rabi	Sorghum (Jowar)	Cereal	High
Mizoram	Black	35-45 C	Medium	Kharif	Sorghum (Jowar)	Cereal	High
Mizoram	Black	35-45 C	Medium	Zaid	Black Gram (Urad)	Pulse	Medium
Mizoram	Black	35-45 C	Low	Rabi	Sorghum (Jowar)	Cereal	High
Mizoram	Black	35-45 C	Low	Kharif	Black Gram (Urad)	Pulse	High
Mizoram	Black	35-45 C	Low	Zaid	Black Gram (Urad)	Pulse	High
Mizoram	Red	15-25 C	High	Rabi	Coffee	Plantation	High
Mizoram	Red	15-25 C	High	Kharif	Coffee	Plantation	High
Mizoram	Red	15-25 C	High	Zaid	Coffee	Plantation	High
Mizoram	Red	15-25 C	Medium	Rabi	Tomato	Vegetable	High
Mizoram	Red	15-25 C	Medium	Kharif	Finger Millet (Ragi)	Cereal	Medium
Mizoram	Red	15-25 C	Medium	Zaid	Tomato	Vegetable	High
Mizoram	Red	15-25 C	Low	Rabi	Sorghum (Jowar)	Cereal	Medium
Mizoram	Red	15-25 C	Low	Kharif	Black Gram (Urad)	Pulse	Medium
Mizoram	Red	15-25 C	Low	Zaid	Black Gram (Urad)	Pulse	Medium
Mizoram	Red	25-35 C	High	Rabi	Rice	Cereal	High
Mizoram	Red	25-35 C	High	Kharif	Rice	Cereal	High
Mizoram	Red	25-35 C	High	Zaid	Banana	Fruit	High
Mizoram	Red	25-35 C	Medium	Rabi	Maize	Cereal	High
Mizoram	Red	25-35 C	Medium	Kharif	Finger Millet (Ragi)	Cereal	High
Mizoram	Red	25-35 C	Medium	Zaid	Cucumber	Vegetable	High
Mizoram	Red	25-35 C	Low	Rabi	Sorghum (Jowar)	Cereal	High
Mizoram	Red	25-35 C	Low	Kharif	Black Gram (Urad)	Pulse	High
Mizoram	Red	25-35 C	Low	Zaid	Black Gram (Urad)	Pulse	High
Mizoram	Red	35-45 C	High	Rabi	Rice	Cereal	High
Mizoram	Red	35-45 C	High	Kharif	Rice	Cereal	High
Mizoram	Red	35-45 C	High	Zaid	Black Gram (Urad)	Pulse	Medium
Mizoram	Red	35-45 C	Medium	Rabi	Sorghum (Jowar)	Cereal	High
Mizoram	Red	35-45 C	Medium	Kharif	Sorghum (Jowar)	Cereal	High
Mizoram	Red	35-45 C	Medium	Zaid	Cucumber	Vegetable	High
Mizoram	Red	35-45 C	Low	Rabi	Sorghum (Jowar)	Cereal	High
Mizoram	Red	35-45 C	Low	Kharif	Black Gram (Urad)	Pulse	High
Mizoram	Red	35-45 C	Low	Zaid	Black Gram (Urad)	Pulse	High
Mizoram	Laterite	15-25 C	High	Rabi	Cardamom	Spice	High
Mizoram	Laterite	15-25 C	High	Kharif	Cardamom	Spice	High
Mizoram	Laterite	15-25 C	High	Zaid	Cardamom	Spice	High
Mizoram	Laterite	15-25 C	Medium	Rabi	Cardamom	Spice	Medium
Mizoram	Laterite	15-25 C	Medium	Kharif	Finger Millet (Ragi)	Cereal	Medium
Mizoram	Laterite	15-25 C	Medium	Zaid	Cardamom	Spice	Medium
Mizoram	Laterite	15-25 C	Low	Rabi	Cardamom	Spice	Medium
Mizoram	Laterite	15-25 C	Low	Kharif	Cardamom	Spice	Medium
Mizoram	Laterite	15-25 C	Low	Zaid	Cardamom	Spice	Medium
Mizoram	Laterite	25-35 C	High	Rabi	Rice	Cereal	High
Mizoram	Laterite	25-35 C	High	Kharif	Rice	Cereal	High
Mizoram	Laterite	25-35 C	High	Zaid	Arecanut	Plantation	High
Mizoram	Laterite	25-35 C	Medium	Rabi	Cashew	Plantation	High
Mizoram	Laterite	25-35 C	Medium	Kharif	Finger Millet (Ragi)	Cereal	High
Mizoram	Laterite	25-35 C	Medium	Zaid	Cashew	Plantation	High
Mizoram	Laterite	25-35 C	Low	Rabi	Rice	Cereal	Medium
Mizoram	Laterite	25-35 C	Low	Kharif	Finger Millet (Ragi)	Cereal	Medium
Mizoram	Laterite	25-35 C	Low	Zaid	Arecanut	Plantation	Medium
Mizoram	Laterite	35-45 C	High	Rabi	Rice	Cereal	High
Mizoram	Laterite	35-45 C	High	Kharif	Rice	Cereal	High
Mizoram	Laterite	35-45 C	High	Zaid	Arecanut	Plantation	Medium
Mizoram	Laterite	35-45 C	Medium	Rabi	Rice	Cereal	Medium
Mizoram	Laterite	35-45 C	Medium	Kharif	Finger Millet (Ragi)	Cereal	Medium
Mizoram	Laterite	35-45 C	Medium	Zaid	Cashew	Plantation	Medium
Mizoram	Laterite	35-45 C	Low	Rabi	Rice	Cereal	Medium
Mizoram	Laterite	35-45 C	Low	Kharif	Rice	Cereal	Medium
Mizoram	Laterite	35-45 C	Low	Zaid	Black Gram (Urad)	Pulse	Medium
Mizoram	Desert	15-25 C	High	Rabi	Barley	Cereal	Medium
Mizoram	Desert	15-25 C	High	Kharif	Cardamom	Spice	Medium
Mizoram	Desert	15-25 C	High	Zaid	Cardamom	Spice	Medium
Mizoram	Desert	15-25 C	Medium	Rabi	Barley	Cereal	Medium
Mizoram	Desert	15-25 C	Medium	Kharif	Apple	Fruit	Medium
Mizoram	Desert	15-25 C	Medium	Zaid	Muskmelon	Vegetable	Medium
Mizoram	Desert	15-25 C	Low	Rabi	Barley	Cereal	High
Mizoram	Desert	15-25 C	Low	Kharif	Cluster Bean (Guar)	Pulse	Medium
Mizoram	Desert	15-25 C	Low	Zaid	Green Gram (Moong)	Pulse	Medium
Mizoram	Desert	25-35 C	High	Rabi	Rice	Cereal	Medium
Mizoram	Desert	25-35 C	High	Kharif	Green Gram (Moong)	Pulse	Medium
Mizoram	Desert	25-35 C	High	Zaid	Green Gram (Moong)	Pulse	Medium
Mizoram	Desert	25-35 C	Medium	Rabi	Maize	Cereal	Medium
Mizoram	Desert	25-35 C	Medium	Kharif	Green Gram (Moong)	Pulse	Medium
Mizoram	Desert	25-35 C	Medium	Zaid	Green Gram (Moong)	Pulse	Medium
Mizoram	Desert	25-35 C	Low	Rabi	Barley	Cereal	Medium
Mizoram	Desert	25-35 C	Low	Kharif	Green Gram (Moong)	Pulse	High
Mizoram	Desert	25-35 C	Low	Zaid	Green Gram (Moong)	Pulse	High
Mizoram	Desert	35-45 C	High	Rabi	Rice	Cereal	Medium
Mizoram	Desert	35-45 C	High	Kharif	Cluster Bean (Guar)	Pulse	Medium
Mizoram	Desert	35-45 C	High	Zaid	Green Gram (Moong)	Pulse	Medium
Mizoram	Desert	35-45 C	Medium	Rabi	Sorghum (Jowar)	Cereal	Medium
Mizoram	Desert	35-45 C	Medium	Kharif	Cluster Bean (Guar)	Pulse	Medium
Mizoram	Desert	35-45 C	Medium	Zaid	Muskmelon	Vegetable	High
Mizoram	Desert	35-45 C	Low	Rabi	Barley	Cereal	Medium
Mizoram	Desert	35-45 C	Low	Kharif	Cluster Bean (Guar)	Pulse	High
Mizoram	Desert	35-45 C	Low	Zaid	Green Gram (Moong)	Pulse	High
Mizoram	Forest	15-25 C	High	Rabi	Cardamom	Spice	High
Mizoram	Forest	15-25 C	High	Kharif	Cardamom	Spice	High
Mizoram	Forest	15-25 C	High	Zaid	Cardamom	Spice	High
Mizoram	Forest	15-25 C	Medium	Rabi	Apple	Fruit	High
Mizoram	Forest	15-25 C	Medium	Kharif	Apple	Fruit	High
Mizoram	Forest	15-25 C	Medium	Zaid	Apple	Fruit	High
Mizoram	Forest	15-25 C	Low	Rabi	Apple	Fruit	Medium
Mizoram	Forest	15-25 C	Low	Kharif	Apple	Fruit	Medium
Mizoram	Forest	15-25 C	Low	Zaid	Apple	Fruit	Medium
Mizoram	Forest	25-35 C	High	Rabi	Black Pepper	Spice	High
Mizoram	Forest	25-35 C	High	Kharif	Black Pepper	Spice	High
Mizoram	Forest	25-35 C	High	Zaid	Black Pepper	Spice	High
Mizoram	Forest	25-35 C	Medium	Rabi	Apple	Fruit	Medium
Mizoram	Forest	25-35 C	Medium	Kharif	Apple	Fruit	Medium
Mizoram	Forest	25-35 C	Medium	Zaid	Apple	Fruit	Medium
Mizoram	Forest	25-35 C	Low	Rabi	Black Pepper	Spice	Medium
Mizoram	Forest	25-35 C	Low	Kharif	Black Pepper	Spice	Medium
Mizoram	Forest	25-35 C	Low	Zaid	Black Pepper	Spice	Medium
Mizoram	Forest	35-45 C	High	Rabi	Black Pepper	Spice	Medium
Mizoram	Forest	35-45 C	High	Kharif	Black Pepper	Spice	Medium
Mizoram	Forest	35-45 C	High	Zaid	Black Pepper	Spice	Medium
Mizoram	Forest	35-45 C	Medium	Rabi	Apple	Fruit	Medium
Mizoram	Forest	35-45 C	Medium	Kharif	Apple	Fruit	Medium
Mizoram	Forest	35-45 C	Medium	Zaid	Apple	Fruit	Medium
Mizoram	Forest	35-45 C	Low	Rabi	Sorghum (Jowar)	Cereal	Medium
Mizoram	Forest	35-45 C	Low	Kharif	Black Gram (Urad)	Pulse	Medium
Mizoram	Forest	35-45 C	Low	Zaid	Black Gram (Urad)	Pulse	Medium
Nagaland	Alluvial	15-25 C	High	Rabi	Wheat	Cereal	High
Nagaland	Alluvial	15-25 C	High	Kharif	Rice	Cereal	Medium
Nagaland	Alluvial	15-25 C	High	Zaid	Onion	Vegetable	Medium
Nagaland	Alluvial	15-25 C	Medium	Rabi	Wheat	Cereal	High
Nagaland	Alluvial	15-25 C	Medium	Kharif	Apple	Fruit	High
Nagaland	Alluvial	15-25 C	Medium	Zaid	Onion	Vegetable	High
Nagaland	Alluvial	15-25 C	Low	Rabi	Barley	Cereal	High
Nagaland	Alluvial	15-25 C	Low	Kharif	Black Gram (Urad)	Pulse	Medium
Nagaland	Alluvial	15-25 C	Low	Zaid	Black Gram (Urad)	Pulse	Medium
Nagaland	Alluvial	25-35 C	High	Rabi	Rice	Cereal	High
Nagaland	Alluvial	25-35 C	High	Kharif	Rice	Cereal	High
Nagaland	Alluvial	25-35 C	High	Zaid	Arecanut	Plantation	High
Nagaland	Alluvial	25-35 C	Medium	Rabi	Maize	Cereal	High
Nagaland	Alluvial	25-35 C	Medium	Kharif	Maize	Cereal	High
Nagaland	Alluvial	25-35 C	Medium	Zaid	Cucumber	Vegetable	High
Nagaland	Alluvial	25-35 C	Low	Rabi	Barley	Cereal	Medium
Nagaland	Alluvial	25-35 C	Low	Kharif	Black Gram (Urad)	Pulse	High
Nagaland	Alluvial	25-35 C	Low	Zaid	Black Gram (Urad)	Pulse	High
Nagaland	Alluvial	35-45 C	High	Rabi	Rice	Cereal	High
Nagaland	Alluvial	35-45 C	High	Kharif	Rice	Cereal	High
Nagaland	Alluvial	35-45 C	High	Zaid	Black Gram (Urad)	Pulse	Medium
Nagaland	Alluvial	35-45 C	Medium	Rabi	Maize	Cereal	Medium
Nagaland	Alluvial	35-45 C	Medium	Kharif	Black Gram (Urad)	Pulse	Medium
Nagaland	Alluvial	35-45 C	Medium	Zaid	Cucumber	Vegetable	High
Nagaland	Alluvial	35-45 C	Low	Rabi	Barley	Cereal	Medium
Nagaland	Alluvial	35-45 C	Low	Kharif	Black Gram (Urad)	Pulse	High
Nagaland	Alluvial	35-45 C	Low	Zaid	Black Gram (Urad)	Pulse	High
Nagaland	Black	15-25 C	High	Rabi	Wheat	Cereal	High
Nagaland	Black	15-25 C	High	Kharif	Rice	Cereal	Medium
Nagaland	Black	15-25 C	High	Zaid	Onion	Vegetable	Medium
Nagaland	Black	15-25 C	Medium	Rabi	Wheat	Cereal	High
Nagaland	Black	15-25 C	Medium	Kharif	Maize	Cereal	Medium
Nagaland	Black	15-25 C	Medium	Zaid	Onion	Vegetable	High
Nagaland	Black	15-25 C	Low	Rabi	Gram (Chickpea)	Pulse	High
Nagaland	Black	15-25 C	Low	Kharif	Black Gram (Urad)	Pulse	Medium
Nagaland	Black	15-25 C	Low	Zaid	Black Gram (Urad)	Pulse	Medium
Nagaland	Black	25-35 C	High	Rabi	Rice	Cereal	High
Nagaland	Black	25-35 C	High	Kharif	Rice	Cereal	High
Nagaland	Black	25-35 C	High	Zaid	Black Gram (Urad)	Pulse	Medium
Nagaland	Black	25-35 C	Medium	Rabi	Maize	Cereal	High
Nagaland	Black	25-35 C	Medium	Kharif	Maize	Cereal	High
Nagaland	Black	25-35 C	Medium	Zaid	Groundnut	Oilseed	High
Nagaland	Black	25-35 C	Low	Rabi	Sorghum (Jowar)	Cereal	High
Nagaland	Black	25-35 C	Low	Kharif	Black Gram (Urad)	Pulse	High
Nagaland	Black	25-35 C	Low	Zaid	Black Gram (Urad)	Pulse	High
Nagaland	Black	35-45 C	High	Rabi	Rice	Cereal	High
Nagaland	Black	35-45 C	High	Kharif	Rice	Cereal	High
Nagaland	Black	35-45 C	High	Zaid	Black Gram (Urad)	Pulse	Medium
Nagaland	Black	35-45 C	Medium	Rabi	Sorghum (Jowar)	Cereal	High
Nagaland	Black	35-45 C	Medium	Kharif	Sorghum (Jowar)	Cereal	High
Nagaland	Black	35-45 C	Medium	Zaid	Black Gram (Urad)	Pulse	Medium
Nagaland	Black	35-45 C	Low	Rabi	Sorghum (Jowar)	Cereal	High
Nagaland	Black	35-45 C	Low	Kharif	Black Gram (Urad)	Pulse	High
Nagaland	Black	35-45 C	Low	Zaid	Black Gram (Urad)	Pulse	High
Nagaland	Red	15-25 C	High	Rabi	Coffee	Plantation	High
Nagaland	Red	15-25 C	High	Kharif	Coffee	Plantation	High
Nagaland	Red	15-25 C	High	Zaid	Coffee	Plantation	High
Nagaland	Red	15-25 C	Medium	Rabi	Tomato	Vegetable	High
Nagaland	Red	15-25 C	Medium	Kharif	Finger Millet (Ragi)	Cereal	Medium
Nagaland	Red	15-25 C	Medium	Zaid	Tomato	Vegetable	High
Nagaland	Red	15-25 C	Low	Rabi	Sorghum (Jowar)	Cereal	Medium
Nagaland	Red	15-25 C	Low	Kharif	Black Gram (Urad)	Pulse	Medium
Nagaland	Red	15-25 C	Low	Zaid	Black Gram (Urad)	Pulse	Medium
Nagaland	Red	25-35 C	High	Rabi	Rice	Cereal	High
Nagaland	Red	25-35 C	High	Kharif	Rice	Cereal	High
Nagaland	Red	25-35 C	High	Zaid	Banana	Fruit	High
Nagaland	Red	25-35 C	Medium	Rabi	Maize	Cereal	High
Nagaland	Red	25-35 C	Medium	Kharif	Finger Millet (Ragi)	Cereal	High
Nagaland	Red	25-35 C	Medium	Zaid	Cucumber	Vegetable	High
Nagaland	Red	25-35 C	Low	Rabi	Sorghum (Jowar)	Cereal	High
Nagaland	Red	25-35 C	Low	Kharif	Black Gram (Urad)	Pulse	High
Nagaland	Red	25-35 C	Low	Zaid	Black Gram (Urad)	Pulse	High
Nagaland	Red	35-45 C	High	Rabi	Rice	Cereal	High
Nagaland	Red	35-45 C	High	Kharif	Rice	Cereal	High
Nagaland	Red	35-45 C	High	Zaid	Black Gram (Urad)	Pulse	Medium
Nagaland	Red	35-45 C	Medium	Rabi	Sorghum (Jowar)	Cereal	High
Nagaland	Red	35-45 C	Medium	Kharif	Sorghum (Jowar)	Cereal	High
Nagaland	Red	35-45 C	Medium	Zaid	Cucumber	Vegetable	High
Nagaland	Red	35-45 C	Low	Rabi	Sorghum (Jowar)	Cereal	High
Nagaland	Red	35-45 C	Low	Kharif	Black Gram (Urad)	Pulse	High
Nagaland	Red	35-45 C	Low	Zaid	Black Gram (Urad)	Pulse	High
Nagaland	Laterite	15-25 C	High	Rabi	Cardamom	Spice	High
Nagaland	Laterite	15-25 C	High	Kharif	Cardamom	Spice	High
Nagaland	Laterite	15-25 C	High	Zaid	Cardamom	Spice	High
Nagaland	Laterite	15-25 C	Medium	Rabi	Cardamom	Spice	Medium
Nagaland	Laterite	15-25 C	Medium	Kharif	Finger Millet (Ragi)	Cereal	Medium
Nagaland	Laterite	15-25 C	Medium	Zaid	Cardamom	Spice	Medium
Nagaland	Laterite	15-25 C	Low	Rabi	Cardamom	Spice	Medium
Nagaland	Laterite	15-25 C	Low	Kharif	Cardamom	Spice	Medium
Nagaland	Laterite	15-25 C	Low	Zaid	Cardamom	Spice	Medium
Nagaland	Laterite	25-35 C	High	Rabi	Rice	Cereal	High
Nagaland	Laterite	25-35 C	High	Kharif	Rice	Cereal	High
Nagaland	Laterite	25-35 C	High	Zaid	Arecanut	Plantation	High
Nagaland	Laterite	25-35 C	Medium	Rabi	Cashew	Plantation	High
Nagaland	Laterite	25-35 C	Medium	Kharif	Finger Millet (Ragi)	Cereal	High
Nagaland	Laterite	25-35 C	Medium	Zaid	Cashew	Plantation	High
Nagaland	Laterite	25-35 C	Low	Rabi	Rice	Cereal	Medium
Nagaland	Laterite	25-35 C	Low	Kharif	Finger Millet (Ragi)	Cereal	Medium
Nagaland	Laterite	25-35 C	Low	Zaid	Arecanut	Plantation	Medium
Nagaland	Laterite	35-45 C	High	Rabi	Rice	Cereal	High
Nagaland	Laterite	35-45 C	High	Kharif	Rice	Cereal	High
Nagaland	Laterite	35-45 C	High	Zaid	Arecanut	Plantation	Medium
Nagaland	Laterite	35-45 C	Medium	Rabi	Rice	Cereal	Medium
Nagaland	Laterite	35-45 C	Medium	Kharif	Finger Millet (Ragi)	Cereal	Medium
Nagaland	Laterite	35-45 C	Medium	Zaid	Cashew	Plantation	Medium
Nagaland	Laterite	35-45 C	Low	Rabi	Rice	Cereal	Medium
Nagaland	Laterite	35-45 C	Low	Kharif	Rice	Cereal	Medium
Nagaland	Laterite	35-45 C	Low	Zaid	Black Gram (Urad)	Pulse	Medium
Nagaland	Desert	15-25 C	High	Rabi	Barley	Cereal	Medium
Nagaland	Desert	15-25 C	High	Kharif	Cardamom	Spice	Medium
Nagaland	Desert	15-25 C	High	Zaid	Cardamom	Spice	Medium
Nagaland	Desert	15-25 C	Medium	Rabi	Barley	Cereal	Medium
Nagaland	Desert	15-25 C	Medium	Kharif	Apple	Fruit	Medium
Nagaland	Desert	15-25 C	Medium	Zaid	Muskmelon	Vegetable	Medium
Nagaland	Desert	15-25 C	Low	Rabi	Barley	Cereal	High
Nagaland	Desert	15-25 C	Low	Kharif	Cluster Bean (Guar)	Pulse	Medium
Nagaland	Desert	15-25 C	Low	Zaid	Green Gram (Moong)	Pulse	Medium
Nagaland	Desert	25-35 C	High	Rabi	Rice	Cereal	Medium
Nagaland	Desert	25-35 C	High	Kharif	Green Gram (Moong)	Pulse	Medium
Nagaland	Desert	25-35 C	High	Zaid	Green Gram (Moong)	Pulse	Medium
Nagaland	Desert	25-35 C	Medium	Rabi	Maize	Cereal	Medium
Nagaland	Desert	25-35 C	Medium	Kharif	Green Gram (Moong)	Pulse	Medium
Nagaland	Desert	25-35 C	Medium	Zaid	Green Gram (Moong)	Pulse	Medium
Nagaland	Desert	25-35 C	Low	Rabi	Barley	Cereal	Medium
Nagaland	Desert	25-35 C	Low	Kharif	Green Gram (Moong)	Pulse	High
Nagaland	Desert	25-35 C	Low	Zaid	Green Gram (Moong)	Pulse	High
Nagaland	Desert	35-45 C	High	Rabi	Rice	Cereal	Medium
Nagaland	Desert	35-45 C	High	Kharif	Cluster Bean (Guar)	Pulse	Medium
Nagaland	Desert	35-45 C	High	Zaid	Green Gram (Moong)	Pulse	Medium
Nagaland	Desert	35-45 C	Medium	Rabi	Sorghum (Jowar)	Cereal	Medium
Nagaland	Desert	35-45 C	Medium	Kharif	Cluster Bean (Guar)	Pulse	Medium
Nagaland	Desert	35-45 C	Medium	Zaid	Muskmelon	Vegetable	High
Nagaland	Desert	35-45 C	Low	Rabi	Barley	Cereal	Medium
Nagaland	Desert	35-45 C	Low	Kharif	Cluster Bean (Guar)	Pulse	High
Nagaland	Desert	35-45 C	Low	Zaid	Green Gram (Moong)	Pulse	High
Nagaland	Forest	15-25 C	High	Rabi	Cardamom	Spice	High
Nagaland	Forest	15-25 C	High	Kharif	Cardamom	Spice	High
Nagaland	Forest	15-25 C	High	Zaid	Cardamom	Spice	High
Nagaland	Forest	15-25 C	Medium	Rabi	Apple	Fruit	High
Nagaland	Forest	15-25 C	Medium	Kharif	Apple	Fruit	High
Nagaland	Forest	15-25 C	Medium	Zaid	Apple	Fruit	High
Nagaland	Forest	15-25 C	Low	Rabi	Apple	Fruit	Medium
Nagaland	Forest	15-25 C	Low	Kharif	Apple	Fruit	Medium
Nagaland	Forest	15-25 C	Low	Zaid	Apple	Fruit	Medium
Nagaland	Forest	25-35 C	High	Rabi	Black Pepper	Spice	High
Nagaland	Forest	25-35 C	High	Kharif	Black Pepper	Spice	High
Nagaland	Forest	25-35 C	High	Zaid	Black Pepper	Spice	High
Nagaland	Forest	25-35 C	Medium	Rabi	Apple	Fruit	Medium
Nagaland	Forest	25-35 C	Medium	Kharif	Apple	Fruit	Medium
Nagaland	Forest	25-35 C	Medium	Zaid	Apple	Fruit	Medium
Nagaland	Forest	25-35 C	Low	Rabi	Black Pepper	Spice	Medium
Nagaland	Forest	25-35 C	Low	Kharif	Black Pepper	Spice	Medium
Nagaland	Forest	25-35 C	Low	Zaid	Black Pepper	Spice	Medium
Nagaland	Forest	35-45 C	High	Rabi	Black Pepper	Spice	Medium
Nagaland	Forest	35-45 C	High	Kharif	Black Pepper	Spice	Medium
Nagaland	Forest	35-45 C	High	Zaid	Black Pepper	Spice	Medium
Nagaland	Forest	35-45 C	Medium	Rabi	Apple	Fruit	Medium
Nagaland	Forest	35-45 C	Medium	Kharif	Apple	Fruit	Medium
Nagaland	Forest	35-45 C	Medium	Zaid	Apple	Fruit	Medium
Nagaland	Forest	35-45 C	Low	Rabi	Sorghum (Jowar)	Cereal	Medium
Nagaland	Forest	35-45 C	Low	Kharif	Black Gram (Urad)	Pulse	Medium
Nagaland	Forest	35-45 C	Low	Zaid	Black Gram (Urad)	Pulse	Medium
Odisha	Alluvial	15-25 C	High	Rabi	Rice	Cereal	High
Odisha	Alluvial	15-25 C	High	Kharif	Rice	Cereal	High
Odisha	Alluvial	15-25 C	High	Zaid	Tomato	Vegetable	High
Odisha	Alluvial	15-25 C	Medium	Rabi	Tomato	Vegetable	High
Odisha	Alluvial	15-25 C	Medium	Kharif	Apple	Fruit	High
Odisha	Alluvial	15-25 C	Medium	Zaid	Tomato	Vegetable	High
Odisha	Alluvial	15-25 C	Low	Rabi	Barley	Cereal	High
Odisha	Alluvial	15-25 C	Low	Kharif	Black Gram (Urad)	Pulse	Medium
Odisha	Alluvial	15-25 C	Low	Zaid	Tomato	Vegetable	High
Odisha	Alluvial	25-35 C	High	Rabi	Rice	Cereal	High
Odisha	Alluvial	25-35 C	High	Kharif	Rice	Cereal	High
Odisha	Alluvial	25-35 C	High	Zaid	Tomato	Vegetable	High
Odisha	Alluvial	25-35 C	Medium	Rabi	Tomato	Vegetable	High
Odisha	Alluvial	25-35 C	Medium	Kharif	Maize	Cereal	High
Odisha	Alluvial	25-35 C	Medium	Zaid	Tomato	Vegetable	High
Odisha	Alluvial	25-35 C	Low	Rabi	Rice	Cereal	High
Odisha	Alluvial	25-35 C	Low	Kharif	Black Gram (Urad)	Pulse	High
Odisha	Alluvial	25-35 C	Low	Zaid	Black Gram (Urad)	Pulse	High
Odisha	Alluvial	35-45 C	High	Rabi	Rice	Cereal	High
Odisha	Alluvial	35-45 C	High	Kharif	Rice	Cereal	High
Odisha	Alluvial	35-45 C	High	Zaid	Rice	Cereal	High
Odisha	Alluvial	35-45 C	Medium	Rabi	Rice	Cereal	High
Odisha	Alluvial	35-45 C	Medium	Kharif	Rice	Cereal	High
Odisha	Alluvial	35-45 C	Medium	Zaid	Cucumber	Vegetable	High
Odisha	Alluvial	35-45 C	Low	Rabi	Rice	Cereal	High
Odisha	Alluvial	35-45 C	Low	Kharif	Black Gram (Urad)	Pulse	High
Odisha	Alluvial	35-45 C	Low	Zaid	Black Gram (Urad)	Pulse	High
Odisha	Black	15-25 C	High	Rabi	Rice	Cereal	High
Odisha	Black	15-25 C	High	Kharif	Rice	Cereal	High
Odisha	Black	15-25 C	High	Zaid	Tomato	Vegetable	High
Odisha	Black	15-25 C	Medium	Rabi	Tomato	Vegetable	High
Odisha	Black	15-25 C	Medium	Kharif	Turmeric	Spice	High
Odisha	Black	15-25 C	Medium	Zaid	Tomato	Vegetable	High
Odisha	Black	15-25 C	Low	Rabi	Gram (Chickpea)	Pulse	High
Odisha	Black	15-25 C	Low	Kharif	Black Gram (Urad)	Pulse	Medium
Odisha	Black	15-25 C	Low	Zaid	Tomato	Vegetable	High
Odisha	Black	25-35 C	High	Rabi	Rice	Cereal	High
Odisha	Black	25-35 C	High	Kharif	Rice	Cereal	High
Odisha	Black	25-35 C	High	Zaid	Tomato	Vegetable	High
Odisha	Black	25-35 C	Medium	Rabi	Tomato	Vegetable	High
Odisha	Black	25-35 C	Medium	Kharif	Turmeric	Spice	High
Odisha	Black	25-35 C	Medium	Zaid	Tomato	Vegetable	High
Odisha	Black	25-35 C	Low	Rabi	Rice	Cereal	High
Odisha	Black	25-35 C	Low	Kharif	Black Gram (Urad)	Pulse	High
Odisha	Black	25-35 C	Low	Zaid	Black Gram (Urad)	Pulse	High
Odisha	Black	35-45 C	High	Rabi	Rice	Cereal	High
Odisha	Black	35-45 C	High	Kharif	Rice	Cereal	High
Odisha	Black	35-45 C	High	Zaid	Rice	Cereal	High
Odisha	Black	35-45 C	Medium	Rabi	Rice	Cereal	High
Odisha	Black	35-45 C	Medium	Kharif	Rice	Cereal	High
Odisha	Black	35-45 C	Medium	Zaid	Tomato	Vegetable	High
Odisha	Black	35-45 C	Low	Rabi	Rice	Cereal	High
Odisha	Black	35-45 C	Low	Kharif	Black Gram (Urad)	Pulse	High
Odisha	Black	35-45 C	Low	Zaid	Black Gram (Urad)	Pulse	High
Odisha	Red	15-25 C	High	Rabi	Rice	Cereal	High
Odisha	Red	15-25 C	High	Kharif	Rice	Cereal	High
Odisha	Red	15-25 C	High	Zaid	Tomato	Vegetable	High
Odisha	Red	15-25 C	Medium	Rabi	Tomato	Vegetable	High
Odisha	Red	15-25 C	Medium	Kharif	Finger Millet (Ragi)	Cereal	High
Odisha	Red	15-25 C	Medium	Zaid	Tomato	Vegetable	High
Odisha	Red	15-25 C	Low	Rabi	Tomato	Vegetable	High
Odisha	Red	15-25 C	Low	Kharif	Black Gram (Urad)	Pulse	Medium
Odisha	Red	15-25 C	Low	Zaid	Tomato	Vegetable	High
Odisha	Red	25-35 C	High	Rabi	Rice	Cereal	High
Odisha	Red	25-35 C	High	Kharif	Rice	Cereal	High
Odisha	Red	25-35 C	High	Zaid	Tomato	Vegetable	High
Odisha	Red	25-35 C	Medium	Rabi	Tomato	Vegetable	High
Odisha	Red	25-35 C	Medium	Kharif	Finger Millet (Ragi)	Cereal	High
Odisha	Red	25-35 C	Medium	Zaid	Tomato	Vegetable	High
Odisha	Red	25-35 C	Low	Rabi	Rice	Cereal	High
Odisha	Red	25-35 C	Low	Kharif	Black Gram (Urad)	Pulse	High
Odisha	Red	25-35 C	Low	Zaid	Black Gram (Urad)	Pulse	High
Odisha	Red	35-45 C	High	Rabi	Rice	Cereal	High
Odisha	Red	35-45 C	High	Kharif	Rice	Cereal	High
Odisha	Red	35-45 C	High	Zaid	Rice	Cereal	High
Odisha	Red	35-45 C	Medium	Rabi	Rice	Cereal	High
Odisha	Red	35-45 C	Medium	Kharif	Finger Millet (Ragi)	Cereal	High
Odisha	Red	35-45 C	Medium	Zaid	Cucumber	Vegetable	High
Odisha	Red	35-45 C	Low	Rabi	Rice	Cereal	High
Odisha	Red	35-45 C	Low	Kharif	Black Gram (Urad)	Pulse	High
Odisha	Red	35-45 C	Low	Zaid	Black Gram (Urad)	Pulse	High
Odisha	Laterite	15-25 C	High	Rabi	Rice	Cereal	High
Odisha	Laterite	15-25 C	High	Kharif	Rice	Cereal	High
Odisha	Laterite	15-25 C	High	Zaid	Cardamom	Spice	High
Odisha	Laterite	15-25 C	Medium	Rabi	Cashew	Plantation	High
Odisha	Laterite	15-25 C	Medium	Kharif	Finger Millet (Ragi)	Cereal	High
Odisha	Laterite	15-25 C	Medium	Zaid	Cashew	Plantation	High
Odisha	Laterite	15-25 C	Low	Rabi	Rice	Cereal	Medium
Odisha	Laterite	15-25 C	Low	Kharif	Finger Millet (Ragi)	Cereal	Medium
Odisha	Laterite	15-25 C	Low	Zaid	Cardamom	Spice	Medium
Odisha	Laterite	25-35 C	High	Rabi	Rice	Cereal	High
Odisha	Laterite	25-35 C	High	Kharif	Rice	Cereal	High
Odisha	Laterite	25-35 C	High	Zaid	Arecanut	Plantation	High
Odisha	Laterite	25-35 C	Medium	Rabi	Cashew	Plantation	High
Odisha	Laterite	25-35 C	Medium	Kharif	Finger Millet (Ragi)	Cereal	High
Odisha	Laterite	25-35 C	Medium	Zaid	Cashew	Plantation	High
Odisha	Laterite	25-35 C	Low	Rabi	Rice	Cereal	High
Odisha	Laterite	25-35 C	Low	Kharif	Finger Millet (Ragi)	Cereal	High
Odisha	Laterite	25-35 C	Low	Zaid	Cashew	Plantation	High
Odisha	Laterite	35-45 C	High	Rabi	Rice	Cereal	High
Odisha	Laterite	35-45 C	High	Kharif	Rice	Cereal	High
Odisha	Laterite	35-45 C	High	Zaid	Rice	Cereal	High
Odisha	Laterite	35-45 C	Medium	Rabi	Rice	Cereal	High
Odisha	Laterite	35-45 C	Medium	Kharif	Finger Millet (Ragi)	Cereal	High
Odisha	Laterite	35-45 C	Medium	Zaid	Cashew	Plantation	High
Odisha	Laterite	35-45 C	Low	Rabi	Rice	Cereal	High
Odisha	Laterite	35-45 C	Low	Kharif	Rice	Cereal	High
Odisha	Laterite	35-45 C	Low	Zaid	Cashew	Plantation	Medium
Odisha	Desert	15-25 C	High	Rabi	Barley	Cereal	Medium
Odisha	Desert	15-25 C	High	Kharif	Rice	Cereal	Medium
Odisha	Desert	15-25 C	High	Zaid	Tomato	Vegetable	Medium
Odisha	Desert	15-25 C	Medium	Rabi	Tomato	Vegetable	High
Odisha	Desert	15-25 C	Medium	Kharif	Finger Millet (Ragi)	Cereal	Medium
Odisha	Desert	15-25 C	Medium	Zaid	Tomato	Vegetable	High
Odisha	Desert	15-25 C	Low	Rabi	Barley	Cereal	High
Odisha	Desert	15-25 C	Low	Kharif	Cluster Bean (Guar)	Pulse	Medium
Odisha	Desert	15-25 C	Low	Zaid	Green Gram (Moong)	Pulse	Medium
Odisha	Desert	25-35 C	High	Rabi	Rice	Cereal	High
Odisha	Desert	25-35 C	High	Kharif	Rice	Cereal	High
Odisha	Desert	25-35 C	High	Zaid	Green Gram (Moong)	Pulse	Medium
Odisha	Desert	25-35 C	Medium	Rabi	Tomato	Vegetable	High
Odisha	Desert	25-35 C	Medium	Kharif	Finger Millet (Ragi)	Cereal	High
Odisha	Desert	25-35 C	Medium	Zaid	Tomato	Vegetable	High
Odisha	Desert	25-35 C	Low	Rabi	Barley	Cereal	Medium
Odisha	Desert	25-35 C	Low	Kharif	Green Gram (Moong)	Pulse	High
Odisha	Desert	25-35 C	Low	Zaid	Green Gram (Moong)	Pulse	High
Odisha	Desert	35-45 C	High	Rabi	Rice	Cereal	High
Odisha	Desert	35-45 C	High	Kharif	Rice	Cereal	High
Odisha	Desert	35-45 C	High	Zaid	Green Gram (Moong)	Pulse	Medium
Odisha	Desert	35-45 C	Medium	Rabi	Rice	Cereal	Medium
Odisha	Desert	35-45 C	Medium	Kharif	Cluster Bean (Guar)	Pulse	Medium
Odisha	Desert	35-45 C	Medium	Zaid	Muskmelon	Vegetable	High
Odisha	Desert	35-45 C	Low	Rabi	Barley	Cereal	Medium
Odisha	Desert	35-45 C	Low	Kharif	Cluster Bean (Guar)	Pulse	High
Odisha	Desert	35-45 C	Low	Zaid	Green Gram (Moong)	Pulse	High
Odisha	Forest	15-25 C	High	Rabi	Cardamom	Spice	High
Odisha	Forest	15-25 C	High	Kharif	Cardamom	Spice	High
Odisha	Forest	15-25 C	High	Zaid	Cardamom	Spice	High
Odisha	Forest	15-25 C	Medium	Rabi	Apple	Fruit	High
Odisha	Forest	15-25 C	Medium	Kharif	Apple	Fruit	High
Odisha	Forest	15-25 C	Medium	Zaid	Apple	Fruit	High
Odisha	Forest	15-25 C	Low	Rabi	Apple	Fruit	Medium
Odisha	Forest	15-25 C	Low	Kharif	Apple	Fruit	Medium
Odisha	Forest	15-25 C	Low	Zaid	Apple	Fruit	Medium
Odisha	Forest	25-35 C	High	Rabi	Black Pepper	Spice	High
Odisha	Forest	25-35 C	High	Kharif	Black Pepper	Spice	High
Odisha	Forest	25-35 C	High	Zaid	Black Pepper	Spice	High
Odisha	Forest	25-35 C	Medium	Rabi	Tomato	Vegetable	High
Odisha	Forest	25-35 C	Medium	Kharif	Finger Millet (Ragi)	Cereal	High
Odisha	Forest	25-35 C	Medium	Zaid	Tomato	Vegetable	High
Odisha	Forest	25-35 C	Low	Rabi	Black Pepper	Spice	Medium
Odisha	Forest	25-35 C	Low	Kharif	Black Pepper	Spice	Medium
Odisha	Forest	25-35 C	Low	Zaid	Black Pepper	Spice	Medium
Odisha	Forest	35-45 C	High	Rabi	Rice	Cereal	High
Odisha	Forest	35-45 C	High	Kharif	Rice	Cereal	High
Odisha	Forest	35-45 C	High	Zaid	Black Pepper	Spice	Medium
Odisha	Forest	35-45 C	Medium	Rabi	Apple	Fruit	Medium
Odisha	Forest	35-45 C	Medium	Kharif	Apple	Fruit	Medium
Odisha	Forest	35-45 C	Medium	Zaid	Apple	Fruit	Medium
Odisha	Forest	35-45 C	Low	Rabi	Rice	Cereal	Medium
Odisha	Forest	35-45 C	Low	Kharif	Black Gram (Urad)	Pulse	Medium
Odisha	Forest	35-45 C	Low	Zaid	Black Gram (Urad)	Pulse	Medium
Punjab	Alluvial	15-25 C	High	Rabi	Wheat	Cereal	High
Punjab	Alluvial	15-25 C	High	Kharif	Rice	Cereal	High
Punjab	Alluvial	15-25 C	High	Zaid	Wheat	Cereal	High
Punjab	Alluvial	15-25 C	Medium	Rabi	Wheat	Cereal	High
Punjab	Alluvial	15-25 C	Medium	Kharif	Apple	Fruit	High
Punjab	Alluvial	15-25 C	Medium	Zaid	Onion	Vegetable	High
Punjab	Alluvial	15-25 C	Low	Rabi	Barley	Cereal	High
Punjab	Alluvial	15-25 C	Low	Kharif	Black Gram (Urad)	Pulse	Medium
Punjab	Alluvial	15-25 C	Low	Zaid	Watermelon	Vegetable	High
Punjab	Alluvial	25-35 C	High	Rabi	Rice	Cereal	High
Punjab	Alluvial	25-35 C	High	Kharif	Rice	Cereal	High
Punjab	Alluvial	25-35 C	High	Zaid	Arecanut	Plantation	High
Punjab	Alluvial	25-35 C	Medium	Rabi	Maize	Cereal	High
Punjab	Alluvial	25-35 C	Medium	Kharif	Maize	Cereal	High
Punjab	Alluvial	25-35 C	Medium	Zaid	Cucumber	Vegetable	High
Punjab	Alluvial	25-35 C	Low	Rabi	Rice	Cereal	High
Punjab	Alluvial	25-35 C	Low	Kharif	Black Gram (Urad)	Pulse	High
Punjab	Alluvial	25-35 C	Low	Zaid	Black Gram (Urad)	Pulse	High
Punjab	Alluvial	35-45 C	High	Rabi	Rice	Cereal	High
Punjab	Alluvial	35-45 C	High	Kharif	Rice	Cereal	High
Punjab	Alluvial	35-45 C	High	Zaid	Watermelon	Vegetable	High
Punjab	Alluvial	35-45 C	Medium	Rabi	Rice	Cereal	High
Punjab	Alluvial	35-45 C	Medium	Kharif	Rice	Cereal	High
Punjab	Alluvial	35-45 C	Medium	Zaid	Watermelon	Vegetable	High
Punjab	Alluvial	35-45 C	Low	Rabi	Rice	Cereal	High
Punjab	Alluvial	35-45 C	Low	Kharif	Black Gram (Urad)	Pulse	High
Punjab	Alluvial	35-45 C	Low	Zaid	Watermelon	Vegetable	High
Punjab	Black	15-25 C	High	Rabi	Wheat	Cereal	High
Punjab	Black	15-25 C	High	Kharif	Rice	Cereal	High
Punjab	Black	15-25 C	High	Zaid	Wheat	Cereal	High
Punjab	Black	15-25 C	Medium	Rabi	Wheat	Cereal	High
Punjab	Black	15-25 C	Medium	Kharif	Cotton	Cash Crop	High
Punjab	Black	15-25 C	Medium	Zaid	Onion	Vegetable	High
Punjab	Black	15-25 C	Low	Rabi	Gram (Chickpea)	Pulse	High
Punjab	Black	15-25 C	Low	Kharif	Black Gram (Urad)	Pulse	Medium
Punjab	Black	15-25 C	Low	Zaid	Black Gram (Urad)	Pulse	Medium
Punjab	Black	25-35 C	High	Rabi	Rice	Cereal	High
Punjab	Black	25-35 C	High	Kharif	Rice	Cereal	High
Punjab	Black	25-35 C	High	Zaid	Rice	Cereal	High
Punjab	Black	25-35 C	Medium	Rabi	Maize	Cereal	High
Punjab	Black	25-35 C	Medium	Kharif	Cotton	Cash Crop	High
Punjab	Black	25-35 C	Medium	Zaid	Groundnut	Oilseed	High
Punjab	Black	25-35 C	Low	Rabi	Rice	Cereal	High
Punjab	Black	25-35 C	Low	Kharif	Black Gram (Urad)	Pulse	High
Punjab	Black	25-35 C	Low	Zaid	Black Gram (Urad)	Pulse	High
Punjab	Black	35-45 C	High	Rabi	Rice	Cereal	High
Punjab	Black	35-45 C	High	Kharif	Rice	Cereal	High
Punjab	Black	35-45 C	High	Zaid	Rice	Cereal	High
Punjab	Black	35-45 C	Medium	Rabi	Rice	Cereal	High
Punjab	Black	35-45 C	Medium	Kharif	Cotton	Cash Crop	High
Punjab	Black	35-45 C	Medium	Zaid	Cotton	Cash Crop	High
Punjab	Black	35-45 C	Low	Rabi	Rice	Cereal	High
Punjab	Black	35-45 C	Low	Kharif	Black Gram (Urad)	Pulse	High
Punjab	Black	35-45 C	Low	Zaid	Black Gram (Urad)	Pulse	High
Punjab	Red	15-25 C	High	Rabi	Rice	Cereal	High
Punjab	Red	15-25 C	High	Kharif	Rice	Cereal	High
Punjab	Red	15-25 C	High	Zaid	Coffee	Plantation	High
Punjab	Red	15-25 C	Medium	Rabi	Tomato	Vegetable	High
Punjab	Red	15-25 C	Medium	Kharif	Finger Millet (Ragi)	Cereal	Medium
Punjab	Red	15-25 C	Medium	Zaid	Tomato	Vegetable	High
Punjab	Red	15-25 C	Low	Rabi	Rice	Cereal	Medium
Punjab	Red	15-25 C	Low	Kharif	Black Gram (Urad)	Pulse	Medium
Punjab	Red	15-25 C	Low	Zaid	Watermelon	Vegetable	High
Punjab	Red	25-35 C	High	Rabi	Rice	Cereal	High
Punjab	Red	25-35 C	High	Kharif	Rice	Cereal	High
Punjab	Red	25-35 C	High	Zaid	Banana	Fruit	High
Punjab	Red	25-35 C	Medium	Rabi	Maize	Cereal	High
Punjab	Red	25-35 C	Medium	Kharif	Finger Millet (Ragi)	Cereal	High
Punjab	Red	25-35 C	Medium	Zaid	Cucumber	Vegetable	High
Punjab	Red	25-35 C	Low	Rabi	Rice	Cereal	High
Punjab	Red	25-35 C	Low	Kharif	Black Gram (Urad)	Pulse	High
Punjab	Red	25-35 C	Low	Zaid	Black Gram (Urad)	Pulse	High
Punjab	Red	35-45 C	High	Rabi	Rice	Cereal	High
Punjab	Red	35-45 C	High	Kharif	Rice	Cereal	High
Punjab	Red	35-45 C	High	Zaid	Watermelon	Vegetable	High
Punjab	Red	35-45 C	Medium	Rabi	Rice	Cereal	High
Punjab	Red	35-45 C	Medium	Kharif	Rice	Cereal	High
Punjab	Red	35-45 C	Medium	Zaid	Watermelon	Vegetable	High
Punjab	Red	35-45 C	Low	Rabi	Rice	Cereal	High
Punjab	Red	35-45 C	Low	Kharif	Black Gram (Urad)	Pulse	High
Punjab	Red	35-45 C	Low	Zaid	Watermelon	Vegetable	High
Punjab	Laterite	15-25 C	High	Rabi	Rice	Cereal	High
Punjab	Laterite	15-25 C	High	Kharif	Rice	Cereal	High
Punjab	Laterite	15-25 C	High	Zaid	Cardamom	Spice	High
Punjab	Laterite	15-25 C	Medium	Rabi	Wheat	Cereal	High
Punjab	Laterite	15-25 C	Medium	Kharif	Finger Millet (Ragi)	Cereal	Medium
Punjab	Laterite	15-25 C	Medium	Zaid	Cardamom	Spice	Medium
Punjab	Laterite	15-25 C	Low	Rabi	Rice	Cereal	Medium
Punjab	Laterite	15-25 C	Low	Kharif	Rice	Cereal	Medium
Punjab	Laterite	15-25 C	Low	Zaid	Cardamom	Spice	Medium
Punjab	Laterite	25-35 C	High	Rabi	Rice	Cereal	High
Punjab	Laterite	25-35 C	High	Kharif	Rice	Cereal	High
Punjab	Laterite	25-35 C	High	Zaid	Arecanut	Plantation	High
Punjab	Laterite	25-35 C	Medium	Rabi	Rice	Cereal	High
Punjab	Laterite	25-35 C	Medium	Kharif	Finger Millet (Ragi)	Cereal	High
Punjab	Laterite	25-35 C	Medium	Zaid	Cashew	Plantation	High
Punjab	Laterite	25-35 C	Low	Rabi	Rice	Cereal	High
Punjab	Laterite	25-35 C	Low	Kharif	Rice	Cereal	High
Punjab	Laterite	25-35 C	Low	Zaid	Arecanut	Plantation	Medium
Punjab	Laterite	35-45 C	High	Rabi	Rice	Cereal	High
Punjab	Laterite	35-45 C	High	Kharif	Rice	Cereal	High
Punjab	Laterite	35-45 C	High	Zaid	Rice	Cereal	High
Punjab	Laterite	35-45 C	Medium	Rabi	Rice	Cereal	High
Punjab	Laterite	35-45 C	Medium	Kharif	Rice	Cereal	High
Punjab	Laterite	35-45 C	Medium	Zaid	Watermelon	Vegetable	High
Punjab	Laterite	35-45 C	Low	Rabi	Rice	Cereal	High
Punjab	Laterite	35-45 C	Low	Kharif	Rice	Cereal	High
Punjab	Laterite	35-45 C	Low	Zaid	Watermelon	Vegetable	High
Punjab	Desert	15-25 C	High	Rabi	Wheat	Cereal	High
Punjab	Desert	15-25 C	High	Kharif	Rice	Cereal	Medium
Punjab	Desert	15-25 C	High	Zaid	Watermelon	Vegetable	Medium
Punjab	Desert	15-25 C	Medium	Rabi	Wheat	Cereal	High
Punjab	Desert	15-25 C	Medium	Kharif	Cotton	Cash Crop	Medium
Punjab	Desert	15-25 C	Medium	Zaid	Watermelon	Vegetable	High
Punjab	Desert	15-25 C	Low	Rabi	Barley	Cereal	High
Punjab	Desert	15-25 C	Low	Kharif	Cluster Bean (Guar)	Pulse	Medium
Punjab	Desert	15-25 C	Low	Zaid	Watermelon	Vegetable	High
Punjab	Desert	25-35 C	High	Rabi	Rice	Cereal	High
Punjab	Desert	25-35 C	High	Kharif	Rice	Cereal	High
Punjab	Desert	25-35 C	High	Zaid	Green Gram (Moong)	Pulse	Medium
Punjab	Desert	25-35 C	Medium	Rabi	Maize	Cereal	Medium
Punjab	Desert	25-35 C	Medium	Kharif	Cotton	Cash Crop	High
Punjab	Desert	25-35 C	Medium	Zaid	Watermelon	Vegetable	High
Punjab	Desert	25-35 C	Low	Rabi	Barley	Cereal	Medium
Punjab	Desert	25-35 C	Low	Kharif	Green Gram (Moong)	Pulse	High
Punjab	Desert	25-35 C	Low	Zaid	Green Gram (Moong)	Pulse	High
Punjab	Desert	35-45 C	High	Rabi	Rice	Cereal	High
Punjab	Desert	35-45 C	High	Kharif	Rice	Cereal	High
Punjab	Desert	35-45 C	High	Zaid	Watermelon	Vegetable	High
Punjab	Desert	35-45 C	Medium	Rabi	Watermelon	Vegetable	High
Punjab	Desert	35-45 C	Medium	Kharif	Cotton	Cash Crop	High
Punjab	Desert	35-45 C	Medium	Zaid	Watermelon	Vegetable	High
Punjab	Desert	35-45 C	Low	Rabi	Watermelon	Vegetable	High
Punjab	Desert	35-45 C	Low	Kharif	Cluster Bean (Guar)	Pulse	High
Punjab	Desert	35-45 C	Low	Zaid	Watermelon	Vegetable	High
Punjab	Forest	15-25 C	High	Rabi	Cardamom	Spice	High
Punjab	Forest	15-25 C	High	Kharif	Cardamom	Spice	High
Punjab	Forest	15-25 C	High	Zaid	Cardamom	Spice	High
Punjab	Forest	15-25 C	Medium	Rabi	Apple	Fruit	High
Punjab	Forest	15-25 C	Medium	Kharif	Apple	Fruit	High
Punjab	Forest	15-25 C	Medium	Zaid	Apple	Fruit	High
Punjab	Forest	15-25 C	Low	Rabi	Apple	Fruit	Medium
Punjab	Forest	15-25 C	Low	Kharif	Apple	Fruit	Medium
Punjab	Forest	15-25 C	Low	Zaid	Apple	Fruit	Medium
Punjab	Forest	25-35 C	High	Rabi	Black Pepper	Spice	High
Punjab	Forest	25-35 C	High	Kharif	Black Pepper	Spice	High
Punjab	Forest	25-35 C	High	Zaid	Black Pepper	Spice	High
Punjab	Forest	25-35 C	Medium	Rabi	Apple	Fruit	Medium
Punjab	Forest	25-35 C	Medium	Kharif	Cotton	Cash Crop	High
Punjab	Forest	25-35 C	Medium	Zaid	Apple	Fruit	Medium
Punjab	Forest	25-35 C	Low	Rabi	Black Pepper	Spice	Medium
Punjab	Forest	25-35 C	Low	Kharif	Black Pepper	Spice	Medium
Punjab	Forest	25-35 C	Low	Zaid	Black Pepper	Spice	Medium
Punjab	Forest	35-45 C	High	Rabi	Rice	Cereal	High
Punjab	Forest	35-45 C	High	Kharif	Rice	Cereal	High
Punjab	Forest	35-45 C	High	Zaid	Black Pepper	Spice	Medium
Punjab	Forest	35-45 C	Medium	Rabi	Apple	Fruit	Medium
Punjab	Forest	35-45 C	Medium	Kharif	Cotton	Cash Crop	High
Punjab	Forest	35-45 C	Medium	Zaid	Watermelon	Vegetable	High
Punjab	Forest	35-45 C	Low	Rabi	Rice	Cereal	Medium
Punjab	Forest	35-45 C	Low	Kharif	Black Gram (Urad)	Pulse	Medium
Punjab	Forest	35-45 C	Low	Zaid	Watermelon	Vegetable	High
Rajasthan	Alluvial	15-25 C	High	Rabi	Wheat	Cereal	High
Rajasthan	Alluvial	15-25 C	High	Kharif	Wheat	Cereal	High
Rajasthan	Alluvial	15-25 C	High	Zaid	Wheat	Cereal	High
Rajasthan	Alluvial	15-25 C	Medium	Rabi	Wheat	Cereal	High
Rajasthan	Alluvial	15-25 C	Medium	Kharif	Apple	Fruit	High
Rajasthan	Alluvial	15-25 C	Medium	Zaid	Muskmelon	Vegetable	High
Rajasthan	Alluvial	15-25 C	Low	Rabi	Barley	Cereal	High
Rajasthan	Alluvial	15-25 C	Low	Kharif	Green Gram (Moong)	Pulse	High
Rajasthan	Alluvial	15-25 C	Low	Zaid	Green Gram (Moong)	Pulse	High
Rajasthan	Alluvial	25-35 C	High	Rabi	Rice	Cereal	High
Rajasthan	Alluvial	25-35 C	High	Kharif	Green Gram (Moong)	Pulse	High
Rajasthan	Alluvial	25-35 C	High	Zaid	Green Gram (Moong)	Pulse	High
Rajasthan	Alluvial	25-35 C	Medium	Rabi	Maize	Cereal	High
Rajasthan	Alluvial	25-35 C	Medium	Kharif	Green Gram (Moong)	Pulse	High
Rajasthan	Alluvial	25-35 C	Medium	Zaid	Green Gram (Moong)	Pulse	High
Rajasthan	Alluvial	25-35 C	Low	Rabi	Barley	Cereal	High
Rajasthan	Alluvial	25-35 C	Low	Kharif	Green Gram (Moong)	Pulse	High
Rajasthan	Alluvial	25-35 C	Low	Zaid	Green Gram (Moong)	Pulse	High
Rajasthan	Alluvial	35-45 C	High	Rabi	Rice	Cereal	High
Rajasthan	Alluvial	35-45 C	High	Kharif	Green Gram (Moong)	Pulse	High
Rajasthan	Alluvial	35-45 C	High	Zaid	Green Gram (Moong)	Pulse	High
Rajasthan	Alluvial	35-45 C	Medium	Rabi	Wheat	Cereal	High
Rajasthan	Alluvial	35-45 C	Medium	Kharif	Green Gram (Moong)	Pulse	High
Rajasthan	Alluvial	35-45 C	Medium	Zaid	Muskmelon	Vegetable	High
Rajasthan	Alluvial	35-45 C	Low	Rabi	Barley	Cereal	High
Rajasthan	Alluvial	35-45 C	Low	Kharif	Green Gram (Moong)	Pulse	High
Rajasthan	Alluvial	35-45 C	Low	Zaid	Green Gram (Moong)	Pulse	High
Rajasthan	Black	15-25 C	High	Rabi	Wheat	Cereal	High
Rajasthan	Black	15-25 C	High	Kharif	Wheat	Cereal	High
Rajasthan	Black	15-25 C	High	Zaid	Wheat	Cereal	High
Rajasthan	Black	15-25 C	Medium	Rabi	Wheat	Cereal	High
Rajasthan	Black	15-25 C	Medium	Kharif	Soybean	Oilseed	High
Rajasthan	Black	15-25 C	Medium	Zaid	Onion	Vegetable	High
Rajasthan	Black	15-25 C	Low	Rabi	Gram (Chickpea)	Pulse	High
Rajasthan	Black	15-25 C	Low	Kharif	Green Gram (Moong)	Pulse	High
Rajasthan	Black	15-25 C	Low	Zaid	Green Gram (Moong)	Pulse	High
Rajasthan	Black	25-35 C	High	Rabi	Rice	Cereal	High
Rajasthan	Black	25-35 C	High	Kharif	Green Gram (Moong)	Pulse	High
Rajasthan	Black	25-35 C	High	Zaid	Green Gram (Moong)	Pulse	High
Rajasthan	Black	25-35 C	Medium	Rabi	Maize	Cereal	High
Rajasthan	Black	25-35 C	Medium	Kharif	Soybean	Oilseed	High
Rajasthan	Black	25-35 C	Medium	Zaid	Green Gram (Moong)	Pulse	High
Rajasthan	Black	25-35 C	Low	Rabi	Gram (Chickpea)	Pulse	High
Rajasthan	Black	25-35 C	Low	Kharif	Green Gram (Moong)	Pulse	High
Rajasthan	Black	25-35 C	Low	Zaid	Green Gram (Moong)	Pulse	High
Rajasthan	Black	35-45 C	High	Rabi	Rice	Cereal	High
Rajasthan	Black	35-45 C	High	Kharif	Green Gram (Moong)	Pulse	High
Rajasthan	Black	35-45 C	High	Zaid	Green Gram (Moong)	Pulse	High
Rajasthan	Black	35-45 C	Medium	Rabi	Sorghum (Jowar)	Cereal	High
Rajasthan	Black	35-45 C	Medium	Kharif	Green Gram (Moong)	Pulse	High
Rajasthan	Black	35-45 C	Medium	Zaid	Green Gram (Moong)	Pulse	High
Rajasthan	Black	35-45 C	Low	Rabi	Gram (Chickpea)	Pulse	High
Rajasthan	Black	35-45 C	Low	Kharif	Green Gram (Moong)	Pulse	High
Rajasthan	Black	35-45 C	Low	Zaid	Green Gram (Moong)	Pulse	High
Rajasthan	Red	15-25 C	High	Rabi	Coffee	Plantation	High
Rajasthan	Red	15-25 C	High	Kharif	Coffee	Plantation	High
Rajasthan	Red	15-25 C	High	Zaid	Coffee	Plantation	High
Rajasthan	Red	15-25 C	Medium	Rabi	Tomato	Vegetable	High
Rajasthan	Red	15-25 C	Medium	Kharif	Cluster Bean (Guar)	Pulse	Medium
Rajasthan	Red	15-25 C	Medium	Zaid	Tomato	Vegetable	High
Rajasthan	Red	15-25 C	Low	Rabi	Barley	Cereal	High
Rajasthan	Red	15-25 C	Low	Kharif	Cluster Bean (Guar)	Pulse	High
Rajasthan	Red	15-25 C	Low	Zaid	Green Gram (Moong)	Pulse	High
Rajasthan	Red	25-35 C	High	Rabi	Rice	Cereal	High
Rajasthan	Red	25-35 C	High	Kharif	Green Gram (Moong)	Pulse	High
Rajasthan	Red	25-35 C	High	Zaid	Green Gram (Moong)	Pulse	High
Rajasthan	Red	25-35 C	Medium	Rabi	Maize	Cereal	High
Rajasthan	Red	25-35 C	Medium	Kharif	Finger Millet (Ragi)	Cereal	High
Rajasthan	Red	25-35 C	Medium	Zaid	Green Gram (Moong)	Pulse	High
Rajasthan	Red	25-35 C	Low	Rabi	Sorghum (Jowar)	Cereal	High
Rajasthan	Red	25-35 C	Low	Kharif	Green Gram (Moong)	Pulse	High
Rajasthan	Red	25-35 C	Low	Zaid	Green Gram (Moong)	Pulse	High
Rajasthan	Red	35-45 C	High	Rabi	Rice	Cereal	High
Rajasthan	Red	35-45 C	High	Kharif	Cluster Bean (Guar)	Pulse	High
Rajasthan	Red	35-45 C	High	Zaid	Green Gram (Moong)	Pulse	High
Rajasthan	Red	35-45 C	Medium	Rabi	Sorghum (Jowar)	Cereal	High
Rajasthan	Red	35-45 C	Medium	Kharif	Cluster Bean (Guar)	Pulse	High
Rajasthan	Red	35-45 C	Medium	Zaid	Watermelon	Vegetable	High
Rajasthan	Red	35-45 C	Low	Rabi	Sorghum (Jowar)	Cereal	High
Rajasthan	Red	35-45 C	Low	Kharif	Cluster Bean (Guar)	Pulse	High
Rajasthan	Red	35-45 C	Low	Zaid	Green Gram (Moong)	Pulse	High
Rajasthan	Laterite	15-25 C	High	Rabi	Cardamom	Spice	High
Rajasthan	Laterite	15-25 C	High	Kharif	Cardamom	Spice	High
Rajasthan	Laterite	15-25 C	High	Zaid	Cardamom	Spice	High
Rajasthan	Laterite	15-25 C	Medium	Rabi	Wheat	Cereal	High
Rajasthan	Laterite	15-25 C	Medium	Kharif	Finger Millet (Ragi)	Cereal	Medium
Rajasthan	Laterite	15-25 C	Medium	Zaid	Cardamom	Spice	Medium
Rajasthan	Laterite	15-25 C	Low	Rabi	Barley	Cereal	High
Rajasthan	Laterite	15-25 C	Low	Kharif	Cardamom	Spice	Medium
Rajasthan	Laterite	15-25 C	Low	Zaid	Cardamom	Spice	Medium
Rajasthan	Laterite	25-35 C	High	Rabi	Rice	Cereal	High
Rajasthan	Laterite	25-35 C	High	Kharif	Rice	Cereal	High
Rajasthan	Laterite	25-35 C	High	Zaid	Arecanut	Plantation	High
Rajasthan	Laterite	25-35 C	Medium	Rabi	Cashew	Plantation	High
Rajasthan	Laterite	25-35 C	Medium	Kharif	Finger Millet (Ragi)	Cereal	High
Rajasthan	Laterite	25-35 C	Medium	Zaid	Cashew	Plantation	High
Rajasthan	Laterite	25-35 C	Low	Rabi	Rice	Cereal	Medium
Rajasthan	Laterite	25-35 C	Low	Kharif	Green Gram (Moong)	Pulse	High
Rajasthan	Laterite	25-35 C	Low	Zaid	Green Gram (Moong)	Pulse	High
Rajasthan	Laterite	35-45 C	High	Rabi	Rice	Cereal	High
Rajasthan	Laterite	35-45 C	High	Kharif	Rice	Cereal	High
Rajasthan	Laterite	35-45 C	High	Zaid	Arecanut	Plantation	Medium
Rajasthan	Laterite	35-45 C	Medium	Rabi	Rice	Cereal	Medium
Rajasthan	Laterite	35-45 C	Medium	Kharif	Finger Millet (Ragi)	Cereal	Medium
Rajasthan	Laterite	35-45 C	Medium	Zaid	Muskmelon	Vegetable	High
Rajasthan	Laterite	35-45 C	Low	Rabi	Rice	Cereal	Medium
Rajasthan	Laterite	35-45 C	Low	Kharif	Cluster Bean (Guar)	Pulse	High
Rajasthan	Laterite	35-45 C	Low	Zaid	Green Gram (Moong)	Pulse	High
Rajasthan	Desert	15-25 C	High	Rabi	Barley	Cereal	High
Rajasthan	Desert	15-25 C	High	Kharif	Cluster Bean (Guar)	Pulse	Medium
Rajasthan	Desert	15-25 C	High	Zaid	Green Gram (Moong)	Pulse	Medium
Rajasthan	Desert	15-25 C	Medium	Rabi	Barley	Cereal	High
Rajasthan	Desert	15-25 C	Medium	Kharif	Cluster Bean (Guar)	Pulse	Medium
Rajasthan	Desert	15-25 C	Medium	Zaid	Muskmelon	Vegetable	High
Rajasthan	Desert	15-25 C	Low	Rabi	Barley	Cereal	High
Rajasthan	Desert	15-25 C	Low	Kharif	Cluster Bean (Guar)	Pulse	High
Rajasthan	Desert	15-25 C	Low	Zaid	Green Gram (Moong)	Pulse	High
Rajasthan	Desert	25-35 C	High	Rabi	Barley	Cereal	Medium
Rajasthan	Desert	25-35 C	High	Kharif	Green Gram (Moong)	Pulse	High
Rajasthan	Desert	25-35 C	High	Zaid	Green Gram (Moong)	Pulse	High
Rajasthan	Desert	25-35 C	Medium	Rabi	Barley	Cereal	Medium
Rajasthan	Desert	25-35 C	Medium	Kharif	Green Gram (Moong)	Pulse	High
Rajasthan	Desert	25-35 C	Medium	Zaid	Green Gram (Moong)	Pulse	High
Rajasthan	Desert	25-35 C	Low	Rabi	Barley	Cereal	High
Rajasthan	Desert	25-35 C	Low	Kharif	Green Gram (Moong)	Pulse	High
Rajasthan	Desert	25-35 C	Low	Zaid	Green Gram (Moong)	Pulse	High
Rajasthan	Desert	35-45 C	High	Rabi	Barley	Cereal	Medium
Rajasthan	Desert	35-45 C	High	Kharif	Cluster Bean (Guar)	Pulse	High
Rajasthan	Desert	35-45 C	High	Zaid	Green Gram (Moong)	Pulse	High
Rajasthan	Desert	35-45 C	Medium	Rabi	Muskmelon	Vegetable	High
Rajasthan	Desert	35-45 C	Medium	Kharif	Cluster Bean (Guar)	Pulse	High
Rajasthan	Desert	35-45 C	Medium	Zaid	Muskmelon	Vegetable	High
Rajasthan	Desert	35-45 C	Low	Rabi	Barley	Cereal	High
Rajasthan	Desert	35-45 C	Low	Kharif	Cluster Bean (Guar)	Pulse	High
Rajasthan	Desert	35-45 C	Low	Zaid	Green Gram (Moong)	Pulse	High
Rajasthan	Forest	15-25 C	High	Rabi	Cardamom	Spice	High
Rajasthan	Forest	15-25 C	High	Kharif	Cardamom	Spice	High
Rajasthan	Forest	15-25 C	High	Zaid	Cardamom	Spice	High
Rajasthan	Forest	15-25 C	Medium	Rabi	Apple	Fruit	High
Rajasthan	Forest	15-25 C	Medium	Kharif	Apple	Fruit	High
Rajasthan	Forest	15-25 C	Medium	Zaid	Apple	Fruit	High
Rajasthan	Forest	15-25 C	Low	Rabi	Barley	Cereal	High
Rajasthan	Forest	15-25 C	Low	Kharif	Apple	Fruit	Medium
Rajasthan	Forest	15-25 C	Low	Zaid	Apple	Fruit	Medium
Rajasthan	Forest	25-35 C	High	Rabi	Black Pepper	Spice	High
Rajasthan	Forest	25-35 C	High	Kharif	Black Pepper	Spice	High
Rajasthan	Forest	25-35 C	High	Zaid	Black Pepper	Spice	High
Rajasthan	Forest	25-35 C	Medium	Rabi	Apple	Fruit	Medium
Rajasthan	Forest	25-35 C	Medium	Kharif	Soybean	Oilseed	High
Rajasthan	Forest	25-35 C	Medium	Zaid	Apple	Fruit	Medium
Rajasthan	Forest	25-35 C	Low	Rabi	Black Pepper	Spice	Medium
Rajasthan	Forest	25-35 C	Low	Kharif	Green Gram (Moong)	Pulse	High
Rajasthan	Forest	25-35 C	Low	Zaid	Green Gram (Moong)	Pulse	High
Rajasthan	Forest	35-45 C	High	Rabi	Black Pepper	Spice	Medium
Rajasthan	Forest	35-45 C	High	Kharif	Black Pepper	Spice	Medium
Rajasthan	Forest	35-45 C	High	Zaid	Black Pepper	Spice	Medium
Rajasthan	Forest	35-45 C	Medium	Rabi	Apple	Fruit	Medium
Rajasthan	Forest	35-45 C	Medium	Kharif	Apple	Fruit	Medium
Rajasthan	Forest	35-45 C	Medium	Zaid	Muskmelon	Vegetable	High
Rajasthan	Forest	35-45 C	Low	Rabi	Barley	Cereal	Medium
Rajasthan	Forest	35-45 C	Low	Kharif	Cluster Bean (Guar)	Pulse	High
Rajasthan	Forest	35-45 C	Low	Zaid	Green Gram (Moong)	Pulse	High
Sikkim	Alluvial	15-25 C	High	Rabi	Wheat	Cereal	High
Sikkim	Alluvial	15-25 C	High	Kharif	Apple	Fruit	High
Sikkim	Alluvial	15-25 C	High	Zaid	Apple	Fruit	High
Sikkim	Alluvial	15-25 C	Medium	Rabi	Apple	Fruit	High
Sikkim	Alluvial	15-25 C	Medium	Kharif	Apple	Fruit	High
Sikkim	Alluvial	15-25 C	Medium	Zaid	Apple	Fruit	High
Sikkim	Alluvial	15-25 C	Low	Rabi	Barley	Cereal	High
Sikkim	Alluvial	15-25 C	Low	Kharif	Apple	Fruit	High
Sikkim	Alluvial	15-25 C	Low	Zaid	Apple	Fruit	High
Sikkim	Alluvial	25-35 C	High	Rabi	Rice	Cereal	High
Sikkim	Alluvial	25-35 C	High	Kharif	Rice	Cereal	High
Sikkim	Alluvial	25-35 C	High	Zaid	Arecanut	Plantation	High
Sikkim	Alluvial	25-35 C	Medium	Rabi	Maize	Cereal	High
Sikkim	Alluvial	25-35 C	Medium	Kharif	Maize	Cereal	High
Sikkim	Alluvial	25-35 C	Medium	Zaid	Cucumber	Vegetable	High
Sikkim	Alluvial	25-35 C	Low	Rabi	Barley	Cereal	Medium
Sikkim	Alluvial	25-35 C	Low	Kharif	Black Gram (Urad)	Pulse	High
Sikkim	Alluvial	25-35 C	Low	Zaid	Black Gram (Urad)	Pulse	High
Sikkim	Alluvial	35-45 C	High	Rabi	Rice	Cereal	High
Sikkim	Alluvial	35-45 C	High	Kharif	Rice	Cereal	High
Sikkim	Alluvial	35-45 C	High	Zaid	Black Gram (Urad)	Pulse	Medium
Sikkim	Alluvial	35-45 C	Medium	Rabi	Apple	Fruit	High
Sikkim	Alluvial	35-45 C	Medium	Kharif	Apple	Fruit	High
Sikkim	Alluvial	35-45 C	Medium	Zaid	Cucumber	Vegetable	High
Sikkim	Alluvial	35-45 C	Low	Rabi	Barley	Cereal	Medium
Sikkim	Alluvial	35-45 C	Low	Kharif	Black Gram (Urad)	Pulse	High
Sikkim	Alluvial	35-45 C	Low	Zaid	Black Gram (Urad)	Pulse	High
Sikkim	Black	15-25 C	High	Rabi	Wheat	Cereal	High
Sikkim	Black	15-25 C	High	Kharif	Cardamom	Spice	High
Sikkim	Black	15-25 C	High	Zaid	Cardamom	Spice	High
Sikkim	Black	15-25 C	Medium	Rabi	Wheat	Cereal	High
Sikkim	Black	15-25 C	Medium	Kharif	Apple	Fruit	High
Sikkim	Black	15-25 C	Medium	Zaid	Onion	Vegetable	High
Sikkim	Black	15-25 C	Low	Rabi	Gram (Chickpea)	Pulse	High
Sikkim	Black	15-25 C	Low	Kharif	Black Gram (Urad)	Pulse	Medium
Sikkim	Black	15-25 C	Low	Zaid	Black Gram (Urad)	Pulse	Medium
Sikkim	Black	25-35 C	High	Rabi	Rice	Cereal	High
Sikkim	Black	25-35 C	High	Kharif	Rice	Cereal	High
Sikkim	Black	25-35 C	High	Zaid	Cardamom	Spice	High
Sikkim	Black	25-35 C	Medium	Rabi	Maize	Cereal	High
Sikkim	Black	25-35 C	Medium	Kharif	Maize	Cereal	High
Sikkim	Black	25-35 C	Medium	Zaid	Groundnut	Oilseed	High
Sikkim	Black	25-35 C	Low	Rabi	Sorghum (Jowar)	Cereal	High
Sikkim	Black	25-35 C	Low	Kharif	Black Gram (Urad)	Pulse	High
Sikkim	Black	25-35 C	Low	Zaid	Black Gram (Urad)	Pulse	High
Sikkim	Black	35-45 C	High	Rabi	Rice	Cereal	High
Sikkim	Black	35-45 C	High	Kharif	Rice	Cereal	High
Sikkim	Black	35-45 C	High	Zaid	Black Gram (Urad)	Pulse	Medium
Sikkim	Black	35-45 C	Medium	Rabi	Sorghum (Jowar)	Cereal	High
Sikkim	Black	35-45 C	Medium	Kharif	Sorghum (Jowar)	Cereal	High
Sikkim	Black	35-45 C	Medium	Zaid	Black Gram (Urad)	Pulse	Medium
Sikkim	Black	35-45 C	Low	Rabi	Sorghum (Jowar)	Cereal	High
Sikkim	Black	35-45 C	Low	Kharif	Black Gram (Urad)	Pulse	High
Sikkim	Black	35-45 C	Low	Zaid	Black Gram (Urad)	Pulse	High
Sikkim	Red	15-25 C	High	Rabi	Coffee	Plantation	High
Sikkim	Red	15-25 C	High	Kharif	Coffee	Plantation	High
Sikkim	Red	15-25 C	High	Zaid	Coffee	Plantation	High
Sikkim	Red	15-25 C	Medium	Rabi	Tomato	Vegetable	High
Sikkim	Red	15-25 C	Medium	Kharif	Apple	Fruit	High
Sikkim	Red	15-25 C	Medium	Zaid	Tomato	Vegetable	High
Sikkim	Red	15-25 C	Low	Rabi	Sorghum (Jowar)	Cereal	Medium
Sikkim	Red	15-25 C	Low	Kharif	Black Gram (Urad)	Pulse	Medium
Sikkim	Red	15-25 C	Low	Zaid	Black Gram (Urad)	Pulse	Medium
Sikkim	Red	25-35 C	High	Rabi	Rice	Cereal	High
Sikkim	Red	25-35 C	High	Kharif	Ginger	Spice	High
Sikkim	Red	25-35 C	High	Zaid	Banana	Fruit	High
Sikkim	Red	25-35 C	Medium	Rabi	Maize	Cereal	High
Sikkim	Red	25-35 C	Medium	Kharif	Finger Millet (Ragi)	Cereal	High
Sikkim	Red	25-35 C	Medium	Zaid	Cucumber	Vegetable	High
Sikkim	Red	25-35 C	Low	Rabi	Sorghum (Jowar)	Cereal	High
Sikkim	Red	25-35 C	Low	Kharif	Black Gram (Urad)	Pulse	High
Sikkim	Red	25-35 C	Low	Zaid	Black Gram (Urad)	Pulse	High
Sikkim	Red	35-45 C	High	Rabi	Rice	Cereal	High
Sikkim	Red	35-45 C	High	Kharif	Rice	Cereal	High
Sikkim	Red	35-45 C	High	Zaid	Black Gram (Urad)	Pulse	Medium
Sikkim	Red	35-45 C	Medium	Rabi	Sorghum (Jowar)	Cereal	High
Sikkim	Red	35-45 C	Medium	Kharif	Sorghum (Jowar)	Cereal	High
Sikkim	Red	35-45 C	Medium	Zaid	Cucumber	Vegetable	High
Sikkim	Red	35-45 C	Low	Rabi	Sorghum (Jowar)	Cereal	High
Sikkim	Red	35-45 C	Low	Kharif	Black Gram (Urad)	Pulse	High
Sikkim	Red	35-45 C	Low	Zaid	Black Gram (Urad)	Pulse	High
Sikkim	Laterite	15-25 C	High	Rabi	Cardamom	Spice	High
Sikkim	Laterite	15-25 C	High	Kharif	Cardamom	Spice	High
Sikkim	Laterite	15-25 C	High	Zaid	Cardamom	Spice	High
Sikkim	Laterite	15-25 C	Medium	Rabi	Cardamom	Spice	High
Sikkim	Laterite	15-25 C	Medium	Kharif	Cardamom	Spice	High
Sikkim	Laterite	15-25 C	Medium	Zaid	Cardamom	Spice	High
Sikkim	Laterite	15-25 C	Low	Rabi	Cardamom	Spice	High
Sikkim	Laterite	15-25 C	Low	Kharif	Cardamom	Spice	High
Sikkim	Laterite	15-25 C	Low	Zaid	Cardamom	Spice	High
Sikkim	Laterite	25-35 C	High	Rabi	Cardamom	Spice	High
Sikkim	Laterite	25-35 C	High	Kharif	Cardamom	Spice	High
Sikkim	Laterite	25-35 C	High	Zaid	Cardamom	Spice	High
Sikkim	Laterite	25-35 C	Medium	Rabi	Cardamom	Spice	High
Sikkim	Laterite	25-35 C	Medium	Kharif	Finger Millet (Ragi)	Cereal	High
Sikkim	Laterite	25-35 C	Medium	Zaid	Cardamom	Spice	High
Sikkim	Laterite	25-35 C	Low	Rabi	Cardamom	Spice	High
Sikkim	Laterite	25-35 C	Low	Kharif	Cardamom	Spice	High
Sikkim	Laterite	25-35 C	Low	Zaid	Cardamom	Spice	High
Sikkim	Laterite	35-45 C	High	Rabi	Rice	Cereal	High
Sikkim	Laterite	35-45 C	High	Kharif	Rice	Cereal	High
Sikkim	Laterite	35-45 C	High	Zaid	Cardamom	Spice	High
Sikkim	Laterite	35-45 C	Medium	Rabi	Rice	Cereal	Medium
Sikkim	Laterite	35-45 C	Medium	Kharif	Finger Millet (Ragi)	Cereal	Medium
Sikkim	Laterite	35-45 C	Medium	Zaid	Cardamom	Spice	Medium
Sikkim	Laterite	35-45 C	Low	Rabi	Rice	Cereal	Medium
Sikkim	Laterite	35-45 C	Low	Kharif	Rice	Cereal	Medium
Sikkim	Laterite	35-45 C	Low	Zaid	Cardamom	Spice	Medium
Sikkim	Desert	15-25 C	High	Rabi	Cardamom	Spice	High
Sikkim	Desert	15-25 C	High	Kharif	Cardamom	Spice	High
Sikkim	Desert	15-25 C	High	Zaid	Cardamom	Spice	High
Sikkim	Desert	15-25 C	Medium	Rabi	Apple	Fruit	High
Sikkim	Desert	15-25 C	Medium	Kharif	Apple	Fruit	High
Sikkim	Desert	15-25 C	Medium	Zaid	Apple	Fruit	High
Sikkim	Desert	15-25 C	Low	Rabi	Barley	Cereal	High
Sikkim	Desert	15-25 C	Low	Kharif	Cluster Bean (Guar)	Pulse	Medium
Sikkim	Desert	15-25 C	Low	Zaid	Green Gram (Moong)	Pulse	Medium
Sikkim	Desert	25-35 C	High	Rabi	Cardamom	Spice	High
Sikkim	Desert	25-35 C	High	Kharif	Cardamom	Spice	High
Sikkim	Desert	25-35 C	High	Zaid	Cardamom	Spice	High
Sikkim	Desert	25-35 C	Medium	Rabi	Maize	Cereal	Medium
Sikkim	Desert	25-35 C	Medium	Kharif	Green Gram (Moong)	Pulse	Medium
Sikkim	Desert	25-35 C	Medium	Zaid	Green Gram (Moong)	Pulse	Medium
Sikkim	Desert	25-35 C	Low	Rabi	Barley	Cereal	Medium
Sikkim	Desert	25-35 C	Low	Kharif	Green Gram (Moong)	Pulse	High
Sikkim	Desert	25-35 C	Low	Zaid	Green Gram (Moong)	Pulse	High
Sikkim	Desert	35-45 C	High	Rabi	Rice	Cereal	Medium
Sikkim	Desert	35-45 C	High	Kharif	Cluster Bean (Guar)	Pulse	Medium
Sikkim	Desert	35-45 C	High	Zaid	Green Gram (Moong)	Pulse	Medium
Sikkim	Desert	35-45 C	Medium	Rabi	Sorghum (Jowar)	Cereal	Medium
Sikkim	Desert	35-45 C	Medium	Kharif	Cluster Bean (Guar)	Pulse	Medium
Sikkim	Desert	35-45 C	Medium	Zaid	Muskmelon	Vegetable	High
Sikkim	Desert	35-45 C	Low	Rabi	Barley	Cereal	Medium
Sikkim	Desert	35-45 C	Low	Kharif	Cluster Bean (Guar)	Pulse	High
Sikkim	Desert	35-45 C	Low	Zaid	Green Gram (Moong)	Pulse	High
Sikkim	Forest	15-25 C	High	Rabi	Cardamom	Spice	High
Sikkim	Forest	15-25 C	High	Kharif	Cardamom	Spice	High
Sikkim	Forest	15-25 C	High	Zaid	Cardamom	Spice	High
Sikkim	Forest	15-25 C	Medium	Rabi	Apple	Fruit	High
Sikkim	Forest	15-25 C	Medium	Kharif	Apple	Fruit	High
Sikkim	Forest	15-25 C	Medium	Zaid	Apple	Fruit	High
Sikkim	Forest	15-25 C	Low	Rabi	Apple	Fruit	High
Sikkim	Forest	15-25 C	Low	Kharif	Apple	Fruit	High
Sikkim	Forest	15-25 C	Low	Zaid	Apple	Fruit	High
Sikkim	Forest	25-35 C	High	Rabi	Cardamom	Spice	High
Sikkim	Forest	25-35 C	High	Kharif	Cardamom	Spice	High
Sikkim	Forest	25-35 C	High	Zaid	Cardamom	Spice	High
Sikkim	Forest	25-35 C	Medium	Rabi	Apple	Fruit	High
Sikkim	Forest	25-35 C	Medium	Kharif	Apple	Fruit	High
Sikkim	Forest	25-35 C	Medium	Zaid	Apple	Fruit	High
Sikkim	Forest	25-35 C	Low	Rabi	Cardamom	Spice	High
Sikkim	Forest	25-35 C	Low	Kharif	Cardamom	Spice	High
Sikkim	Forest	25-35 C	Low	Zaid	Cardamom	Spice	High
Sikkim	Forest	35-45 C	High	Rabi	Cardamom	Spice	High
Sikkim	Forest	35-45 C	High	Kharif	Cardamom	Spice	High
Sikkim	Forest	35-45 C	High	Zaid	Cardamom	Spice	High
Sikkim	Forest	35-45 C	Medium	Rabi	Apple	Fruit	High
Sikkim	Forest	35-45 C	Medium	Kharif	Apple	Fruit	High
Sikkim	Forest	35-45 C	Medium	Zaid	Apple	Fruit	High
Sikkim	Forest	35-45 C	Low	Rabi	Apple	Fruit	Medium
Sikkim	Forest	35-45 C	Low	Kharif	Apple	Fruit	Medium
Sikkim	Forest	35-45 C	Low	Zaid	Apple	Fruit	Medium
Tamil Nadu	Alluvial	15-25 C	High	Rabi	Rice	Cereal	High
Tamil Nadu	Alluvial	15-25 C	High	Kharif	Rice	Cereal	High
Tamil Nadu	Alluvial	15-25 C	High	Zaid	Banana	Fruit	High
Tamil Nadu	Alluvial	15-25 C	Medium	Rabi	Wheat	Cereal	High
Tamil Nadu	Alluvial	15-25 C	Medium	Kharif	Groundnut	Oilseed	High
Tamil Nadu	Alluvial	15-25 C	Medium	Zaid	Groundnut	Oilseed	High
Tamil Nadu	Alluvial	15-25 C	Low	Rabi	Barley	Cereal	High
Tamil Nadu	Alluvial	15-25 C	Low	Kharif	Black Gram (Urad)	Pulse	High
Tamil Nadu	Alluvial	15-25 C	Low	Zaid	Black Gram (Urad)	Pulse	High
Tamil Nadu	Alluvial	25-35 C	High	Rabi	Rice	Cereal	High
Tamil Nadu	Alluvial	25-35 C	High	Kharif	Rice	Cereal	High
Tamil Nadu	Alluvial	25-35 C	High	Zaid	Banana	Fruit	High
Tamil Nadu	Alluvial	25-35 C	Medium	Rabi	Maize	Cereal	High
Tamil Nadu	Alluvial	25-35 C	Medium	Kharif	Groundnut	Oilseed	High
Tamil Nadu	Alluvial	25-35 C	Medium	Zaid	Groundnut	Oilseed	High
Tamil Nadu	Alluvial	25-35 C	Low	Rabi	Rice	Cereal	High
Tamil Nadu	Alluvial	25-35 C	Low	Kharif	Black Gram (Urad)	Pulse	High
Tamil Nadu	Alluvial	25-35 C	Low	Zaid	Black Gram (Urad)	Pulse	High
Tamil Nadu	Alluvial	35-45 C	High	Rabi	Rice	Cereal	High
Tamil Nadu	Alluvial	35-45 C	High	Kharif	Rice	Cereal	High
Tamil Nadu	Alluvial	35-45 C	High	Zaid	Black Gram (Urad)	Pulse	High
Tamil Nadu	Alluvial	35-45 C	Medium	Rabi	Rice	Cereal	High
Tamil Nadu	Alluvial	35-45 C	Medium	Kharif	Black Gram (Urad)	Pulse	High
Tamil Nadu	Alluvial	35-45 C	Medium	Zaid	Black Gram (Urad)	Pulse	High
Tamil Nadu	Alluvial	35-45 C	Low	Rabi	Rice	Cereal	High
Tamil Nadu	Alluvial	35-45 C	Low	Kharif	Black Gram (Urad)	Pulse	High
Tamil Nadu	Alluvial	35-45 C	Low	Zaid	Black Gram (Urad)	Pulse	High
Tamil Nadu	Black	15-25 C	High	Rabi	Rice	Cereal	High
Tamil Nadu	Black	15-25 C	High	Kharif	Rice	Cereal	High
Tamil Nadu	Black	15-25 C	High	Zaid	Coffee	Plantation	High
Tamil Nadu	Black	15-25 C	Medium	Rabi	Wheat	Cereal	High
Tamil Nadu	Black	15-25 C	Medium	Kharif	Groundnut	Oilseed	High
Tamil Nadu	Black	15-25 C	Medium	Zaid	Groundnut	Oilseed	High
Tamil Nadu	Black	15-25 C	Low	Rabi	Gram (Chickpea)	Pulse	High
Tamil Nadu	Black	15-25 C	Low	Kharif	Black Gram (Urad)	Pulse	High
Tamil Nadu	Black	15-25 C	Low	Zaid	Black Gram (Urad)	Pulse	High
Tamil Nadu	Black	25-35 C	High	Rabi	Rice	Cereal	High
Tamil Nadu	Black	25-35 C	High	Kharif	Rice	Cereal	High
Tamil Nadu	Black	25-35 C	High	Zaid	Black Gram (Urad)	Pulse	High
Tamil Nadu	Black	25-35 C	Medium	Rabi	Maize	Cereal	High
Tamil Nadu	Black	25-35 C	Medium	Kharif	Groundnut	Oilseed	High
Tamil Nadu	Black	25-35 C	Medium	Zaid	Groundnut	Oilseed	High
Tamil Nadu	Black	25-35 C	Low	Rabi	Rice	Cereal	High
Tamil Nadu	Black	25-35 C	Low	Kharif	Black Gram (Urad)	Pulse	High
Tamil Nadu	Black	25-35 C	Low	Zaid	Black Gram (Urad)	Pulse	High
Tamil Nadu	Black	35-45 C	High	Rabi	Rice	Cereal	High
Tamil Nadu	Black	35-45 C	High	Kharif	Rice	Cereal	High
Tamil Nadu	Black	35-45 C	High	Zaid	Black Gram (Urad)	Pulse	High
Tamil Nadu	Black	35-45 C	Medium	Rabi	Rice	Cereal	High
Tamil Nadu	Black	35-45 C	Medium	Kharif	Black Gram (Urad)	Pulse	High
Tamil Nadu	Black	35-45 C	Medium	Zaid	Black Gram (Urad)	Pulse	High
Tamil Nadu	Black	35-45 C	Low	Rabi	Rice	Cereal	High
Tamil Nadu	Black	35-45 C	Low	Kharif	Black Gram (Urad)	Pulse	High
Tamil Nadu	Black	35-45 C	Low	Zaid	Black Gram (Urad)	Pulse	High
Tamil Nadu	Red	15-25 C	High	Rabi	Coffee	Plantation	High
Tamil Nadu	Red	15-25 C	High	Kharif	Coffee	Plantation	High
Tamil Nadu	Red	15-25 C	High	Zaid	Coffee	Plantation	High
Tamil Nadu	Red	15-25 C	Medium	Rabi	Tomato	Vegetable	High
Tamil Nadu	Red	15-25 C	Medium	Kharif	Finger Millet (Ragi)	Cereal	High
Tamil Nadu	Red	15-25 C	Medium	Zaid	Groundnut	Oilseed	High
Tamil Nadu	Red	15-25 C	Low	Rabi	Coffee	Plantation	High
Tamil Nadu	Red	15-25 C	Low	Kharif	Black Gram (Urad)	Pulse	High
Tamil Nadu	Red	15-25 C	Low	Zaid	Black Gram (Urad)	Pulse	High
Tamil Nadu	Red	25-35 C	High	Rabi	Rice	Cereal	High
Tamil Nadu	Red	25-35 C	High	Kharif	Rice	Cereal	High
Tamil Nadu	Red	25-35 C	High	Zaid	Banana	Fruit	High
Tamil Nadu	Red	25-35 C	Medium	Rabi	Maize	Cereal	High
Tamil Nadu	Red	25-35 C	Medium	Kharif	Finger Millet (Ragi)	Cereal	High
Tamil Nadu	Red	25-35 C	Medium	Zaid	Groundnut	Oilseed	High
Tamil Nadu	Red	25-35 C	Low	Rabi	Rice	Cereal	High
Tamil Nadu	Red	25-35 C	Low	Kharif	Black Gram (Urad)	Pulse	High
Tamil Nadu	Red	25-35 C	Low	Zaid	Black Gram (Urad)	Pulse	High
Tamil Nadu	Red	35-45 C	High	Rabi	Rice	Cereal	High
Tamil Nadu	Red	35-45 C	High	Kharif	Rice	Cereal	High
Tamil Nadu	Red	35-45 C	High	Zaid	Black Gram (Urad)	Pulse	High
Tamil Nadu	Red	35-45 C	Medium	Rabi	Rice	Cereal	High
Tamil Nadu	Red	35-45 C	Medium	Kharif	Black Gram (Urad)	Pulse	High
Tamil Nadu	Red	35-45 C	Medium	Zaid	Black Gram (Urad)	Pulse	High
Tamil Nadu	Red	35-45 C	Low	Rabi	Rice	Cereal	High
Tamil Nadu	Red	35-45 C	Low	Kharif	Black Gram (Urad)	Pulse	High
Tamil Nadu	Red	35-45 C	Low	Zaid	Black Gram (Urad)	Pulse	High
Tamil Nadu	Laterite	15-25 C	High	Rabi	Coffee	Plantation	High
Tamil Nadu	Laterite	15-25 C	High	Kharif	Coffee	Plantation	High
Tamil Nadu	Laterite	15-25 C	High	Zaid	Coffee	Plantation	High
Tamil Nadu	Laterite	15-25 C	Medium	Rabi	Coffee	Plantation	High
Tamil Nadu	Laterite	15-25 C	Medium	Kharif	Finger Millet (Ragi)	Cereal	High
Tamil Nadu	Laterite	15-25 C	Medium	Zaid	Coffee	Plantation	High
Tamil Nadu	Laterite	15-25 C	Low	Rabi	Coffee	Plantation	High
Tamil Nadu	Laterite	15-25 C	Low	Kharif	Coffee	Plantation	High
Tamil Nadu	Laterite	15-25 C	Low	Zaid	Coffee	Plantation	High
Tamil Nadu	Laterite	25-35 C	High	Rabi	Rice	Cereal	High
Tamil Nadu	Laterite	25-35 C	High	Kharif	Rice	Cereal	High
Tamil Nadu	Laterite	25-35 C	High	Zaid	Banana	Fruit	High
Tamil Nadu	Laterite	25-35 C	Medium	Rabi	Rice	Cereal	High
Tamil Nadu	Laterite	25-35 C	Medium	Kharif	Finger Millet (Ragi)	Cereal	High
Tamil Nadu	Laterite	25-35 C	Medium	Zaid	Banana	Fruit	High
Tamil Nadu	Laterite	25-35 C	Low	Rabi	Rice	Cereal	High
Tamil Nadu	Laterite	25-35 C	Low	Kharif	Finger Millet (Ragi)	Cereal	High
Tamil Nadu	Laterite	25-35 C	Low	Zaid	Banana	Fruit	High
Tamil Nadu	Laterite	35-45 C	High	Rabi	Rice	Cereal	High
Tamil Nadu	Laterite	35-45 C	High	Kharif	Rice	Cereal	High
Tamil Nadu	Laterite	35-45 C	High	Zaid	Banana	Fruit	High
Tamil Nadu	Laterite	35-45 C	Medium	Rabi	Rice	Cereal	High
Tamil Nadu	Laterite	35-45 C	Medium	Kharif	Finger Millet (Ragi)	Cereal	High
Tamil Nadu	Laterite	35-45 C	Medium	Zaid	Banana	Fruit	Medium
Tamil Nadu	Laterite	35-45 C	Low	Rabi	Rice	Cereal	High
Tamil Nadu	Laterite	35-45 C	Low	Kharif	Rice	Cereal	High
Tamil Nadu	Laterite	35-45 C	Low	Zaid	Black Gram (Urad)	Pulse	High
Tamil Nadu	Desert	15-25 C	High	Rabi	Coffee	Plantation	High
Tamil Nadu	Desert	15-25 C	High	Kharif	Coffee	Plantation	High
Tamil Nadu	Desert	15-25 C	High	Zaid	Coffee	Plantation	High
Tamil Nadu	Desert	15-25 C	Medium	Rabi	Barley	Cereal	Medium
Tamil Nadu	Desert	15-25 C	Medium	Kharif	Finger Millet (Ragi)	Cereal	Medium
Tamil Nadu	Desert	15-25 C	Medium	Zaid	Muskmelon	Vegetable	Medium
Tamil Nadu	Desert	15-25 C	Low	Rabi	Barley	Cereal	High
Tamil Nadu	Desert	15-25 C	Low	Kharif	Cluster Bean (Guar)	Pulse	Medium
Tamil Nadu	Desert	15-25 C	Low	Zaid	Green Gram (Moong)	Pulse	Medium
Tamil Nadu	Desert	25-35 C	High	Rabi	Rice	Cereal	High
Tamil Nadu	Desert	25-35 C	High	Kharif	Rice	Cereal	High
Tamil Nadu	Desert	25-35 C	High	Zaid	Banana	Fruit	High
Tamil Nadu	Desert	25-35 C	Medium	Rabi	Maize	Cereal	Medium
Tamil Nadu	Desert	25-35 C	Medium	Kharif	Finger Millet (Ragi)	Cereal	High
Tamil Nadu	Desert	25-35 C	Medium	Zaid	Groundnut	Oilseed	High
Tamil Nadu	Desert	25-35 C	Low	Rabi	Barley	Cereal	Medium
Tamil Nadu	Desert	25-35 C	Low	Kharif	Green Gram (Moong)	Pulse	High
Tamil Nadu	Desert	25-35 C	Low	Zaid	Green Gram (Moong)	Pulse	High
Tamil Nadu	Desert	35-45 C	High	Rabi	Rice	Cereal	High
Tamil Nadu	Desert	35-45 C	High	Kharif	Rice	Cereal	High
Tamil Nadu	Desert	35-45 C	High	Zaid	Green Gram (Moong)	Pulse	Medium
Tamil Nadu	Desert	35-45 C	Medium	Rabi	Rice	Cereal	Medium
Tamil Nadu	Desert	35-45 C	Medium	Kharif	Cluster Bean (Guar)	Pulse	Medium
Tamil Nadu	Desert	35-45 C	Medium	Zaid	Muskmelon	Vegetable	High
Tamil Nadu	Desert	35-45 C	Low	Rabi	Barley	Cereal	Medium
Tamil Nadu	Desert	35-45 C	Low	Kharif	Cluster Bean (Guar)	Pulse	High
Tamil Nadu	Desert	35-45 C	Low	Zaid	Green Gram (Moong)	Pulse	High
Tamil Nadu	Forest	15-25 C	High	Rabi	Coffee	Plantation	High
Tamil Nadu	Forest	15-25 C	High	Kharif	Coffee	Plantation	High
Tamil Nadu	Forest	15-25 C	High	Zaid	Coffee	Plantation	High
Tamil Nadu	Forest	15-25 C	Medium	Rabi	Apple	Fruit	High
Tamil Nadu	Forest	15-25 C	Medium	Kharif	Apple	Fruit	High
Tamil Nadu	Forest	15-25 C	Medium	Zaid	Apple	Fruit	High
Tamil Nadu	Forest	15-25 C	Low	Rabi	Coffee	Plantation	High
Tamil Nadu	Forest	15-25 C	Low	Kharif	Coffee	Plantation	High
Tamil Nadu	Forest	15-25 C	Low	Zaid	Coffee	Plantation	High
Tamil Nadu	Forest	25-35 C	High	Rabi	Coffee	Plantation	High
Tamil Nadu	Forest	25-35 C	High	Kharif	Coffee	Plantation	High
Tamil Nadu	Forest	25-35 C	High	Zaid	Coffee	Plantation	High
Tamil Nadu	Forest	25-35 C	Medium	Rabi	Coffee	Plantation	High
Tamil Nadu	Forest	25-35 C	Medium	Kharif	Coffee	Plantation	High
Tamil Nadu	Forest	25-35 C	Medium	Zaid	Coffee	Plantation	High
Tamil Nadu	Forest	25-35 C	Low	Rabi	Coffee	Plantation	High
Tamil Nadu	Forest	25-35 C	Low	Kharif	Coffee	Plantation	High
Tamil Nadu	Forest	25-35 C	Low	Zaid	Coffee	Plantation	High
Tamil Nadu	Forest	35-45 C	High	Rabi	Coffee	Plantation	High
Tamil Nadu	Forest	35-45 C	High	Kharif	Coffee	Plantation	High
Tamil Nadu	Forest	35-45 C	High	Zaid	Coffee	Plantation	High
Tamil Nadu	Forest	35-45 C	Medium	Rabi	Apple	Fruit	Medium
Tamil Nadu	Forest	35-45 C	Medium	Kharif	Apple	Fruit	Medium
Tamil Nadu	Forest	35-45 C	Medium	Zaid	Apple	Fruit	Medium
Tamil Nadu	Forest	35-45 C	Low	Rabi	Coffee	Plantation	Medium
Tamil Nadu	Forest	35-45 C	Low	Kharif	Black Gram (Urad)	Pulse	High
Tamil Nadu	Forest	35-45 C	Low	Zaid	Black Gram (Urad)	Pulse	High
Telangana	Alluvial	15-25 C	High	Rabi	Rice	Cereal	High
Telangana	Alluvial	15-25 C	High	Kharif	Rice	Cereal	High
Telangana	Alluvial	15-25 C	High	Zaid	Onion	Vegetable	Medium
Telangana	Alluvial	15-25 C	Medium	Rabi	Maize	Cereal	High
Telangana	Alluvial	15-25 C	Medium	Kharif	Maize	Cereal	High
Telangana	Alluvial	15-25 C	Medium	Zaid	Onion	Vegetable	High
Telangana	Alluvial	15-25 C	Low	Rabi	Barley	Cereal	High
Telangana	Alluvial	15-25 C	Low	Kharif	Black Gram (Urad)	Pulse	Medium
Telangana	Alluvial	15-25 C	Low	Zaid	Black Gram (Urad)	Pulse	Medium
Telangana	Alluvial	25-35 C	High	Rabi	Rice	Cereal	High
Telangana	Alluvial	25-35 C	High	Kharif	Rice	Cereal	High
Telangana	Alluvial	25-35 C	High	Zaid	Arecanut	Plantation	High
Telangana	Alluvial	25-35 C	Medium	Rabi	Maize	Cereal	High
Telangana	Alluvial	25-35 C	Medium	Kharif	Maize	Cereal	High
Telangana	Alluvial	25-35 C	Medium	Zaid	Cucumber	Vegetable	High
Telangana	Alluvial	25-35 C	Low	Rabi	Maize	Cereal	High
Telangana	Alluvial	25-35 C	Low	Kharif	Black Gram (Urad)	Pulse	High
Telangana	Alluvial	25-35 C	Low	Zaid	Black Gram (Urad)	Pulse	High
Telangana	Alluvial	35-45 C	High	Rabi	Rice	Cereal	High
Telangana	Alluvial	35-45 C	High	Kharif	Rice	Cereal	High
Telangana	Alluvial	35-45 C	High	Zaid	Rice	Cereal	High
Telangana	Alluvial	35-45 C	Medium	Rabi	Maize	Cereal	High
Telangana	Alluvial	35-45 C	Medium	Kharif	Maize	Cereal	High
Telangana	Alluvial	35-45 C	Medium	Zaid	Cucumber	Vegetable	High
Telangana	Alluvial	35-45 C	Low	Rabi	Rice	Cereal	High
Telangana	Alluvial	35-45 C	Low	Kharif	Black Gram (Urad)	Pulse	High
Telangana	Alluvial	35-45 C	Low	Zaid	Black Gram (Urad)	Pulse	High
Telangana	Black	15-25 C	High	Rabi	Rice	Cereal	High
Telangana	Black	15-25 C	High	Kharif	Rice	Cereal	High
Telangana	Black	15-25 C	High	Zaid	Onion	Vegetable	Medium
Telangana	Black	15-25 C	Medium	Rabi	Maize	Cereal	High
Telangana	Black	15-25 C	Medium	Kharif	Maize	Cereal	High
Telangana	Black	15-25 C	Medium	Zaid	Onion	Vegetable	High
Telangana	Black	15-25 C	Low	Rabi	Gram (Chickpea)	Pulse	High
Telangana	Black	15-25 C	Low	Kharif	Sorghum (Jowar)	Cereal	High
Telangana	Black	15-25 C	Low	Zaid	Black Gram (Urad)	Pulse	Medium
Telangana	Black	25-35 C	High	Rabi	Rice	Cereal	High
Telangana	Black	25-35 C	High	Kharif	Rice	Cereal	High
Telangana	Black	25-35 C	High	Zaid	Rice	Cereal	High
Telangana	Black	25-35 C	Medium	Rabi	Maize	Cereal	High
Telangana	Black	25-35 C	Medium	Kharif	Maize	Cereal	High
Telangana	Black	25-35 C	Medium	Zaid	Groundnut	Oilseed	High
Telangana	Black	25-35 C	Low	Rabi	Sorghum (Jowar)	Cereal	High
Telangana	Black	25-35 C	Low	Kharif	Sorghum (Jowar)	Cereal	High
Telangana	Black	25-35 C	Low	Zaid	Black Gram (Urad)	Pulse	High
Telangana	Black	35-45 C	High	Rabi	Rice	Cereal	High
Telangana	Black	35-45 C	High	Kharif	Rice	Cereal	High
Telangana	Black	35-45 C	High	Zaid	Rice	Cereal	High
Telangana	Black	35-45 C	Medium	Rabi	Sorghum (Jowar)	Cereal	High
Telangana	Black	35-45 C	Medium	Kharif	Sorghum (Jowar)	Cereal	High
Telangana	Black	35-45 C	Medium	Zaid	Sorghum (Jowar)	Cereal	High
Telangana	Black	35-45 C	Low	Rabi	Sorghum (Jowar)	Cereal	High
Telangana	Black	35-45 C	Low	Kharif	Sorghum (Jowar)	Cereal	High
Telangana	Black	35-45 C	Low	Zaid	Black Gram (Urad)	Pulse	High
Telangana	Red	15-25 C	High	Rabi	Rice	Cereal	High
Telangana	Red	15-25 C	High	Kharif	Rice	Cereal	High
Telangana	Red	15-25 C	High	Zaid	Coffee	Plantation	High
Telangana	Red	15-25 C	Medium	Rabi	Maize	Cereal	High
Telangana	Red	15-25 C	Medium	Kharif	Maize	Cereal	High
Telangana	Red	15-25 C	Medium	Zaid	Tomato	Vegetable	High
Telangana	Red	15-25 C	Low	Rabi	Sorghum (Jowar)	Cereal	High
Telangana	Red	15-25 C	Low	Kharif	Sorghum (Jowar)	Cereal	High
Telangana	Red	15-25 C	Low	Zaid	Black Gram (Urad)	Pulse	Medium
Telangana	Red	25-35 C	High	Rabi	Rice	Cereal	High
Telangana	Red	25-35 C	High	Kharif	Rice	Cereal	High
Telangana	Red	25-35 C	High	Zaid	Banana	Fruit	High
Telangana	Red	25-35 C	Medium	Rabi	Maize	Cereal	High
Telangana	Red	25-35 C	Medium	Kharif	Maize	Cereal	High
Telangana	Red	25-35 C	Medium	Zaid	Cucumber	Vegetable	High
Telangana	Red	25-35 C	Low	Rabi	Sorghum (Jowar)	Cereal	High
Telangana	Red	25-35 C	Low	Kharif	Sorghum (Jowar)	Cereal	High
Telangana	Red	25-35 C	Low	Zaid	Black Gram (Urad)	Pulse	High
Telangana	Red	35-45 C	High	Rabi	Rice	Cereal	High
Telangana	Red	35-45 C	High	Kharif	Rice	Cereal	High
Telangana	Red	35-45 C	High	Zaid	Rice	Cereal	High
Telangana	Red	35-45 C	Medium	Rabi	Sorghum (Jowar)	Cereal	High
Telangana	Red	35-45 C	Medium	Kharif	Sorghum (Jowar)	Cereal	High
Telangana	Red	35-45 C	Medium	Zaid	Cucumber	Vegetable	High
Telangana	Red	35-45 C	Low	Rabi	Sorghum (Jowar)	Cereal	High
Telangana	Red	35-45 C	Low	Kharif	Sorghum (Jowar)	Cereal	High
Telangana	Red	35-45 C	Low	Zaid	Black Gram (Urad)	Pulse	High
Telangana	Laterite	15-25 C	High	Rabi	Rice	Cereal	High
Telangana	Laterite	15-25 C	High	Kharif	Rice	Cereal	High
Telangana	Laterite	15-25 C	High	Zaid	Cardamom	Spice	High
Telangana	Laterite	15-25 C	Medium	Rabi	Rice	Cereal	Medium
Telangana	Laterite	15-25 C	Medium	Kharif	Turmeric	Spice	High
Telangana	Laterite	15-25 C	Medium	Zaid	Cardamom	Spice	Medium
Telangana	Laterite	15-25 C	Low	Rabi	Rice	Cereal	Medium
Telangana	Laterite	15-25 C	Low	Kharif	Rice	Cereal	Medium
Telangana	Laterite	15-25 C	Low	Zaid	Cardamom	Spice	Medium
Telangana	Laterite	25-35 C	High	Rabi	Rice	Cereal	High
Telangana	Laterite	25-35 C	High	Kharif	Rice	Cereal	High
Telangana	Laterite	25-35 C	High	Zaid	Arecanut	Plantation	High
Telangana	Laterite	25-35 C	Medium	Rabi	Rice	Cereal	High
Telangana	Laterite	25-35 C	Medium	Kharif	Turmeric	Spice	High
Telangana	Laterite	25-35 C	Medium	Zaid	Cashew	Plantation	High
Telangana	Laterite	25-35 C	Low	Rabi	Rice	Cereal	High
Telangana	Laterite	25-35 C	Low	Kharif	Rice	Cereal	High
Telangana	Laterite	25-35 C	Low	Zaid	Arecanut	Plantation	Medium
Telangana	Laterite	35-45 C	High	Rabi	Rice	Cereal	High
Telangana	Laterite	35-45 C	High	Kharif	Rice	Cereal	High
Telangana	Laterite	35-45 C	High	Zaid	Rice	Cereal	High
Telangana	Laterite	35-45 C	Medium	Rabi	Rice	Cereal	High
Telangana	Laterite	35-45 C	Medium	Kharif	Rice	Cereal	High
Telangana	Laterite	35-45 C	Medium	Zaid	Cashew	Plantation	Medium
Telangana	Laterite	35-45 C	Low	Rabi	Rice	Cereal	High
Telangana	Laterite	35-45 C	Low	Kharif	Rice	Cereal	High
Telangana	Laterite	35-45 C	Low	Zaid	Black Gram (Urad)	Pulse	Medium
Telangana	Desert	15-25 C	High	Rabi	Barley	Cereal	Medium
Telangana	Desert	15-25 C	High	Kharif	Rice	Cereal	Medium
Telangana	Desert	15-25 C	High	Zaid	Cardamom	Spice	Medium
Telangana	Desert	15-25 C	Medium	Rabi	Barley	Cereal	Medium
Telangana	Desert	15-25 C	Medium	Kharif	Maize	Cereal	Medium
Telangana	Desert	15-25 C	Medium	Zaid	Muskmelon	Vegetable	Medium
Telangana	Desert	15-25 C	Low	Rabi	Barley	Cereal	High
Telangana	Desert	15-25 C	Low	Kharif	Cluster Bean (Guar)	Pulse	Medium
Telangana	Desert	15-25 C	Low	Zaid	Green Gram (Moong)	Pulse	Medium
Telangana	Desert	25-35 C	High	Rabi	Rice	Cereal	High
Telangana	Desert	25-35 C	High	Kharif	Rice	Cereal	High
Telangana	Desert	25-35 C	High	Zaid	Green Gram (Moong)	Pulse	Medium
Telangana	Desert	25-35 C	Medium	Rabi	Maize	Cereal	High
Telangana	Desert	25-35 C	Medium	Kharif	Maize	Cereal	High
Telangana	Desert	25-35 C	Medium	Zaid	Green Gram (Moong)	Pulse	Medium
Telangana	Desert	25-35 C	Low	Rabi	Sorghum (Jowar)	Cereal	High
Telangana	Desert	25-35 C	Low	Kharif	Green Gram (Moong)	Pulse	High
Telangana	Desert	25-35 C	Low	Zaid	Green Gram (Moong)	Pulse	High
Telangana	Desert	35-45 C	High	Rabi	Rice	Cereal	High
Telangana	Desert	35-45 C	High	Kharif	Rice	Cereal	High
Telangana	Desert	35-45 C	High	Zaid	Green Gram (Moong)	Pulse	Medium
Telangana	Desert	35-45 C	Medium	Rabi	Sorghum (Jowar)	Cereal	High
Telangana	Desert	35-45 C	Medium	Kharif	Sorghum (Jowar)	Cereal	High
Telangana	Desert	35-45 C	Medium	Zaid	Muskmelon	Vegetable	High
Telangana	Desert	35-45 C	Low	Rabi	Sorghum (Jowar)	Cereal	High
Telangana	Desert	35-45 C	Low	Kharif	Cluster Bean (Guar)	Pulse	High
Telangana	Desert	35-45 C	Low	Zaid	Green Gram (Moong)	Pulse	High
Telangana	Forest	15-25 C	High	Rabi	Cardamom	Spice	High
Telangana	Forest	15-25 C	High	Kharif	Cardamom	Spice	High
Telangana	Forest	15-25 C	High	Zaid	Cardamom	Spice	High
Telangana	Forest	15-25 C	Medium	Rabi	Apple	Fruit	High
Telangana	Forest	15-25 C	Medium	Kharif	Apple	Fruit	High
Telangana	Forest	15-25 C	Medium	Zaid	Apple	Fruit	High
Telangana	Forest	15-25 C	Low	Rabi	Apple	Fruit	Medium
Telangana	Forest	15-25 C	Low	Kharif	Apple	Fruit	Medium
Telangana	Forest	15-25 C	Low	Zaid	Apple	Fruit	Medium
Telangana	Forest	25-35 C	High	Rabi	Black Pepper	Spice	High
Telangana	Forest	25-35 C	High	Kharif	Black Pepper	Spice	High
Telangana	Forest	25-35 C	High	Zaid	Black Pepper	Spice	High
Telangana	Forest	25-35 C	Medium	Rabi	Maize	Cereal	High
Telangana	Forest	25-35 C	Medium	Kharif	Maize	Cereal	High
Telangana	Forest	25-35 C	Medium	Zaid	Apple	Fruit	Medium
Telangana	Forest	25-35 C	Low	Rabi	Sorghum (Jowar)	Cereal	High
Telangana	Forest	25-35 C	Low	Kharif	Sorghum (Jowar)	Cereal	High
Telangana	Forest	25-35 C	Low	Zaid	Black Pepper	Spice	Medium
Telangana	Forest	35-45 C	High	Rabi	Rice	Cereal	High
Telangana	Forest	35-45 C	High	Kharif	Rice	Cereal	High
Telangana	Forest	35-45 C	High	Zaid	Black Pepper	Spice	Medium
Telangana	Forest	35-45 C	Medium	Rabi	Sorghum (Jowar)	Cereal	High
Telangana	Forest	35-45 C	Medium	Kharif	Sorghum (Jowar)	Cereal	High
Telangana	Forest	35-45 C	Medium	Zaid	Apple	Fruit	Medium
Telangana	Forest	35-45 C	Low	Rabi	Sorghum (Jowar)	Cereal	High
Telangana	Forest	35-45 C	Low	Kharif	Sorghum (Jowar)	Cereal	High
Telangana	Forest	35-45 C	Low	Zaid	Black Gram (Urad)	Pulse	Medium
Tripura	Alluvial	15-25 C	High	Rabi	Wheat	Cereal	High
Tripura	Alluvial	15-25 C	High	Kharif	Tea	Plantation	High
Tripura	Alluvial	15-25 C	High	Zaid	Tea	Plantation	High
Tripura	Alluvial	15-25 C	Medium	Rabi	Wheat	Cereal	High
Tripura	Alluvial	15-25 C	Medium	Kharif	Apple	Fruit	High
Tripura	Alluvial	15-25 C	Medium	Zaid	Onion	Vegetable	High
Tripura	Alluvial	15-25 C	Low	Rabi	Barley	Cereal	High
Tripura	Alluvial	15-25 C	Low	Kharif	Black Gram (Urad)	Pulse	Medium
Tripura	Alluvial	15-25 C	Low	Zaid	Black Gram (Urad)	Pulse	Medium
Tripura	Alluvial	25-35 C	High	Rabi	Rice	Cereal	High
Tripura	Alluvial	25-35 C	High	Kharif	Rice	Cereal	High
Tripura	Alluvial	25-35 C	High	Zaid	Arecanut	Plantation	High
Tripura	Alluvial	25-35 C	Medium	Rabi	Maize	Cereal	High
Tripura	Alluvial	25-35 C	Medium	Kharif	Maize	Cereal	High
Tripura	Alluvial	25-35 C	Medium	Zaid	Cucumber	Vegetable	High
Tripura	Alluvial	25-35 C	Low	Rabi	Barley	Cereal	Medium
Tripura	Alluvial	25-35 C	Low	Kharif	Black Gram (Urad)	Pulse	High
Tripura	Alluvial	25-35 C	Low	Zaid	Black Gram (Urad)	Pulse	High
Tripura	Alluvial	35-45 C	High	Rabi	Rice	Cereal	High
Tripura	Alluvial	35-45 C	High	Kharif	Rice	Cereal	High
Tripura	Alluvial	35-45 C	High	Zaid	Black Gram (Urad)	Pulse	Medium
Tripura	Alluvial	35-45 C	Medium	Rabi	Maize	Cereal	Medium
Tripura	Alluvial	35-45 C	Medium	Kharif	Black Gram (Urad)	Pulse	Medium
Tripura	Alluvial	35-45 C	Medium	Zaid	Cucumber	Vegetable	High
Tripura	Alluvial	35-45 C	Low	Rabi	Barley	Cereal	Medium
Tripura	Alluvial	35-45 C	Low	Kharif	Black Gram (Urad)	Pulse	High
Tripura	Alluvial	35-45 C	Low	Zaid	Black Gram (Urad)	Pulse	High
Tripura	Black	15-25 C	High	Rabi	Wheat	Cereal	High
Tripura	Black	15-25 C	High	Kharif	Tea	Plantation	High
Tripura	Black	15-25 C	High	Zaid	Tea	Plantation	High
Tripura	Black	15-25 C	Medium	Rabi	Wheat	Cereal	High
Tripura	Black	15-25 C	Medium	Kharif	Maize	Cereal	Medium
Tripura	Black	15-25 C	Medium	Zaid	Onion	Vegetable	High
Tripura	Black	15-25 C	Low	Rabi	Gram (Chickpea)	Pulse	High
Tripura	Black	15-25 C	Low	Kharif	Black Gram (Urad)	Pulse	Medium
Tripura	Black	15-25 C	Low	Zaid	Black Gram (Urad)	Pulse	Medium
Tripura	Black	25-35 C	High	Rabi	Rice	Cereal	High
Tripura	Black	25-35 C	High	Kharif	Rice	Cereal	High
Tripura	Black	25-35 C	High	Zaid	Rubber	Plantation	High
Tripura	Black	25-35 C	Medium	Rabi	Maize	Cereal	High
Tripura	Black	25-35 C	Medium	Kharif	Maize	Cereal	High
Tripura	Black	25-35 C	Medium	Zaid	Groundnut	Oilseed	High
Tripura	Black	25-35 C	Low	Rabi	Sorghum (Jowar)	Cereal	High
Tripura	Black	25-35 C	Low	Kharif	Black Gram (Urad)	Pulse	High
Tripura	Black	25-35 C	Low	Zaid	Black Gram (Urad)	Pulse	High
Tripura	Black	35-45 C	High	Rabi	Rice	Cereal	High
Tripura	Black	35-45 C	High	Kharif	Rice	Cereal	High
Tripura	Black	35-45 C	High	Zaid	Black Gram (Urad)	Pulse	Medium
Tripura	Black	35-45 C	Medium	Rabi	Sorghum (Jowar)	Cereal	High
Tripura	Black	35-45 C	Medium	Kharif	Sorghum (Jowar)	Cereal	High
Tripura	Black	35-45 C	Medium	Zaid	Black Gram (Urad)	Pulse	Medium
Tripura	Black	35-45 C	Low	Rabi	Sorghum (Jowar)	Cereal	High
Tripura	Black	35-45 C	Low	Kharif	Black Gram (Urad)	Pulse	High
Tripura	Black	35-45 C	Low	Zaid	Black Gram (Urad)	Pulse	High
Tripura	Red	15-25 C	High	Rabi	Coffee	Plantation	High
Tripura	Red	15-25 C	High	Kharif	Coffee	Plantation	High
Tripura	Red	15-25 C	High	Zaid	Coffee	Plantation	High
Tripura	Red	15-25 C	Medium	Rabi	Tomato	Vegetable	High
Tripura	Red	15-25 C	Medium	Kharif	Finger Millet (Ragi)	Cereal	Medium
Tripura	Red	15-25 C	Medium	Zaid	Tomato	Vegetable	High
Tripura	Red	15-25 C	Low	Rabi	Sorghum (Jowar)	Cereal	Medium
Tripura	Red	15-25 C	Low	Kharif	Black Gram (Urad)	Pulse	Medium
Tripura	Red	15-25 C	Low	Zaid	Black Gram (Urad)	Pulse	Medium
Tripura	Red	25-35 C	High	Rabi	Rice	Cereal	High
Tripura	Red	25-35 C	High	Kharif	Rice	Cereal	High
Tripura	Red	25-35 C	High	Zaid	Banana	Fruit	High
Tripura	Red	25-35 C	Medium	Rabi	Maize	Cereal	High
Tripura	Red	25-35 C	Medium	Kharif	Finger Millet (Ragi)	Cereal	High
Tripura	Red	25-35 C	Medium	Zaid	Cucumber	Vegetable	High
Tripura	Red	25-35 C	Low	Rabi	Sorghum (Jowar)	Cereal	High
Tripura	Red	25-35 C	Low	Kharif	Black Gram (Urad)	Pulse	High
Tripura	Red	25-35 C	Low	Zaid	Black Gram (Urad)	Pulse	High
Tripura	Red	35-45 C	High	Rabi	Rice	Cereal	High
Tripura	Red	35-45 C	High	Kharif	Rice	Cereal	High
Tripura	Red	35-45 C	High	Zaid	Black Gram (Urad)	Pulse	Medium
Tripura	Red	35-45 C	Medium	Rabi	Sorghum (Jowar)	Cereal	High
Tripura	Red	35-45 C	Medium	Kharif	Sorghum (Jowar)	Cereal	High
Tripura	Red	35-45 C	Medium	Zaid	Cucumber	Vegetable	High
Tripura	Red	35-45 C	Low	Rabi	Sorghum (Jowar)	Cereal	High
Tripura	Red	35-45 C	Low	Kharif	Black Gram (Urad)	Pulse	High
Tripura	Red	35-45 C	Low	Zaid	Black Gram (Urad)	Pulse	High
Tripura	Laterite	15-25 C	High	Rabi	Tea	Plantation	High
Tripura	Laterite	15-25 C	High	Kharif	Tea	Plantation	High
Tripura	Laterite	15-25 C	High	Zaid	Tea	Plantation	High
Tripura	Laterite	15-25 C	Medium	Rabi	Tea	Plantation	High
Tripura	Laterite	15-25 C	Medium	Kharif	Tea	Plantation	High
Tripura	Laterite	15-25 C	Medium	Zaid	Tea	Plantation	High
Tripura	Laterite	15-25 C	Low	Rabi	Tea	Plantation	High
Tripura	Laterite	15-25 C	Low	Kharif	Tea	Plantation	High
Tripura	Laterite	15-25 C	Low	Zaid	Tea	Plantation	High
Tripura	Laterite	25-35 C	High	Rabi	Rubber	Plantation	High
Tripura	Laterite	25-35 C	High	Kharif	Rubber	Plantation	High
Tripura	Laterite	25-35 C	High	Zaid	Rubber	Plantation	High
Tripura	Laterite	25-35 C	Medium	Rabi	Cashew	Plantation	High
Tripura	Laterite	25-35 C	Medium	Kharif	Finger Millet (Ragi)	Cereal	High
Tripura	Laterite	25-35 C	Medium	Zaid	Cashew	Plantation	High
Tripura	Laterite	25-35 C	Low	Rabi	Rubber	Plantation	High
Tripura	Laterite	25-35 C	Low	Kharif	Rubber	Plantation	High
Tripura	Laterite	25-35 C	Low	Zaid	Rubber	Plantation	High
Tripura	Laterite	35-45 C	High	Rabi	Rice	Cereal	High
Tripura	Laterite	35-45 C	High	Kharif	Rice	Cereal	High
Tripura	Laterite	35-45 C	High	Zaid	Rubber	Plantation	High
Tripura	Laterite	35-45 C	Medium	Rabi	Rice	Cereal	Medium
Tripura	Laterite	35-45 C	Medium	Kharif	Finger Millet (Ragi)	Cereal	Medium
Tripura	Laterite	35-45 C	Medium	Zaid	Cashew	Plantation	Medium
Tripura	Laterite	35-45 C	Low	Rabi	Rice	Cereal	Medium
Tripura	Laterite	35-45 C	Low	Kharif	Rice	Cereal	Medium
Tripura	Laterite	35-45 C	Low	Zaid	Rubber	Plantation	Medium
Tripura	Desert	15-25 C	High	Rabi	Tea	Plantation	High
Tripura	Desert	15-25 C	High	Kharif	Tea	Plantation	High
Tripura	Desert	15-25 C	High	Zaid	Tea	Plantation	High
Tripura	Desert	15-25 C	Medium	Rabi	Barley	Cereal	Medium
Tripura	Desert	15-25 C	Medium	Kharif	Apple	Fruit	Medium
Tripura	Desert	15-25 C	Medium	Zaid	Muskmelon	Vegetable	Medium
Tripura	Desert	15-25 C	Low	Rabi	Barley	Cereal	High
Tripura	Desert	15-25 C	Low	Kharif	Cluster Bean (Guar)	Pulse	Medium
Tripura	Desert	15-25 C	Low	Zaid	Green Gram (Moong)	Pulse	Medium
Tripura	Desert	25-35 C	High	Rabi	Rubber	Plantation	High
Tripura	Desert	25-35 C	High	Kharif	Rubber	Plantation	High
Tripura	Desert	25-35 C	High	Zaid	Rubber	Plantation	High
Tripura	Desert	25-35 C	Medium	Rabi	Maize	Cereal	Medium
Tripura	Desert	25-35 C	Medium	Kharif	Green Gram (Moong)	Pulse	Medium
Tripura	Desert	25-35 C	Medium	Zaid	Green Gram (Moong)	Pulse	Medium
Tripura	Desert	25-35 C	Low	Rabi	Barley	Cereal	Medium
Tripura	Desert	25-35 C	Low	Kharif	Green Gram (Moong)	Pulse	High
Tripura	Desert	25-35 C	Low	Zaid	Green Gram (Moong)	Pulse	High
Tripura	Desert	35-45 C	High	Rabi	Rice	Cereal	Medium
Tripura	Desert	35-45 C	High	Kharif	Cluster Bean (Guar)	Pulse	Medium
Tripura	Desert	35-45 C	High	Zaid	Green Gram (Moong)	Pulse	Medium
Tripura	Desert	35-45 C	Medium	Rabi	Sorghum (Jowar)	Cereal	Medium
Tripura	Desert	35-45 C	Medium	Kharif	Cluster Bean (Guar)	Pulse	Medium
Tripura	Desert	35-45 C	Medium	Zaid	Muskmelon	Vegetable	High
Tripura	Desert	35-45 C	Low	Rabi	Barley	Cereal	Medium
Tripura	Desert	35-45 C	Low	Kharif	Cluster Bean (Guar)	Pulse	High
Tripura	Desert	35-45 C	Low	Zaid	Green Gram (Moong)	Pulse	High
Tripura	Forest	15-25 C	High	Rabi	Tea	Plantation	High
Tripura	Forest	15-25 C	High	Kharif	Tea	Plantation	High
Tripura	Forest	15-25 C	High	Zaid	Tea	Plantation	High
Tripura	Forest	15-25 C	Medium	Rabi	Apple	Fruit	High
Tripura	Forest	15-25 C	Medium	Kharif	Apple	Fruit	High
Tripura	Forest	15-25 C	Medium	Zaid	Apple	Fruit	High
Tripura	Forest	15-25 C	Low	Rabi	Tea	Plantation	High
Tripura	Forest	15-25 C	Low	Kharif	Tea	Plantation	High
Tripura	Forest	15-25 C	Low	Zaid	Tea	Plantation	High
Tripura	Forest	25-35 C	High	Rabi	Rubber	Plantation	High
Tripura	Forest	25-35 C	High	Kharif	Rubber	Plantation	High
Tripura	Forest	25-35 C	High	Zaid	Rubber	Plantation	High
Tripura	Forest	25-35 C	Medium	Rabi	Rubber	Plantation	High
Tripura	Forest	25-35 C	Medium	Kharif	Rubber	Plantation	High
Tripura	Forest	25-35 C	Medium	Zaid	Rubber	Plantation	High
Tripura	Forest	25-35 C	Low	Rabi	Rubber	Plantation	High
Tripura	Forest	25-35 C	Low	Kharif	Rubber	Plantation	High
Tripura	Forest	25-35 C	Low	Zaid	Rubber	Plantation	High
Tripura	Forest	35-45 C	High	Rabi	Rubber	Plantation	High
Tripura	Forest	35-45 C	High	Kharif	Rubber	Plantation	High
Tripura	Forest	35-45 C	High	Zaid	Rubber	Plantation	High
Tripura	Forest	35-45 C	Medium	Rabi	Apple	Fruit	Medium
Tripura	Forest	35-45 C	Medium	Kharif	Apple	Fruit	Medium
Tripura	Forest	35-45 C	Medium	Zaid	Apple	Fruit	Medium
Tripura	Forest	35-45 C	Low	Rabi	Rubber	Plantation	Medium
Tripura	Forest	35-45 C	Low	Kharif	Rubber	Plantation	Medium
Tripura	Forest	35-45 C	Low	Zaid	Rubber	Plantation	Medium
Uttarakhand	Alluvial	15-25 C	High	Rabi	Wheat	Cereal	High
Uttarakhand	Alluvial	15-25 C	High	Kharif	Apple	Fruit	High
Uttarakhand	Alluvial	15-25 C	High	Zaid	Apple	Fruit	High
Uttarakhand	Alluvial	15-25 C	Medium	Rabi	Apple	Fruit	High
Uttarakhand	Alluvial	15-25 C	Medium	Kharif	Apple	Fruit	High
Uttarakhand	Alluvial	15-25 C	Medium	Zaid	Apple	Fruit	High
Uttarakhand	Alluvial	15-25 C	Low	Rabi	Barley	Cereal	High
Uttarakhand	Alluvial	15-25 C	Low	Kharif	Apple	Fruit	High
Uttarakhand	Alluvial	15-25 C	Low	Zaid	Apple	Fruit	High
Uttarakhand	Alluvial	25-35 C	High	Rabi	Rice	Cereal	High
Uttarakhand	Alluvial	25-35 C	High	Kharif	Rice	Cereal	High
Uttarakhand	Alluvial	25-35 C	High	Zaid	Arecanut	Plantation	High
Uttarakhand	Alluvial	25-35 C	Medium	Rabi	Maize	Cereal	High
Uttarakhand	Alluvial	25-35 C	Medium	Kharif	Maize	Cereal	High
Uttarakhand	Alluvial	25-35 C	Medium	Zaid	Cucumber	Vegetable	High
Uttarakhand	Alluvial	25-35 C	Low	Rabi	Barley	Cereal	Medium
Uttarakhand	Alluvial	25-35 C	Low	Kharif	Black Gram (Urad)	Pulse	High
Uttarakhand	Alluvial	25-35 C	Low	Zaid	Black Gram (Urad)	Pulse	High
Uttarakhand	Alluvial	35-45 C	High	Rabi	Rice	Cereal	High
Uttarakhand	Alluvial	35-45 C	High	Kharif	Rice	Cereal	High
Uttarakhand	Alluvial	35-45 C	High	Zaid	Black Gram (Urad)	Pulse	Medium
Uttarakhand	Alluvial	35-45 C	Medium	Rabi	Apple	Fruit	High
Uttarakhand	Alluvial	35-45 C	Medium	Kharif	Apple	Fruit	High
Uttarakhand	Alluvial	35-45 C	Medium	Zaid	Cucumber	Vegetable	High
Uttarakhand	Alluvial	35-45 C	Low	Rabi	Barley	Cereal	Medium
Uttarakhand	Alluvial	35-45 C	Low	Kharif	Black Gram (Urad)	Pulse	High
Uttarakhand	Alluvial	35-45 C	Low	Zaid	Black Gram (Urad)	Pulse	High
Uttarakhand	Black	15-25 C	High	Rabi	Wheat	Cereal	High
Uttarakhand	Black	15-25 C	High	Kharif	Rice	Cereal	Medium
Uttarakhand	Black	15-25 C	High	Zaid	Onion	Vegetable	Medium
Uttarakhand	Black	15-25 C	Medium	Rabi	Wheat	Cereal	High
Uttarakhand	Black	15-25 C	Medium	Kharif	Apple	Fruit	High
Uttarakhand	Black	15-25 C	Medium	Zaid	Onion	Vegetable	High
Uttarakhand	Black	15-25 C	Low	Rabi	Gram (Chickpea)	Pulse	High
Uttarakhand	Black	15-25 C	Low	Kharif	Black Gram (Urad)	Pulse	Medium
Uttarakhand	Black	15-25 C	Low	Zaid	Black Gram (Urad)	Pulse	Medium
Uttarakhand	Black	25-35 C	High	Rabi	Rice	Cereal	High
Uttarakhand	Black	25-35 C	High	Kharif	Rice	Cereal	High
Uttarakhand	Black	25-35 C	High	Zaid	Black Gram (Urad)	Pulse	Medium
Uttarakhand	Black	25-35 C	Medium	Rabi	Maize	Cereal	High
Uttarakhand	Black	25-35 C	Medium	Kharif	Maize	Cereal	High
Uttarakhand	Black	25-35 C	Medium	Zaid	Groundnut	Oilseed	High
Uttarakhand	Black	25-35 C	Low	Rabi	Sorghum (Jowar)	Cereal	High
Uttarakhand	Black	25-35 C	Low	Kharif	Black Gram (Urad)	Pulse	High
Uttarakhand	Black	25-35 C	Low	Zaid	Black Gram (Urad)	Pulse	High
Uttarakhand	Black	35-45 C	High	Rabi	Rice	Cereal	High
Uttarakhand	Black	35-45 C	High	Kharif	Rice	Cereal	High
Uttarakhand	Black	35-45 C	High	Zaid	Black Gram (Urad)	Pulse	Medium
Uttarakhand	Black	35-45 C	Medium	Rabi	Sorghum (Jowar)	Cereal	High
Uttarakhand	Black	35-45 C	Medium	Kharif	Sorghum (Jowar)	Cereal	High
Uttarakhand	Black	35-45 C	Medium	Zaid	Black Gram (Urad)	Pulse	Medium
Uttarakhand	Black	35-45 C	Low	Rabi	Sorghum (Jowar)	Cereal	High
Uttarakhand	Black	35-45 C	Low	Kharif	Black Gram (Urad)	Pulse	High
Uttarakhand	Black	35-45 C	Low	Zaid	Black Gram (Urad)	Pulse	High
Uttarakhand	Red	15-25 C	High	Rabi	Coffee	Plantation	High
Uttarakhand	Red	15-25 C	High	Kharif	Coffee	Plantation	High
Uttarakhand	Red	15-25 C	High	Zaid	Coffee	Plantation	High
Uttarakhand	Red	15-25 C	Medium	Rabi	Tomato	Vegetable	High
Uttarakhand	Red	15-25 C	Medium	Kharif	Apple	Fruit	High
Uttarakhand	Red	15-25 C	Medium	Zaid	Tomato	Vegetable	High
Uttarakhand	Red	15-25 C	Low	Rabi	Sorghum (Jowar)	Cereal	Medium
Uttarakhand	Red	15-25 C	Low	Kharif	Black Gram (Urad)	Pulse	Medium
Uttarakhand	Red	15-25 C	Low	Zaid	Black Gram (Urad)	Pulse	Medium
Uttarakhand	Red	25-35 C	High	Rabi	Rice	Cereal	High
Uttarakhand	Red	25-35 C	High	Kharif	Rice	Cereal	High
Uttarakhand	Red	25-35 C	High	Zaid	Banana	Fruit	High
Uttarakhand	Red	25-35 C	Medium	Rabi	Maize	Cereal	High
Uttarakhand	Red	25-35 C	Medium	Kharif	Finger Millet (Ragi)	Cereal	High
Uttarakhand	Red	25-35 C	Medium	Zaid	Cucumber	Vegetable	High
Uttarakhand	Red	25-35 C	Low	Rabi	Sorghum (Jowar)	Cereal	High
Uttarakhand	Red	25-35 C	Low	Kharif	Black Gram (Urad)	Pulse	High
Uttarakhand	Red	25-35 C	Low	Zaid	Black Gram (Urad)	Pulse	High
Uttarakhand	Red	35-45 C	High	Rabi	Rice	Cereal	High
Uttarakhand	Red	35-45 C	High	Kharif	Rice	Cereal	High
Uttarakhand	Red	35-45 C	High	Zaid	Black Gram (Urad)	Pulse	Medium
Uttarakhand	Red	35-45 C	Medium	Rabi	Sorghum (Jowar)	Cereal	High
Uttarakhand	Red	35-45 C	Medium	Kharif	Sorghum (Jowar)	Cereal	High
Uttarakhand	Red	35-45 C	Medium	Zaid	Cucumber	Vegetable	High
Uttarakhand	Red	35-45 C	Low	Rabi	Sorghum (Jowar)	Cereal	High
Uttarakhand	Red	35-45 C	Low	Kharif	Black Gram (Urad)	Pulse	High
Uttarakhand	Red	35-45 C	Low	Zaid	Black Gram (Urad)	Pulse	High
Uttarakhand	Laterite	15-25 C	High	Rabi	Cardamom	Spice	High
Uttarakhand	Laterite	15-25 C	High	Kharif	Cardamom	Spice	High
Uttarakhand	Laterite	15-25 C	High	Zaid	Cardamom	Spice	High
Uttarakhand	Laterite	15-25 C	Medium	Rabi	Apple	Fruit	High
Uttarakhand	Laterite	15-25 C	Medium	Kharif	Apple	Fruit	High
Uttarakhand	Laterite	15-25 C	Medium	Zaid	Apple	Fruit	High
Uttarakhand	Laterite	15-25 C	Low	Rabi	Cardamom	Spice	Medium
Uttarakhand	Laterite	15-25 C	Low	Kharif	Cardamom	Spice	Medium
Uttarakhand	Laterite	15-25 C	Low	Zaid	Cardamom	Spice	Medium
Uttarakhand	Laterite	25-35 C	High	Rabi	Rice	Cereal	High
Uttarakhand	Laterite	25-35 C	High	Kharif	Rice	Cereal	High
Uttarakhand	Laterite	25-35 C	High	Zaid	Arecanut	Plantation	High
Uttarakhand	Laterite	25-35 C	Medium	Rabi	Cashew	Plantation	High
Uttarakhand	Laterite	25-35 C	Medium	Kharif	Finger Millet (Ragi)	Cereal	High
Uttarakhand	Laterite	25-35 C	Medium	Zaid	Cashew	Plantation	High
Uttarakhand	Laterite	25-35 C	Low	Rabi	Rice	Cereal	Medium
Uttarakhand	Laterite	25-35 C	Low	Kharif	Finger Millet (Ragi)	Cereal	Medium
Uttarakhand	Laterite	25-35 C	Low	Zaid	Arecanut	Plantation	Medium
Uttarakhand	Laterite	35-45 C	High	Rabi	Rice	Cereal	High
Uttarakhand	Laterite	35-45 C	High	Kharif	Rice	Cereal	High
Uttarakhand	Laterite	35-45 C	High	Zaid	Arecanut	Plantation	Medium
Uttarakhand	Laterite	35-45 C	Medium	Rabi	Rice	Cereal	Medium
Uttarakhand	Laterite	35-45 C	Medium	Kharif	Finger Millet (Ragi)	Cereal	Medium
Uttarakhand	Laterite	35-45 C	Medium	Zaid	Cashew	Plantation	Medium
Uttarakhand	Laterite	35-45 C	Low	Rabi	Rice	Cereal	Medium
Uttarakhand	Laterite	35-45 C	Low	Kharif	Rice	Cereal	Medium
Uttarakhand	Laterite	35-45 C	Low	Zaid	Black Gram (Urad)	Pulse	Medium
Uttarakhand	Desert	15-25 C	High	Rabi	Barley	Cereal	Medium
Uttarakhand	Desert	15-25 C	High	Kharif	Apple	Fruit	Medium
Uttarakhand	Desert	15-25 C	High	Zaid	Apple	Fruit	Medium
Uttarakhand	Desert	15-25 C	Medium	Rabi	Apple	Fruit	High
Uttarakhand	Desert	15-25 C	Medium	Kharif	Apple	Fruit	High
Uttarakhand	Desert	15-25 C	Medium	Zaid	Apple	Fruit	High
Uttarakhand	Desert	15-25 C	Low	Rabi	Barley	Cereal	High
Uttarakhand	Desert	15-25 C	Low	Kharif	Cluster Bean (Guar)	Pulse	Medium
Uttarakhand	Desert	15-25 C	Low	Zaid	Green Gram (Moong)	Pulse	Medium
Uttarakhand	Desert	25-35 C	High	Rabi	Rice	Cereal	Medium
Uttarakhand	Desert	25-35 C	High	Kharif	Green Gram (Moong)	Pulse	Medium
Uttarakhand	Desert	25-35 C	High	Zaid	Green Gram (Moong)	Pulse	Medium
Uttarakhand	Desert	25-35 C	Medium	Rabi	Maize	Cereal	Medium
Uttarakhand	Desert	25-35 C	Medium	Kharif	Green Gram (Moong)	Pulse	Medium
Uttarakhand	Desert	25-35 C	Medium	Zaid	Green Gram (Moong)	Pulse	Medium
Uttarakhand	Desert	25-35 C	Low	Rabi	Barley	Cereal	Medium
Uttarakhand	Desert	25-35 C	Low	Kharif	Green Gram (Moong)	Pulse	High
Uttarakhand	Desert	25-35 C	Low	Zaid	Green Gram (Moong)	Pulse	High
Uttarakhand	Desert	35-45 C	High	Rabi	Rice	Cereal	Medium
Uttarakhand	Desert	35-45 C	High	Kharif	Cluster Bean (Guar)	Pulse	Medium
Uttarakhand	Desert	35-45 C	High	Zaid	Green Gram (Moong)	Pulse	Medium
Uttarakhand	Desert	35-45 C	Medium	Rabi	Sorghum (Jowar)	Cereal	Medium
Uttarakhand	Desert	35-45 C	Medium	Kharif	Cluster Bean (Guar)	Pulse	Medium
Uttarakhand	Desert	35-45 C	Medium	Zaid	Muskmelon	Vegetable	High
Uttarakhand	Desert	35-45 C	Low	Rabi	Barley	Cereal	Medium
Uttarakhand	Desert	35-45 C	Low	Kharif	Cluster Bean (Guar)	Pulse	High
Uttarakhand	Desert	35-45 C	Low	Zaid	Green Gram (Moong)	Pulse	High
Uttarakhand	Forest	15-25 C	High	Rabi	Apple	Fruit	High
Uttarakhand	Forest	15-25 C	High	Kharif	Apple	Fruit	High
Uttarakhand	Forest	15-25 C	High	Zaid	Apple	Fruit	High
Uttarakhand	Forest	15-25 C	Medium	Rabi	Apple	Fruit	High
Uttarakhand	Forest	15-25 C	Medium	Kharif	Apple	Fruit	High
Uttarakhand	Forest	15-25 C	Medium	Zaid	Apple	Fruit	High
Uttarakhand	Forest	15-25 C	Low	Rabi	Apple	Fruit	High
Uttarakhand	Forest	15-25 C	Low	Kharif	Apple	Fruit	High
Uttarakhand	Forest	15-25 C	Low	Zaid	Apple	Fruit	High
Uttarakhand	Forest	25-35 C	High	Rabi	Black Pepper	Spice	High
Uttarakhand	Forest	25-35 C	High	Kharif	Black Pepper	Spice	High
Uttarakhand	Forest	25-35 C	High	Zaid	Black Pepper	Spice	High
Uttarakhand	Forest	25-35 C	Medium	Rabi	Apple	Fruit	High
Uttarakhand	Forest	25-35 C	Medium	Kharif	Apple	Fruit	High
Uttarakhand	Forest	25-35 C	Medium	Zaid	Apple	Fruit	High
Uttarakhand	Forest	25-35 C	Low	Rabi	Apple	Fruit	Medium
Uttarakhand	Forest	25-35 C	Low	Kharif	Apple	Fruit	Medium
Uttarakhand	Forest	25-35 C	Low	Zaid	Apple	Fruit	Medium
Uttarakhand	Forest	35-45 C	High	Rabi	Apple	Fruit	Medium
Uttarakhand	Forest	35-45 C	High	Kharif	Apple	Fruit	Medium
Uttarakhand	Forest	35-45 C	High	Zaid	Apple	Fruit	Medium
Uttarakhand	Forest	35-45 C	Medium	Rabi	Apple	Fruit	High
Uttarakhand	Forest	35-45 C	Medium	Kharif	Apple	Fruit	High
Uttarakhand	Forest	35-45 C	Medium	Zaid	Apple	Fruit	High
Uttarakhand	Forest	35-45 C	Low	Rabi	Apple	Fruit	Medium
Uttarakhand	Forest	35-45 C	Low	Kharif	Apple	Fruit	Medium
Uttarakhand	Forest	35-45 C	Low	Zaid	Apple	Fruit	Medium
Uttar Pradesh	Alluvial	15-25 C	High	Rabi	Wheat	Cereal	High
Uttar Pradesh	Alluvial	15-25 C	High	Kharif	Rice	Cereal	High
Uttar Pradesh	Alluvial	15-25 C	High	Zaid	Wheat	Cereal	High
Uttar Pradesh	Alluvial	15-25 C	Medium	Rabi	Wheat	Cereal	High
Uttar Pradesh	Alluvial	15-25 C	Medium	Kharif	Apple	Fruit	High
Uttar Pradesh	Alluvial	15-25 C	Medium	Zaid	Cucumber	Vegetable	High
Uttar Pradesh	Alluvial	15-25 C	Low	Rabi	Barley	Cereal	High
Uttar Pradesh	Alluvial	15-25 C	Low	Kharif	Black Gram (Urad)	Pulse	High
Uttar Pradesh	Alluvial	15-25 C	Low	Zaid	Black Gram (Urad)	Pulse	High
Uttar Pradesh	Alluvial	25-35 C	High	Rabi	Rice	Cereal	High
Uttar Pradesh	Alluvial	25-35 C	High	Kharif	Rice	Cereal	High
Uttar Pradesh	Alluvial	25-35 C	High	Zaid	Black Gram (Urad)	Pulse	High
Uttar Pradesh	Alluvial	25-35 C	Medium	Rabi	Mango	Fruit	High
Uttar Pradesh	Alluvial	25-35 C	Medium	Kharif	Mango	Fruit	High
Uttar Pradesh	Alluvial	25-35 C	Medium	Zaid	Cucumber	Vegetable	High
Uttar Pradesh	Alluvial	25-35 C	Low	Rabi	Barley	Cereal	High
Uttar Pradesh	Alluvial	25-35 C	Low	Kharif	Black Gram (Urad)	Pulse	High
Uttar Pradesh	Alluvial	25-35 C	Low	Zaid	Black Gram (Urad)	Pulse	High
Uttar Pradesh	Alluvial	35-45 C	High	Rabi	Rice	Cereal	High
Uttar Pradesh	Alluvial	35-45 C	High	Kharif	Rice	Cereal	High
Uttar Pradesh	Alluvial	35-45 C	High	Zaid	Black Gram (Urad)	Pulse	High
Uttar Pradesh	Alluvial	35-45 C	Medium	Rabi	Rice	Cereal	High
Uttar Pradesh	Alluvial	35-45 C	Medium	Kharif	Black Gram (Urad)	Pulse	High
Uttar Pradesh	Alluvial	35-45 C	Medium	Zaid	Cucumber	Vegetable	High
Uttar Pradesh	Alluvial	35-45 C	Low	Rabi	Barley	Cereal	High
Uttar Pradesh	Alluvial	35-45 C	Low	Kharif	Black Gram (Urad)	Pulse	High
Uttar Pradesh	Alluvial	35-45 C	Low	Zaid	Black Gram (Urad)	Pulse	High
Uttar Pradesh	Black	15-25 C	High	Rabi	Wheat	Cereal	High
Uttar Pradesh	Black	15-25 C	High	Kharif	Rice	Cereal	High
Uttar Pradesh	Black	15-25 C	High	Zaid	Wheat	Cereal	High
Uttar Pradesh	Black	15-25 C	Medium	Rabi	Wheat	Cereal	High
Uttar Pradesh	Black	15-25 C	Medium	Kharif	Pigeon Pea (Arhar/Tur)	Pulse	High
Uttar Pradesh	Black	15-25 C	Medium	Zaid	Onion	Vegetable	High
Uttar Pradesh	Black	15-25 C	Low	Rabi	Gram (Chickpea)	Pulse	High
Uttar Pradesh	Black	15-25 C	Low	Kharif	Black Gram (Urad)	Pulse	High
Uttar Pradesh	Black	15-25 C	Low	Zaid	Black Gram (Urad)	Pulse	High
Uttar Pradesh	Black	25-35 C	High	Rabi	Rice	Cereal	High
Uttar Pradesh	Black	25-35 C	High	Kharif	Rice	Cereal	High
Uttar Pradesh	Black	25-35 C	High	Zaid	Black Gram (Urad)	Pulse	High
Uttar Pradesh	Black	25-35 C	Medium	Rabi	Maize	Cereal	High
Uttar Pradesh	Black	25-35 C	Medium	Kharif	Pigeon Pea (Arhar/Tur)	Pulse	High
Uttar Pradesh	Black	25-35 C	Medium	Zaid	Black Gram (Urad)	Pulse	High
Uttar Pradesh	Black	25-35 C	Low	Rabi	Gram (Chickpea)	Pulse	High
Uttar Pradesh	Black	25-35 C	Low	Kharif	Black Gram (Urad)	Pulse	High
Uttar Pradesh	Black	25-35 C	Low	Zaid	Black Gram (Urad)	Pulse	High
Uttar Pradesh	Black	35-45 C	High	Rabi	Rice	Cereal	High
Uttar Pradesh	Black	35-45 C	High	Kharif	Rice	Cereal	High
Uttar Pradesh	Black	35-45 C	High	Zaid	Black Gram (Urad)	Pulse	High
Uttar Pradesh	Black	35-45 C	Medium	Rabi	Rice	Cereal	High
Uttar Pradesh	Black	35-45 C	Medium	Kharif	Black Gram (Urad)	Pulse	High
Uttar Pradesh	Black	35-45 C	Medium	Zaid	Black Gram (Urad)	Pulse	High
Uttar Pradesh	Black	35-45 C	Low	Rabi	Gram (Chickpea)	Pulse	High
Uttar Pradesh	Black	35-45 C	Low	Kharif	Black Gram (Urad)	Pulse	High
Uttar Pradesh	Black	35-45 C	Low	Zaid	Black Gram (Urad)	Pulse	High
Uttar Pradesh	Red	15-25 C	High	Rabi	Rice	Cereal	High
Uttar Pradesh	Red	15-25 C	High	Kharif	Rice	Cereal	High
Uttar Pradesh	Red	15-25 C	High	Zaid	Coffee	Plantation	High
Uttar Pradesh	Red	15-25 C	Medium	Rabi	Tomato	Vegetable	High
Uttar Pradesh	Red	15-25 C	Medium	Kharif	Pigeon Pea (Arhar/Tur)	Pulse	High
Uttar Pradesh	Red	15-25 C	Medium	Zaid	Cucumber	Vegetable	High
Uttar Pradesh	Red	15-25 C	Low	Rabi	Barley	Cereal	High
Uttar Pradesh	Red	15-25 C	Low	Kharif	Black Gram (Urad)	Pulse	High
Uttar Pradesh	Red	15-25 C	Low	Zaid	Black Gram (Urad)	Pulse	High
Uttar Pradesh	Red	25-35 C	High	Rabi	Rice	Cereal	High
Uttar Pradesh	Red	25-35 C	High	Kharif	Rice	Cereal	High
Uttar Pradesh	Red	25-35 C	High	Zaid	Black Gram (Urad)	Pulse	High
Uttar Pradesh	Red	25-35 C	Medium	Rabi	Mango	Fruit	High
Uttar Pradesh	Red	25-35 C	Medium	Kharif	Pigeon Pea (Arhar/Tur)	Pulse	High
Uttar Pradesh	Red	25-35 C	Medium	Zaid	Cucumber	Vegetable	High
Uttar Pradesh	Red	25-35 C	Low	Rabi	Rice	Cereal	High
Uttar Pradesh	Red	25-35 C	Low	Kharif	Black Gram (Urad)	Pulse	High
Uttar Pradesh	Red	25-35 C	Low	Zaid	Black Gram (Urad)	Pulse	High
Uttar Pradesh	Red	35-45 C	High	Rabi	Rice	Cereal	High
Uttar Pradesh	Red	35-45 C	High	Kharif	Rice	Cereal	High
Uttar Pradesh	Red	35-45 C	High	Zaid	Black Gram (Urad)	Pulse	High
Uttar Pradesh	Red	35-45 C	Medium	Rabi	Rice	Cereal	High
Uttar Pradesh	Red	35-45 C	Medium	Kharif	Black Gram (Urad)	Pulse	High
Uttar Pradesh	Red	35-45 C	Medium	Zaid	Cucumber	Vegetable	High
Uttar Pradesh	Red	35-45 C	Low	Rabi	Rice	Cereal	High
Uttar Pradesh	Red	35-45 C	Low	Kharif	Black Gram (Urad)	Pulse	High
Uttar Pradesh	Red	35-45 C	Low	Zaid	Black Gram (Urad)	Pulse	High
Uttar Pradesh	Laterite	15-25 C	High	Rabi	Rice	Cereal	High
Uttar Pradesh	Laterite	15-25 C	High	Kharif	Rice	Cereal	High
Uttar Pradesh	Laterite	15-25 C	High	Zaid	Cardamom	Spice	High
Uttar Pradesh	Laterite	15-25 C	Medium	Rabi	Mango	Fruit	High
Uttar Pradesh	Laterite	15-25 C	Medium	Kharif	Mango	Fruit	High
Uttar Pradesh	Laterite	15-25 C	Medium	Zaid	Mango	Fruit	High
Uttar Pradesh	Laterite	15-25 C	Low	Rabi	Barley	Cereal	High
Uttar Pradesh	Laterite	15-25 C	Low	Kharif	Rice	Cereal	Medium
Uttar Pradesh	Laterite	15-25 C	Low	Zaid	Cardamom	Spice	Medium
Uttar Pradesh	Laterite	25-35 C	High	Rabi	Rice	Cereal	High
Uttar Pradesh	Laterite	25-35 C	High	Kharif	Rice	Cereal	High
Uttar Pradesh	Laterite	25-35 C	High	Zaid	Arecanut	Plantation	High
Uttar Pradesh	Laterite	25-35 C	Medium	Rabi	Mango	Fruit	High
Uttar Pradesh	Laterite	25-35 C	Medium	Kharif	Mango	Fruit	High
Uttar Pradesh	Laterite	25-35 C	Medium	Zaid	Mango	Fruit	High
Uttar Pradesh	Laterite	25-35 C	Low	Rabi	Rice	Cereal	High
Uttar Pradesh	Laterite	25-35 C	Low	Kharif	Rice	Cereal	High
Uttar Pradesh	Laterite	25-35 C	Low	Zaid	Mango	Fruit	High
Uttar Pradesh	Laterite	35-45 C	High	Rabi	Rice	Cereal	High
Uttar Pradesh	Laterite	35-45 C	High	Kharif	Rice	Cereal	High
Uttar Pradesh	Laterite	35-45 C	High	Zaid	Rice	Cereal	High
Uttar Pradesh	Laterite	35-45 C	Medium	Rabi	Rice	Cereal	High
Uttar Pradesh	Laterite	35-45 C	Medium	Kharif	Rice	Cereal	High
Uttar Pradesh	Laterite	35-45 C	Medium	Zaid	Mango	Fruit	High
Uttar Pradesh	Laterite	35-45 C	Low	Rabi	Rice	Cereal	High
Uttar Pradesh	Laterite	35-45 C	Low	Kharif	Rice	Cereal	High
Uttar Pradesh	Laterite	35-45 C	Low	Zaid	Black Gram (Urad)	Pulse	High
Uttar Pradesh	Desert	15-25 C	High	Rabi	Barley	Cereal	High
Uttar Pradesh	Desert	15-25 C	High	Kharif	Pearl Millet (Bajra)	Cereal	Medium
Uttar Pradesh	Desert	15-25 C	High	Zaid	Muskmelon	Vegetable	Medium
Uttar Pradesh	Desert	15-25 C	Medium	Rabi	Barley	Cereal	High
Uttar Pradesh	Desert	15-25 C	Medium	Kharif	Pearl Millet (Bajra)	Cereal	Medium
Uttar Pradesh	Desert	15-25 C	Medium	Zaid	Muskmelon	Vegetable	High
Uttar Pradesh	Desert	15-25 C	Low	Rabi	Barley	Cereal	High
Uttar Pradesh	Desert	15-25 C	Low	Kharif	Pearl Millet (Bajra)	Cereal	High
Uttar Pradesh	Desert	15-25 C	Low	Zaid	Muskmelon	Vegetable	High
Uttar Pradesh	Desert	25-35 C	High	Rabi	Rice	Cereal	High
Uttar Pradesh	Desert	25-35 C	High	Kharif	Rice	Cereal	High
Uttar Pradesh	Desert	25-35 C	High	Zaid	Green Gram (Moong)	Pulse	Medium
Uttar Pradesh	Desert	25-35 C	Medium	Rabi	Mango	Fruit	High
Uttar Pradesh	Desert	25-35 C	Medium	Kharif	Pigeon Pea (Arhar/Tur)	Pulse	High
Uttar Pradesh	Desert	25-35 C	Medium	Zaid	Muskmelon	Vegetable	High
Uttar Pradesh	Desert	25-35 C	Low	Rabi	Barley	Cereal	High
Uttar Pradesh	Desert	25-35 C	Low	Kharif	Green Gram (Moong)	Pulse	High
Uttar Pradesh	Desert	25-35 C	Low	Zaid	Green Gram (Moong)	Pulse	High
Uttar Pradesh	Desert	35-45 C	High	Rabi	Rice	Cereal	High
Uttar Pradesh	Desert	35-45 C	High	Kharif	Pearl Millet (Bajra)	Cereal	High
Uttar Pradesh	Desert	35-45 C	High	Zaid	Muskmelon	Vegetable	High
Uttar Pradesh	Desert	35-45 C	Medium	Rabi	Muskmelon	Vegetable	High
Uttar Pradesh	Desert	35-45 C	Medium	Kharif	Pearl Millet (Bajra)	Cereal	High
Uttar Pradesh	Desert	35-45 C	Medium	Zaid	Muskmelon	Vegetable	High
Uttar Pradesh	Desert	35-45 C	Low	Rabi	Barley	Cereal	High
Uttar Pradesh	Desert	35-45 C	Low	Kharif	Pearl Millet (Bajra)	Cereal	High
Uttar Pradesh	Desert	35-45 C	Low	Zaid	Muskmelon	Vegetable	High
Uttar Pradesh	Forest	15-25 C	High	Rabi	Cardamom	Spice	High
Uttar Pradesh	Forest	15-25 C	High	Kharif	Cardamom	Spice	High
Uttar Pradesh	Forest	15-25 C	High	Zaid	Cardamom	Spice	High
Uttar Pradesh	Forest	15-25 C	Medium	Rabi	Apple	Fruit	High
Uttar Pradesh	Forest	15-25 C	Medium	Kharif	Apple	Fruit	High
Uttar Pradesh	Forest	15-25 C	Medium	Zaid	Apple	Fruit	High
Uttar Pradesh	Forest	15-25 C	Low	Rabi	Barley	Cereal	High
Uttar Pradesh	Forest	15-25 C	Low	Kharif	Apple	Fruit	Medium
Uttar Pradesh	Forest	15-25 C	Low	Zaid	Apple	Fruit	Medium
Uttar Pradesh	Forest	25-35 C	High	Rabi	Black Pepper	Spice	High
Uttar Pradesh	Forest	25-35 C	High	Kharif	Black Pepper	Spice	High
Uttar Pradesh	Forest	25-35 C	High	Zaid	Black Pepper	Spice	High
Uttar Pradesh	Forest	25-35 C	Medium	Rabi	Mango	Fruit	High
Uttar Pradesh	Forest	25-35 C	Medium	Kharif	Pigeon Pea (Arhar/Tur)	Pulse	High
Uttar Pradesh	Forest	25-35 C	Medium	Zaid	Cucumber	Vegetable	High
Uttar Pradesh	Forest	25-35 C	Low	Rabi	Black Pepper	Spice	Medium
Uttar Pradesh	Forest	25-35 C	Low	Kharif	Black Gram (Urad)	Pulse	High
Uttar Pradesh	Forest	25-35 C	Low	Zaid	Black Gram (Urad)	Pulse	High
Uttar Pradesh	Forest	35-45 C	High	Rabi	Rice	Cereal	High
Uttar Pradesh	Forest	35-45 C	High	Kharif	Rice	Cereal	High
Uttar Pradesh	Forest	35-45 C	High	Zaid	Black Pepper	Spice	Medium
Uttar Pradesh	Forest	35-45 C	Medium	Rabi	Apple	Fruit	Medium
Uttar Pradesh	Forest	35-45 C	Medium	Kharif	Apple	Fruit	Medium
Uttar Pradesh	Forest	35-45 C	Medium	Zaid	Cucumber	Vegetable	High
Uttar Pradesh	Forest	35-45 C	Low	Rabi	Barley	Cereal	Medium
Uttar Pradesh	Forest	35-45 C	Low	Kharif	Black Gram (Urad)	Pulse	High
Uttar Pradesh	Forest	35-45 C	Low	Zaid	Black Gram (Urad)	Pulse	High
West Bengal	Alluvial	15-25 C	High	Rabi	Rice	Cereal	High
West Bengal	Alluvial	15-25 C	High	Kharif	Rice	Cereal	High
West Bengal	Alluvial	15-25 C	High	Zaid	Litchi	Fruit	High
West Bengal	Alluvial	15-25 C	Medium	Rabi	Mustard	Oilseed	High
West Bengal	Alluvial	15-25 C	Medium	Kharif	Litchi	Fruit	High
West Bengal	Alluvial	15-25 C	Medium	Zaid	Litchi	Fruit	High
West Bengal	Alluvial	15-25 C	Low	Rabi	Mustard	Oilseed	High
West Bengal	Alluvial	15-25 C	Low	Kharif	Sesame (Til)	Oilseed	High
West Bengal	Alluvial	15-25 C	Low	Zaid	Sesame (Til)	Oilseed	High
West Bengal	Alluvial	25-35 C	High	Rabi	Rice	Cereal	High
West Bengal	Alluvial	25-35 C	High	Kharif	Rice	Cereal	High
West Bengal	Alluvial	25-35 C	High	Zaid	Cucumber	Vegetable	High
West Bengal	Alluvial	25-35 C	Medium	Rabi	Litchi	Fruit	High
West Bengal	Alluvial	25-35 C	Medium	Kharif	Litchi	Fruit	High
West Bengal	Alluvial	25-35 C	Medium	Zaid	Cucumber	Vegetable	High
West Bengal	Alluvial	25-35 C	Low	Rabi	Rice	Cereal	High
West Bengal	Alluvial	25-35 C	Low	Kharif	Sesame (Til)	Oilseed	High
West Bengal	Alluvial	25-35 C	Low	Zaid	Sesame (Til)	Oilseed	High
West Bengal	Alluvial	35-45 C	High	Rabi	Rice	Cereal	High
West Bengal	Alluvial	35-45 C	High	Kharif	Rice	Cereal	High
West Bengal	Alluvial	35-45 C	High	Zaid	Cucumber	Vegetable	High
West Bengal	Alluvial	35-45 C	Medium	Rabi	Rice	Cereal	High
West Bengal	Alluvial	35-45 C	Medium	Kharif	Rice	Cereal	High
West Bengal	Alluvial	35-45 C	Medium	Zaid	Cucumber	Vegetable	High
West Bengal	Alluvial	35-45 C	Low	Rabi	Rice	Cereal	High
West Bengal	Alluvial	35-45 C	Low	Kharif	Sesame (Til)	Oilseed	High
West Bengal	Alluvial	35-45 C	Low	Zaid	Sesame (Til)	Oilseed	High
West Bengal	Black	15-25 C	High	Rabi	Rice	Cereal	High
West Bengal	Black	15-25 C	High	Kharif	Rice	Cereal	High
West Bengal	Black	15-25 C	High	Zaid	Tea	Plantation	High
West Bengal	Black	15-25 C	Medium	Rabi	Mustard	Oilseed	High
West Bengal	Black	15-25 C	Medium	Kharif	Mustard	Oilseed	High
West Bengal	Black	15-25 C	Medium	Zaid	Onion	Vegetable	High
West Bengal	Black	15-25 C	Low	Rabi	Mustard	Oilseed	High
West Bengal	Black	15-25 C	Low	Kharif	Sesame (Til)	Oilseed	High
West Bengal	Black	15-25 C	Low	Zaid	Sesame (Til)	Oilseed	High
West Bengal	Black	25-35 C	High	Rabi	Rice	Cereal	High
West Bengal	Black	25-35 C	High	Kharif	Rice	Cereal	High
West Bengal	Black	25-35 C	High	Zaid	Sesame (Til)	Oilseed	High
West Bengal	Black	25-35 C	Medium	Rabi	Maize	Cereal	High
West Bengal	Black	25-35 C	Medium	Kharif	Maize	Cereal	High
West Bengal	Black	25-35 C	Medium	Zaid	Groundnut	Oilseed	High
West Bengal	Black	25-35 C	Low	Rabi	Rice	Cereal	High
West Bengal	Black	25-35 C	Low	Kharif	Sesame (Til)	Oilseed	High
West Bengal	Black	25-35 C	Low	Zaid	Sesame (Til)	Oilseed	High
West Bengal	Black	35-45 C	High	Rabi	Rice	Cereal	High
West Bengal	Black	35-45 C	High	Kharif	Rice	Cereal	High
West Bengal	Black	35-45 C	High	Zaid	Sesame (Til)	Oilseed	High
West Bengal	Black	35-45 C	Medium	Rabi	Rice	Cereal	High
West Bengal	Black	35-45 C	Medium	Kharif	Rice	Cereal	High
West Bengal	Black	35-45 C	Medium	Zaid	Sesame (Til)	Oilseed	High
West Bengal	Black	35-45 C	Low	Rabi	Rice	Cereal	High
West Bengal	Black	35-45 C	Low	Kharif	Sesame (Til)	Oilseed	High
West Bengal	Black	35-45 C	Low	Zaid	Sesame (Til)	Oilseed	High
West Bengal	Red	15-25 C	High	Rabi	Rice	Cereal	High
West Bengal	Red	15-25 C	High	Kharif	Rice	Cereal	High
West Bengal	Red	15-25 C	High	Zaid	Coffee	Plantation	High
West Bengal	Red	15-25 C	Medium	Rabi	Tomato	Vegetable	High
West Bengal	Red	15-25 C	Medium	Kharif	Mango	Fruit	High
West Bengal	Red	15-25 C	Medium	Zaid	Cucumber	Vegetable	High
West Bengal	Red	15-25 C	Low	Rabi	Mustard	Oilseed	High
West Bengal	Red	15-25 C	Low	Kharif	Sesame (Til)	Oilseed	High
West Bengal	Red	15-25 C	Low	Zaid	Sesame (Til)	Oilseed	High
West Bengal	Red	25-35 C	High	Rabi	Rice	Cereal	High
West Bengal	Red	25-35 C	High	Kharif	Rice	Cereal	High
West Bengal	Red	25-35 C	High	Zaid	Cucumber	Vegetable	High
West Bengal	Red	25-35 C	Medium	Rabi	Mango	Fruit	High
West Bengal	Red	25-35 C	Medium	Kharif	Mango	Fruit	High
West Bengal	Red	25-35 C	Medium	Zaid	Cucumber	Vegetable	High
West Bengal	Red	25-35 C	Low	Rabi	Rice	Cereal	High
West Bengal	Red	25-35 C	Low	Kharif	Sesame (Til)	Oilseed	High
West Bengal	Red	25-35 C	Low	Zaid	Sesame (Til)	Oilseed	High
West Bengal	Red	35-45 C	High	Rabi	Rice	Cereal	High
West Bengal	Red	35-45 C	High	Kharif	Rice	Cereal	High
West Bengal	Red	35-45 C	High	Zaid	Cucumber	Vegetable	High
West Bengal	Red	35-45 C	Medium	Rabi	Rice	Cereal	High
West Bengal	Red	35-45 C	Medium	Kharif	Rice	Cereal	High
West Bengal	Red	35-45 C	Medium	Zaid	Cucumber	Vegetable	High
West Bengal	Red	35-45 C	Low	Rabi	Rice	Cereal	High
West Bengal	Red	35-45 C	Low	Kharif	Sesame (Til)	Oilseed	High
West Bengal	Red	35-45 C	Low	Zaid	Sesame (Til)	Oilseed	High
West Bengal	Laterite	15-25 C	High	Rabi	Tea	Plantation	High
West Bengal	Laterite	15-25 C	High	Kharif	Tea	Plantation	High
West Bengal	Laterite	15-25 C	High	Zaid	Tea	Plantation	High
West Bengal	Laterite	15-25 C	Medium	Rabi	Mango	Fruit	High
West Bengal	Laterite	15-25 C	Medium	Kharif	Mango	Fruit	High
West Bengal	Laterite	15-25 C	Medium	Zaid	Mango	Fruit	High
West Bengal	Laterite	15-25 C	Low	Rabi	Tea	Plantation	High
West Bengal	Laterite	15-25 C	Low	Kharif	Tea	Plantation	High
West Bengal	Laterite	15-25 C	Low	Zaid	Tea	Plantation	High
West Bengal	Laterite	25-35 C	High	Rabi	Rice	Cereal	High
West Bengal	Laterite	25-35 C	High	Kharif	Rice	Cereal	High
West Bengal	Laterite	25-35 C	High	Zaid	Tea	Plantation	High
West Bengal	Laterite	25-35 C	Medium	Rabi	Mango	Fruit	High
West Bengal	Laterite	25-35 C	Medium	Kharif	Mango	Fruit	High
West Bengal	Laterite	25-35 C	Medium	Zaid	Mango	Fruit	High
West Bengal	Laterite	25-35 C	Low	Rabi	Rice	Cereal	High
West Bengal	Laterite	25-35 C	Low	Kharif	Rice	Cereal	High
West Bengal	Laterite	25-35 C	Low	Zaid	Mango	Fruit	High
West Bengal	Laterite	35-45 C	High	Rabi	Rice	Cereal	High
West Bengal	Laterite	35-45 C	High	Kharif	Rice	Cereal	High
West Bengal	Laterite	35-45 C	High	Zaid	Tea	Plantation	High
West Bengal	Laterite	35-45 C	Medium	Rabi	Rice	Cereal	High
West Bengal	Laterite	35-45 C	Medium	Kharif	Rice	Cereal	High
West Bengal	Laterite	35-45 C	Medium	Zaid	Mango	Fruit	High
West Bengal	Laterite	35-45 C	Low	Rabi	Rice	Cereal	High
West Bengal	Laterite	35-45 C	Low	Kharif	Rice	Cereal	High
West Bengal	Laterite	35-45 C	Low	Zaid	Sesame (Til)	Oilseed	High
West Bengal	Desert	15-25 C	High	Rabi	Tea	Plantation	High
West Bengal	Desert	15-25 C	High	Kharif	Tea	Plantation	High
West Bengal	Desert	15-25 C	High	Zaid	Tea	Plantation	High
West Bengal	Desert	15-25 C	Medium	Rabi	Mustard	Oilseed	High
West Bengal	Desert	15-25 C	Medium	Kharif	Litchi	Fruit	High
West Bengal	Desert	15-25 C	Medium	Zaid	Litchi	Fruit	High
West Bengal	Desert	15-25 C	Low	Rabi	Barley	Cereal	High
West Bengal	Desert	15-25 C	Low	Kharif	Cluster Bean (Guar)	Pulse	Medium
West Bengal	Desert	15-25 C	Low	Zaid	Green Gram (Moong)	Pulse	Medium
West Bengal	Desert	25-35 C	High	Rabi	Rice	Cereal	High
West Bengal	Desert	25-35 C	High	Kharif	Rice	Cereal	High
West Bengal	Desert	25-35 C	High	Zaid	Tea	Plantation	High
West Bengal	Desert	25-35 C	Medium	Rabi	Litchi	Fruit	High
West Bengal	Desert	25-35 C	Medium	Kharif	Litchi	Fruit	High
West Bengal	Desert	25-35 C	Medium	Zaid	Cucumber	Vegetable	High
West Bengal	Desert	25-35 C	Low	Rabi	Barley	Cereal	Medium
West Bengal	Desert	25-35 C	Low	Kharif	Green Gram (Moong)	Pulse	High
West Bengal	Desert	25-35 C	Low	Zaid	Green Gram (Moong)	Pulse	High
West Bengal	Desert	35-45 C	High	Rabi	Rice	Cereal	High
West Bengal	Desert	35-45 C	High	Kharif	Rice	Cereal	High
West Bengal	Desert	35-45 C	High	Zaid	Green Gram (Moong)	Pulse	Medium
West Bengal	Desert	35-45 C	Medium	Rabi	Rice	Cereal	Medium
West Bengal	Desert	35-45 C	Medium	Kharif	Cluster Bean (Guar)	Pulse	Medium
West Bengal	Desert	35-45 C	Medium	Zaid	Muskmelon	Vegetable	High
West Bengal	Desert	35-45 C	Low	Rabi	Barley	Cereal	Medium
West Bengal	Desert	35-45 C	Low	Kharif	Cluster Bean (Guar)	Pulse	High
West Bengal	Desert	35-45 C	Low	Zaid	Green Gram (Moong)	Pulse	High
West Bengal	Forest	15-25 C	High	Rabi	Tea	Plantation	High
West Bengal	Forest	15-25 C	High	Kharif	Tea	Plantation	High
West Bengal	Forest	15-25 C	High	Zaid	Tea	Plantation	High
West Bengal	Forest	15-25 C	Medium	Rabi	Apple	Fruit	High
West Bengal	Forest	15-25 C	Medium	Kharif	Apple	Fruit	High
West Bengal	Forest	15-25 C	Medium	Zaid	Apple	Fruit	High
West Bengal	Forest	15-25 C	Low	Rabi	Tea	Plantation	High
West Bengal	Forest	15-25 C	Low	Kharif	Tea	Plantation	High
West Bengal	Forest	15-25 C	Low	Zaid	Tea	Plantation	High
West Bengal	Forest	25-35 C	High	Rabi	Tea	Plantation	High
West Bengal	Forest	25-35 C	High	Kharif	Tea	Plantation	High
West Bengal	Forest	25-35 C	High	Zaid	Tea	Plantation	High
West Bengal	Forest	25-35 C	Medium	Rabi	Tea	Plantation	High
West Bengal	Forest	25-35 C	Medium	Kharif	Tea	Plantation	High
West Bengal	Forest	25-35 C	Medium	Zaid	Tea	Plantation	High
West Bengal	Forest	25-35 C	Low	Rabi	Tea	Plantation	High
West Bengal	Forest	25-35 C	Low	Kharif	Tea	Plantation	High
West Bengal	Forest	25-35 C	Low	Zaid	Tea	Plantation	High
West Bengal	Forest	35-45 C	High	Rabi	Tea	Plantation	High
West Bengal	Forest	35-45 C	High	Kharif	Tea	Plantation	High
West Bengal	Forest	35-45 C	High	Zaid	Tea	Plantation	High
West Bengal	Forest	35-45 C	Medium	Rabi	Apple	Fruit	Medium
West Bengal	Forest	35-45 C	Medium	Kharif	Apple	Fruit	Medium
West Bengal	Forest	35-45 C	Medium	Zaid	Cucumber	Vegetable	High
West Bengal	Forest	35-45 C	Low	Rabi	Tea	Plantation	Medium
West Bengal	Forest	35-45 C	Low	Kharif	Sesame (Til)	Oilseed	High
West Bengal	Forest	35-45 C	Low	Zaid	Sesame (Til)	Oilseed	High
Andaman and Nicobar Islands (UT)	Alluvial	15-25 C	High	Rabi	Wheat	Cereal	High
Andaman and Nicobar Islands (UT)	Alluvial	15-25 C	High	Kharif	Coconut	Plantation	High
Andaman and Nicobar Islands (UT)	Alluvial	15-25 C	High	Zaid	Coconut	Plantation	High
Andaman and Nicobar Islands (UT)	Alluvial	15-25 C	Medium	Rabi	Wheat	Cereal	High
Andaman and Nicobar Islands (UT)	Alluvial	15-25 C	Medium	Kharif	Apple	Fruit	High
Andaman and Nicobar Islands (UT)	Alluvial	15-25 C	Medium	Zaid	Onion	Vegetable	High
Andaman and Nicobar Islands (UT)	Alluvial	15-25 C	Low	Rabi	Barley	Cereal	High
Andaman and Nicobar Islands (UT)	Alluvial	15-25 C	Low	Kharif	Black Gram (Urad)	Pulse	Medium
Andaman and Nicobar Islands (UT)	Alluvial	15-25 C	Low	Zaid	Black Gram (Urad)	Pulse	Medium
Andaman and Nicobar Islands (UT)	Alluvial	25-35 C	High	Rabi	Coconut	Plantation	High
Andaman and Nicobar Islands (UT)	Alluvial	25-35 C	High	Kharif	Coconut	Plantation	High
Andaman and Nicobar Islands (UT)	Alluvial	25-35 C	High	Zaid	Coconut	Plantation	High
Andaman and Nicobar Islands (UT)	Alluvial	25-35 C	Medium	Rabi	Maize	Cereal	High
Andaman and Nicobar Islands (UT)	Alluvial	25-35 C	Medium	Kharif	Maize	Cereal	High
Andaman and Nicobar Islands (UT)	Alluvial	25-35 C	Medium	Zaid	Cucumber	Vegetable	High
Andaman and Nicobar Islands (UT)	Alluvial	25-35 C	Low	Rabi	Coconut	Plantation	High
Andaman and Nicobar Islands (UT)	Alluvial	25-35 C	Low	Kharif	Black Gram (Urad)	Pulse	High
Andaman and Nicobar Islands (UT)	Alluvial	25-35 C	Low	Zaid	Black Gram (Urad)	Pulse	High
Andaman and Nicobar Islands (UT)	Alluvial	35-45 C	High	Rabi	Rice	Cereal	High
Andaman and Nicobar Islands (UT)	Alluvial	35-45 C	High	Kharif	Rice	Cereal	High
Andaman and Nicobar Islands (UT)	Alluvial	35-45 C	High	Zaid	Coconut	Plantation	High
Andaman and Nicobar Islands (UT)	Alluvial	35-45 C	Medium	Rabi	Maize	Cereal	Medium
Andaman and Nicobar Islands (UT)	Alluvial	35-45 C	Medium	Kharif	Black Gram (Urad)	Pulse	Medium
Andaman and Nicobar Islands (UT)	Alluvial	35-45 C	Medium	Zaid	Cucumber	Vegetable	High
Andaman and Nicobar Islands (UT)	Alluvial	35-45 C	Low	Rabi	Barley	Cereal	Medium
Andaman and Nicobar Islands (UT)	Alluvial	35-45 C	Low	Kharif	Black Gram (Urad)	Pulse	High
Andaman and Nicobar Islands (UT)	Alluvial	35-45 C	Low	Zaid	Black Gram (Urad)	Pulse	High
Andaman and Nicobar Islands (UT)	Black	15-25 C	High	Rabi	Wheat	Cereal	High
Andaman and Nicobar Islands (UT)	Black	15-25 C	High	Kharif	Rice	Cereal	Medium
Andaman and Nicobar Islands (UT)	Black	15-25 C	High	Zaid	Onion	Vegetable	Medium
Andaman and Nicobar Islands (UT)	Black	15-25 C	Medium	Rabi	Wheat	Cereal	High
Andaman and Nicobar Islands (UT)	Black	15-25 C	Medium	Kharif	Maize	Cereal	Medium
Andaman and Nicobar Islands (UT)	Black	15-25 C	Medium	Zaid	Onion	Vegetable	High
Andaman and Nicobar Islands (UT)	Black	15-25 C	Low	Rabi	Gram (Chickpea)	Pulse	High
Andaman and Nicobar Islands (UT)	Black	15-25 C	Low	Kharif	Black Gram (Urad)	Pulse	Medium
Andaman and Nicobar Islands (UT)	Black	15-25 C	Low	Zaid	Black Gram (Urad)	Pulse	Medium
Andaman and Nicobar Islands (UT)	Black	25-35 C	High	Rabi	Rice	Cereal	High
Andaman and Nicobar Islands (UT)	Black	25-35 C	High	Kharif	Rice	Cereal	High
Andaman and Nicobar Islands (UT)	Black	25-35 C	High	Zaid	Coconut	Plantation	High
Andaman and Nicobar Islands (UT)	Black	25-35 C	Medium	Rabi	Maize	Cereal	High
Andaman and Nicobar Islands (UT)	Black	25-35 C	Medium	Kharif	Maize	Cereal	High
Andaman and Nicobar Islands (UT)	Black	25-35 C	Medium	Zaid	Groundnut	Oilseed	High
Andaman and Nicobar Islands (UT)	Black	25-35 C	Low	Rabi	Sorghum (Jowar)	Cereal	High
Andaman and Nicobar Islands (UT)	Black	25-35 C	Low	Kharif	Black Gram (Urad)	Pulse	High
Andaman and Nicobar Islands (UT)	Black	25-35 C	Low	Zaid	Black Gram (Urad)	Pulse	High
Andaman and Nicobar Islands (UT)	Black	35-45 C	High	Rabi	Rice	Cereal	High
Andaman and Nicobar Islands (UT)	Black	35-45 C	High	Kharif	Rice	Cereal	High
Andaman and Nicobar Islands (UT)	Black	35-45 C	High	Zaid	Black Gram (Urad)	Pulse	Medium
Andaman and Nicobar Islands (UT)	Black	35-45 C	Medium	Rabi	Sorghum (Jowar)	Cereal	High
Andaman and Nicobar Islands (UT)	Black	35-45 C	Medium	Kharif	Sorghum (Jowar)	Cereal	High
Andaman and Nicobar Islands (UT)	Black	35-45 C	Medium	Zaid	Black Gram (Urad)	Pulse	Medium
Andaman and Nicobar Islands (UT)	Black	35-45 C	Low	Rabi	Sorghum (Jowar)	Cereal	High
Andaman and Nicobar Islands (UT)	Black	35-45 C	Low	Kharif	Black Gram (Urad)	Pulse	High
Andaman and Nicobar Islands (UT)	Black	35-45 C	Low	Zaid	Black Gram (Urad)	Pulse	High
Andaman and Nicobar Islands (UT)	Red	15-25 C	High	Rabi	Coffee	Plantation	High
Andaman and Nicobar Islands (UT)	Red	15-25 C	High	Kharif	Coffee	Plantation	High
Andaman and Nicobar Islands (UT)	Red	15-25 C	High	Zaid	Coffee	Plantation	High
Andaman and Nicobar Islands (UT)	Red	15-25 C	Medium	Rabi	Tomato	Vegetable	High
Andaman and Nicobar Islands (UT)	Red	15-25 C	Medium	Kharif	Finger Millet (Ragi)	Cereal	Medium
Andaman and Nicobar Islands (UT)	Red	15-25 C	Medium	Zaid	Tomato	Vegetable	High
Andaman and Nicobar Islands (UT)	Red	15-25 C	Low	Rabi	Sorghum (Jowar)	Cereal	Medium
Andaman and Nicobar Islands (UT)	Red	15-25 C	Low	Kharif	Black Gram (Urad)	Pulse	Medium
Andaman and Nicobar Islands (UT)	Red	15-25 C	Low	Zaid	Black Gram (Urad)	Pulse	Medium
Andaman and Nicobar Islands (UT)	Red	25-35 C	High	Rabi	Rice	Cereal	High
Andaman and Nicobar Islands (UT)	Red	25-35 C	High	Kharif	Rice	Cereal	High
Andaman and Nicobar Islands (UT)	Red	25-35 C	High	Zaid	Banana	Fruit	High
Andaman and Nicobar Islands (UT)	Red	25-35 C	Medium	Rabi	Maize	Cereal	High
Andaman and Nicobar Islands (UT)	Red	25-35 C	Medium	Kharif	Finger Millet (Ragi)	Cereal	High
Andaman and Nicobar Islands (UT)	Red	25-35 C	Medium	Zaid	Cucumber	Vegetable	High
Andaman and Nicobar Islands (UT)	Red	25-35 C	Low	Rabi	Sorghum (Jowar)	Cereal	High
Andaman and Nicobar Islands (UT)	Red	25-35 C	Low	Kharif	Black Gram (Urad)	Pulse	High
Andaman and Nicobar Islands (UT)	Red	25-35 C	Low	Zaid	Black Gram (Urad)	Pulse	High
Andaman and Nicobar Islands (UT)	Red	35-45 C	High	Rabi	Rice	Cereal	High
Andaman and Nicobar Islands (UT)	Red	35-45 C	High	Kharif	Rice	Cereal	High
Andaman and Nicobar Islands (UT)	Red	35-45 C	High	Zaid	Black Gram (Urad)	Pulse	Medium
Andaman and Nicobar Islands (UT)	Red	35-45 C	Medium	Rabi	Sorghum (Jowar)	Cereal	High
Andaman and Nicobar Islands (UT)	Red	35-45 C	Medium	Kharif	Sorghum (Jowar)	Cereal	High
Andaman and Nicobar Islands (UT)	Red	35-45 C	Medium	Zaid	Cucumber	Vegetable	High
Andaman and Nicobar Islands (UT)	Red	35-45 C	Low	Rabi	Sorghum (Jowar)	Cereal	High
Andaman and Nicobar Islands (UT)	Red	35-45 C	Low	Kharif	Black Gram (Urad)	Pulse	High
Andaman and Nicobar Islands (UT)	Red	35-45 C	Low	Zaid	Black Gram (Urad)	Pulse	High
Andaman and Nicobar Islands (UT)	Laterite	15-25 C	High	Rabi	Cardamom	Spice	High
Andaman and Nicobar Islands (UT)	Laterite	15-25 C	High	Kharif	Cardamom	Spice	High
Andaman and Nicobar Islands (UT)	Laterite	15-25 C	High	Zaid	Cardamom	Spice	High
Andaman and Nicobar Islands (UT)	Laterite	15-25 C	Medium	Rabi	Cardamom	Spice	Medium
Andaman and Nicobar Islands (UT)	Laterite	15-25 C	Medium	Kharif	Finger Millet (Ragi)	Cereal	Medium
Andaman and Nicobar Islands (UT)	Laterite	15-25 C	Medium	Zaid	Cardamom	Spice	Medium
Andaman and Nicobar Islands (UT)	Laterite	15-25 C	Low	Rabi	Cardamom	Spice	Medium
Andaman and Nicobar Islands (UT)	Laterite	15-25 C	Low	Kharif	Cardamom	Spice	Medium
Andaman and Nicobar Islands (UT)	Laterite	15-25 C	Low	Zaid	Cardamom	Spice	Medium
Andaman and Nicobar Islands (UT)	Laterite	25-35 C	High	Rabi	Coconut	Plantation	High
Andaman and Nicobar Islands (UT)	Laterite	25-35 C	High	Kharif	Coconut	Plantation	High
Andaman and Nicobar Islands (UT)	Laterite	25-35 C	High	Zaid	Coconut	Plantation	High
Andaman and Nicobar Islands (UT)	Laterite	25-35 C	Medium	Rabi	Cashew	Plantation	High
Andaman and Nicobar Islands (UT)	Laterite	25-35 C	Medium	Kharif	Finger Millet (Ragi)	Cereal	High
Andaman and Nicobar Islands (UT)	Laterite	25-35 C	Medium	Zaid	Cashew	Plantation	High
Andaman and Nicobar Islands (UT)	Laterite	25-35 C	Low	Rabi	Coconut	Plantation	High
Andaman and Nicobar Islands (UT)	Laterite	25-35 C	Low	Kharif	Coconut	Plantation	High
Andaman and Nicobar Islands (UT)	Laterite	25-35 C	Low	Zaid	Coconut	Plantation	High
Andaman and Nicobar Islands (UT)	Laterite	35-45 C	High	Rabi	Rice	Cereal	High
Andaman and Nicobar Islands (UT)	Laterite	35-45 C	High	Kharif	Rice	Cereal	High
Andaman and Nicobar Islands (UT)	Laterite	35-45 C	High	Zaid	Coconut	Plantation	High
Andaman and Nicobar Islands (UT)	Laterite	35-45 C	Medium	Rabi	Rice	Cereal	Medium
Andaman and Nicobar Islands (UT)	Laterite	35-45 C	Medium	Kharif	Finger Millet (Ragi)	Cereal	Medium
Andaman and Nicobar Islands (UT)	Laterite	35-45 C	Medium	Zaid	Cashew	Plantation	Medium
Andaman and Nicobar Islands (UT)	Laterite	35-45 C	Low	Rabi	Rice	Cereal	Medium
Andaman and Nicobar Islands (UT)	Laterite	35-45 C	Low	Kharif	Rice	Cereal	Medium
Andaman and Nicobar Islands (UT)	Laterite	35-45 C	Low	Zaid	Coconut	Plantation	Medium
Andaman and Nicobar Islands (UT)	Desert	15-25 C	High	Rabi	Barley	Cereal	Medium
Andaman and Nicobar Islands (UT)	Desert	15-25 C	High	Kharif	Cardamom	Spice	Medium
Andaman and Nicobar Islands (UT)	Desert	15-25 C	High	Zaid	Cardamom	Spice	Medium
Andaman and Nicobar Islands (UT)	Desert	15-25 C	Medium	Rabi	Barley	Cereal	Medium
Andaman and Nicobar Islands (UT)	Desert	15-25 C	Medium	Kharif	Apple	Fruit	Medium
Andaman and Nicobar Islands (UT)	Desert	15-25 C	Medium	Zaid	Muskmelon	Vegetable	Medium
Andaman and Nicobar Islands (UT)	Desert	15-25 C	Low	Rabi	Barley	Cereal	High
Andaman and Nicobar Islands (UT)	Desert	15-25 C	Low	Kharif	Cluster Bean (Guar)	Pulse	Medium
Andaman and Nicobar Islands (UT)	Desert	15-25 C	Low	Zaid	Green Gram (Moong)	Pulse	Medium
Andaman and Nicobar Islands (UT)	Desert	25-35 C	High	Rabi	Coconut	Plantation	High
Andaman and Nicobar Islands (UT)	Desert	25-35 C	High	Kharif	Coconut	Plantation	High
Andaman and Nicobar Islands (UT)	Desert	25-35 C	High	Zaid	Coconut	Plantation	High
Andaman and Nicobar Islands (UT)	Desert	25-35 C	Medium	Rabi	Maize	Cereal	Medium
Andaman and Nicobar Islands (UT)	Desert	25-35 C	Medium	Kharif	Green Gram (Moong)	Pulse	Medium
Andaman and Nicobar Islands (UT)	Desert	25-35 C	Medium	Zaid	Green Gram (Moong)	Pulse	Medium
Andaman and Nicobar Islands (UT)	Desert	25-35 C	Low	Rabi	Barley	Cereal	Medium
Andaman and Nicobar Islands (UT)	Desert	25-35 C	Low	Kharif	Green Gram (Moong)	Pulse	High
Andaman and Nicobar Islands (UT)	Desert	25-35 C	Low	Zaid	Green Gram (Moong)	Pulse	High
Andaman and Nicobar Islands (UT)	Desert	35-45 C	High	Rabi	Rice	Cereal	Medium
Andaman and Nicobar Islands (UT)	Desert	35-45 C	High	Kharif	Cluster Bean (Guar)	Pulse	Medium
Andaman and Nicobar Islands (UT)	Desert	35-45 C	High	Zaid	Green Gram (Moong)	Pulse	Medium
Andaman and Nicobar Islands (UT)	Desert	35-45 C	Medium	Rabi	Sorghum (Jowar)	Cereal	Medium
Andaman and Nicobar Islands (UT)	Desert	35-45 C	Medium	Kharif	Cluster Bean (Guar)	Pulse	Medium
Andaman and Nicobar Islands (UT)	Desert	35-45 C	Medium	Zaid	Muskmelon	Vegetable	High
Andaman and Nicobar Islands (UT)	Desert	35-45 C	Low	Rabi	Barley	Cereal	Medium
Andaman and Nicobar Islands (UT)	Desert	35-45 C	Low	Kharif	Cluster Bean (Guar)	Pulse	High
Andaman and Nicobar Islands (UT)	Desert	35-45 C	Low	Zaid	Green Gram (Moong)	Pulse	High
Andaman and Nicobar Islands (UT)	Forest	15-25 C	High	Rabi	Cardamom	Spice	High
Andaman and Nicobar Islands (UT)	Forest	15-25 C	High	Kharif	Cardamom	Spice	High
Andaman and Nicobar Islands (UT)	Forest	15-25 C	High	Zaid	Cardamom	Spice	High
Andaman and Nicobar Islands (UT)	Forest	15-25 C	Medium	Rabi	Apple	Fruit	High
Andaman and Nicobar Islands (UT)	Forest	15-25 C	Medium	Kharif	Apple	Fruit	High
Andaman and Nicobar Islands (UT)	Forest	15-25 C	Medium	Zaid	Apple	Fruit	High
Andaman and Nicobar Islands (UT)	Forest	15-25 C	Low	Rabi	Apple	Fruit	Medium
Andaman and Nicobar Islands (UT)	Forest	15-25 C	Low	Kharif	Apple	Fruit	Medium
Andaman and Nicobar Islands (UT)	Forest	15-25 C	Low	Zaid	Apple	Fruit	Medium
Andaman and Nicobar Islands (UT)	Forest	25-35 C	High	Rabi	Black Pepper	Spice	High
Andaman and Nicobar Islands (UT)	Forest	25-35 C	High	Kharif	Black Pepper	Spice	High
Andaman and Nicobar Islands (UT)	Forest	25-35 C	High	Zaid	Black Pepper	Spice	High
Andaman and Nicobar Islands (UT)	Forest	25-35 C	Medium	Rabi	Apple	Fruit	Medium
Andaman and Nicobar Islands (UT)	Forest	25-35 C	Medium	Kharif	Apple	Fruit	Medium
Andaman and Nicobar Islands (UT)	Forest	25-35 C	Medium	Zaid	Apple	Fruit	Medium
Andaman and Nicobar Islands (UT)	Forest	25-35 C	Low	Rabi	Black Pepper	Spice	Medium
Andaman and Nicobar Islands (UT)	Forest	25-35 C	Low	Kharif	Black Pepper	Spice	Medium
Andaman and Nicobar Islands (UT)	Forest	25-35 C	Low	Zaid	Black Pepper	Spice	Medium
Andaman and Nicobar Islands (UT)	Forest	35-45 C	High	Rabi	Black Pepper	Spice	Medium
Andaman and Nicobar Islands (UT)	Forest	35-45 C	High	Kharif	Black Pepper	Spice	Medium
Andaman and Nicobar Islands (UT)	Forest	35-45 C	High	Zaid	Black Pepper	Spice	Medium
Andaman and Nicobar Islands (UT)	Forest	35-45 C	Medium	Rabi	Apple	Fruit	Medium
Andaman and Nicobar Islands (UT)	Forest	35-45 C	Medium	Kharif	Apple	Fruit	Medium
Andaman and Nicobar Islands (UT)	Forest	35-45 C	Medium	Zaid	Apple	Fruit	Medium
Andaman and Nicobar Islands (UT)	Forest	35-45 C	Low	Rabi	Sorghum (Jowar)	Cereal	Medium
Andaman and Nicobar Islands (UT)	Forest	35-45 C	Low	Kharif	Black Gram (Urad)	Pulse	Medium
Andaman and Nicobar Islands (UT)	Forest	35-45 C	Low	Zaid	Black Gram (Urad)	Pulse	Medium
Chandigarh (UT)	Alluvial	15-25 C	High	Rabi	Wheat	Cereal	High
Chandigarh (UT)	Alluvial	15-25 C	High	Kharif	Rice	Cereal	Medium
Chandigarh (UT)	Alluvial	15-25 C	High	Zaid	Onion	Vegetable	Medium
Chandigarh (UT)	Alluvial	15-25 C	Medium	Rabi	Wheat	Cereal	High
Chandigarh (UT)	Alluvial	15-25 C	Medium	Kharif	Apple	Fruit	High
Chandigarh (UT)	Alluvial	15-25 C	Medium	Zaid	Onion	Vegetable	High
Chandigarh (UT)	Alluvial	15-25 C	Low	Rabi	Barley	Cereal	High
Chandigarh (UT)	Alluvial	15-25 C	Low	Kharif	Black Gram (Urad)	Pulse	Medium
Chandigarh (UT)	Alluvial	15-25 C	Low	Zaid	Black Gram (Urad)	Pulse	Medium
Chandigarh (UT)	Alluvial	25-35 C	High	Rabi	Rice	Cereal	High
Chandigarh (UT)	Alluvial	25-35 C	High	Kharif	Rice	Cereal	High
Chandigarh (UT)	Alluvial	25-35 C	High	Zaid	Arecanut	Plantation	High
Chandigarh (UT)	Alluvial	25-35 C	Medium	Rabi	Maize	Cereal	High
Chandigarh (UT)	Alluvial	25-35 C	Medium	Kharif	Maize	Cereal	High
Chandigarh (UT)	Alluvial	25-35 C	Medium	Zaid	Cucumber	Vegetable	High
Chandigarh (UT)	Alluvial	25-35 C	Low	Rabi	Barley	Cereal	Medium
Chandigarh (UT)	Alluvial	25-35 C	Low	Kharif	Black Gram (Urad)	Pulse	High
Chandigarh (UT)	Alluvial	25-35 C	Low	Zaid	Black Gram (Urad)	Pulse	High
Chandigarh (UT)	Alluvial	35-45 C	High	Rabi	Rice	Cereal	High
Chandigarh (UT)	Alluvial	35-45 C	High	Kharif	Rice	Cereal	High
Chandigarh (UT)	Alluvial	35-45 C	High	Zaid	Black Gram (Urad)	Pulse	Medium
Chandigarh (UT)	Alluvial	35-45 C	Medium	Rabi	Maize	Cereal	Medium
Chandigarh (UT)	Alluvial	35-45 C	Medium	Kharif	Black Gram (Urad)	Pulse	Medium
Chandigarh (UT)	Alluvial	35-45 C	Medium	Zaid	Cucumber	Vegetable	High
Chandigarh (UT)	Alluvial	35-45 C	Low	Rabi	Barley	Cereal	Medium
Chandigarh (UT)	Alluvial	35-45 C	Low	Kharif	Black Gram (Urad)	Pulse	High
Chandigarh (UT)	Alluvial	35-45 C	Low	Zaid	Black Gram (Urad)	Pulse	High
Chandigarh (UT)	Black	15-25 C	High	Rabi	Wheat	Cereal	High
Chandigarh (UT)	Black	15-25 C	High	Kharif	Rice	Cereal	Medium
Chandigarh (UT)	Black	15-25 C	High	Zaid	Onion	Vegetable	Medium
Chandigarh (UT)	Black	15-25 C	Medium	Rabi	Wheat	Cereal	High
Chandigarh (UT)	Black	15-25 C	Medium	Kharif	Maize	Cereal	Medium
Chandigarh (UT)	Black	15-25 C	Medium	Zaid	Onion	Vegetable	High
Chandigarh (UT)	Black	15-25 C	Low	Rabi	Gram (Chickpea)	Pulse	High
Chandigarh (UT)	Black	15-25 C	Low	Kharif	Black Gram (Urad)	Pulse	Medium
Chandigarh (UT)	Black	15-25 C	Low	Zaid	Black Gram (Urad)	Pulse	Medium
Chandigarh (UT)	Black	25-35 C	High	Rabi	Rice	Cereal	High
Chandigarh (UT)	Black	25-35 C	High	Kharif	Rice	Cereal	High
Chandigarh (UT)	Black	25-35 C	High	Zaid	Black Gram (Urad)	Pulse	Medium
Chandigarh (UT)	Black	25-35 C	Medium	Rabi	Maize	Cereal	High
Chandigarh (UT)	Black	25-35 C	Medium	Kharif	Maize	Cereal	High
Chandigarh (UT)	Black	25-35 C	Medium	Zaid	Groundnut	Oilseed	High
Chandigarh (UT)	Black	25-35 C	Low	Rabi	Sorghum (Jowar)	Cereal	High
Chandigarh (UT)	Black	25-35 C	Low	Kharif	Black Gram (Urad)	Pulse	High
Chandigarh (UT)	Black	25-35 C	Low	Zaid	Black Gram (Urad)	Pulse	High
Chandigarh (UT)	Black	35-45 C	High	Rabi	Rice	Cereal	High
Chandigarh (UT)	Black	35-45 C	High	Kharif	Rice	Cereal	High
Chandigarh (UT)	Black	35-45 C	High	Zaid	Black Gram (Urad)	Pulse	Medium
Chandigarh (UT)	Black	35-45 C	Medium	Rabi	Sorghum (Jowar)	Cereal	High
Chandigarh (UT)	Black	35-45 C	Medium	Kharif	Sorghum (Jowar)	Cereal	High
Chandigarh (UT)	Black	35-45 C	Medium	Zaid	Black Gram (Urad)	Pulse	Medium
Chandigarh (UT)	Black	35-45 C	Low	Rabi	Sorghum (Jowar)	Cereal	High
Chandigarh (UT)	Black	35-45 C	Low	Kharif	Black Gram (Urad)	Pulse	High
Chandigarh (UT)	Black	35-45 C	Low	Zaid	Black Gram (Urad)	Pulse	High
Chandigarh (UT)	Red	15-25 C	High	Rabi	Coffee	Plantation	High
Chandigarh (UT)	Red	15-25 C	High	Kharif	Coffee	Plantation	High
Chandigarh (UT)	Red	15-25 C	High	Zaid	Coffee	Plantation	High
Chandigarh (UT)	Red	15-25 C	Medium	Rabi	Tomato	Vegetable	High
Chandigarh (UT)	Red	15-25 C	Medium	Kharif	Finger Millet (Ragi)	Cereal	Medium
Chandigarh (UT)	Red	15-25 C	Medium	Zaid	Tomato	Vegetable	High
Chandigarh (UT)	Red	15-25 C	Low	Rabi	Sorghum (Jowar)	Cereal	Medium
Chandigarh (UT)	Red	15-25 C	Low	Kharif	Black Gram (Urad)	Pulse	Medium
Chandigarh (UT)	Red	15-25 C	Low	Zaid	Black Gram (Urad)	Pulse	Medium
Chandigarh (UT)	Red	25-35 C	High	Rabi	Rice	Cereal	High
Chandigarh (UT)	Red	25-35 C	High	Kharif	Rice	Cereal	High
Chandigarh (UT)	Red	25-35 C	High	Zaid	Banana	Fruit	High
Chandigarh (UT)	Red	25-35 C	Medium	Rabi	Maize	Cereal	High
Chandigarh (UT)	Red	25-35 C	Medium	Kharif	Finger Millet (Ragi)	Cereal	High
Chandigarh (UT)	Red	25-35 C	Medium	Zaid	Cucumber	Vegetable	High
Chandigarh (UT)	Red	25-35 C	Low	Rabi	Sorghum (Jowar)	Cereal	High
Chandigarh (UT)	Red	25-35 C	Low	Kharif	Black Gram (Urad)	Pulse	High
Chandigarh (UT)	Red	25-35 C	Low	Zaid	Black Gram (Urad)	Pulse	High
Chandigarh (UT)	Red	35-45 C	High	Rabi	Rice	Cereal	High
Chandigarh (UT)	Red	35-45 C	High	Kharif	Rice	Cereal	High
Chandigarh (UT)	Red	35-45 C	High	Zaid	Black Gram (Urad)	Pulse	Medium
Chandigarh (UT)	Red	35-45 C	Medium	Rabi	Sorghum (Jowar)	Cereal	High
Chandigarh (UT)	Red	35-45 C	Medium	Kharif	Sorghum (Jowar)	Cereal	High
Chandigarh (UT)	Red	35-45 C	Medium	Zaid	Cucumber	Vegetable	High
Chandigarh (UT)	Red	35-45 C	Low	Rabi	Sorghum (Jowar)	Cereal	High
Chandigarh (UT)	Red	35-45 C	Low	Kharif	Black Gram (Urad)	Pulse	High
Chandigarh (UT)	Red	35-45 C	Low	Zaid	Black Gram (Urad)	Pulse	High
Chandigarh (UT)	Laterite	15-25 C	High	Rabi	Cardamom	Spice	High
Chandigarh (UT)	Laterite	15-25 C	High	Kharif	Cardamom	Spice	High
Chandigarh (UT)	Laterite	15-25 C	High	Zaid	Cardamom	Spice	High
Chandigarh (UT)	Laterite	15-25 C	Medium	Rabi	Cardamom	Spice	Medium
Chandigarh (UT)	Laterite	15-25 C	Medium	Kharif	Finger Millet (Ragi)	Cereal	Medium
Chandigarh (UT)	Laterite	15-25 C	Medium	Zaid	Cardamom	Spice	Medium
Chandigarh (UT)	Laterite	15-25 C	Low	Rabi	Cardamom	Spice	Medium
Chandigarh (UT)	Laterite	15-25 C	Low	Kharif	Cardamom	Spice	Medium
Chandigarh (UT)	Laterite	15-25 C	Low	Zaid	Cardamom	Spice	Medium
Chandigarh (UT)	Laterite	25-35 C	High	Rabi	Rice	Cereal	High
Chandigarh (UT)	Laterite	25-35 C	High	Kharif	Rice	Cereal	High
Chandigarh (UT)	Laterite	25-35 C	High	Zaid	Arecanut	Plantation	High
Chandigarh (UT)	Laterite	25-35 C	Medium	Rabi	Cashew	Plantation	High
Chandigarh (UT)	Laterite	25-35 C	Medium	Kharif	Finger Millet (Ragi)	Cereal	High
Chandigarh (UT)	Laterite	25-35 C	Medium	Zaid	Cashew	Plantation	High
Chandigarh (UT)	Laterite	25-35 C	Low	Rabi	Rice	Cereal	Medium
Chandigarh (UT)	Laterite	25-35 C	Low	Kharif	Finger Millet (Ragi)	Cereal	Medium
Chandigarh (UT)	Laterite	25-35 C	Low	Zaid	Arecanut	Plantation	Medium
Chandigarh (UT)	Laterite	35-45 C	High	Rabi	Rice	Cereal	High
Chandigarh (UT)	Laterite	35-45 C	High	Kharif	Rice	Cereal	High
Chandigarh (UT)	Laterite	35-45 C	High	Zaid	Arecanut	Plantation	Medium
Chandigarh (UT)	Laterite	35-45 C	Medium	Rabi	Rice	Cereal	Medium
Chandigarh (UT)	Laterite	35-45 C	Medium	Kharif	Finger Millet (Ragi)	Cereal	Medium
Chandigarh (UT)	Laterite	35-45 C	Medium	Zaid	Cashew	Plantation	Medium
Chandigarh (UT)	Laterite	35-45 C	Low	Rabi	Rice	Cereal	Medium
Chandigarh (UT)	Laterite	35-45 C	Low	Kharif	Rice	Cereal	Medium
Chandigarh (UT)	Laterite	35-45 C	Low	Zaid	Black Gram (Urad)	Pulse	Medium
Chandigarh (UT)	Desert	15-25 C	High	Rabi	Barley	Cereal	Medium
Chandigarh (UT)	Desert	15-25 C	High	Kharif	Cardamom	Spice	Medium
Chandigarh (UT)	Desert	15-25 C	High	Zaid	Cardamom	Spice	Medium
Chandigarh (UT)	Desert	15-25 C	Medium	Rabi	Barley	Cereal	Medium
Chandigarh (UT)	Desert	15-25 C	Medium	Kharif	Apple	Fruit	Medium
Chandigarh (UT)	Desert	15-25 C	Medium	Zaid	Muskmelon	Vegetable	Medium
Chandigarh (UT)	Desert	15-25 C	Low	Rabi	Barley	Cereal	High
Chandigarh (UT)	Desert	15-25 C	Low	Kharif	Cluster Bean (Guar)	Pulse	Medium
Chandigarh (UT)	Desert	15-25 C	Low	Zaid	Green Gram (Moong)	Pulse	Medium
Chandigarh (UT)	Desert	25-35 C	High	Rabi	Rice	Cereal	Medium
Chandigarh (UT)	Desert	25-35 C	High	Kharif	Green Gram (Moong)	Pulse	Medium
Chandigarh (UT)	Desert	25-35 C	High	Zaid	Green Gram (Moong)	Pulse	Medium
Chandigarh (UT)	Desert	25-35 C	Medium	Rabi	Maize	Cereal	Medium
Chandigarh (UT)	Desert	25-35 C	Medium	Kharif	Green Gram (Moong)	Pulse	Medium
Chandigarh (UT)	Desert	25-35 C	Medium	Zaid	Green Gram (Moong)	Pulse	Medium
Chandigarh (UT)	Desert	25-35 C	Low	Rabi	Barley	Cereal	Medium
Chandigarh (UT)	Desert	25-35 C	Low	Kharif	Green Gram (Moong)	Pulse	High
Chandigarh (UT)	Desert	25-35 C	Low	Zaid	Green Gram (Moong)	Pulse	High
Chandigarh (UT)	Desert	35-45 C	High	Rabi	Rice	Cereal	Medium
Chandigarh (UT)	Desert	35-45 C	High	Kharif	Cluster Bean (Guar)	Pulse	Medium
Chandigarh (UT)	Desert	35-45 C	High	Zaid	Green Gram (Moong)	Pulse	Medium
Chandigarh (UT)	Desert	35-45 C	Medium	Rabi	Sorghum (Jowar)	Cereal	Medium
Chandigarh (UT)	Desert	35-45 C	Medium	Kharif	Cluster Bean (Guar)	Pulse	Medium
Chandigarh (UT)	Desert	35-45 C	Medium	Zaid	Muskmelon	Vegetable	High
Chandigarh (UT)	Desert	35-45 C	Low	Rabi	Barley	Cereal	Medium
Chandigarh (UT)	Desert	35-45 C	Low	Kharif	Cluster Bean (Guar)	Pulse	High
Chandigarh (UT)	Desert	35-45 C	Low	Zaid	Green Gram (Moong)	Pulse	High
Chandigarh (UT)	Forest	15-25 C	High	Rabi	Cardamom	Spice	High
Chandigarh (UT)	Forest	15-25 C	High	Kharif	Cardamom	Spice	High
Chandigarh (UT)	Forest	15-25 C	High	Zaid	Cardamom	Spice	High
Chandigarh (UT)	Forest	15-25 C	Medium	Rabi	Apple	Fruit	High
Chandigarh (UT)	Forest	15-25 C	Medium	Kharif	Apple	Fruit	High
Chandigarh (UT)	Forest	15-25 C	Medium	Zaid	Apple	Fruit	High
Chandigarh (UT)	Forest	15-25 C	Low	Rabi	Apple	Fruit	Medium
Chandigarh (UT)	Forest	15-25 C	Low	Kharif	Apple	Fruit	Medium
Chandigarh (UT)	Forest	15-25 C	Low	Zaid	Apple	Fruit	Medium
Chandigarh (UT)	Forest	25-35 C	High	Rabi	Black Pepper	Spice	High
Chandigarh (UT)	Forest	25-35 C	High	Kharif	Black Pepper	Spice	High
Chandigarh (UT)	Forest	25-35 C	High	Zaid	Black Pepper	Spice	High
Chandigarh (UT)	Forest	25-35 C	Medium	Rabi	Apple	Fruit	Medium
Chandigarh (UT)	Forest	25-35 C	Medium	Kharif	Apple	Fruit	Medium
Chandigarh (UT)	Forest	25-35 C	Medium	Zaid	Apple	Fruit	Medium
Chandigarh (UT)	Forest	25-35 C	Low	Rabi	Black Pepper	Spice	Medium
Chandigarh (UT)	Forest	25-35 C	Low	Kharif	Black Pepper	Spice	Medium
Chandigarh (UT)	Forest	25-35 C	Low	Zaid	Black Pepper	Spice	Medium
Chandigarh (UT)	Forest	35-45 C	High	Rabi	Black Pepper	Spice	Medium
Chandigarh (UT)	Forest	35-45 C	High	Kharif	Black Pepper	Spice	Medium
Chandigarh (UT)	Forest	35-45 C	High	Zaid	Black Pepper	Spice	Medium
Chandigarh (UT)	Forest	35-45 C	Medium	Rabi	Apple	Fruit	Medium
Chandigarh (UT)	Forest	35-45 C	Medium	Kharif	Apple	Fruit	Medium
Chandigarh (UT)	Forest	35-45 C	Medium	Zaid	Apple	Fruit	Medium
Chandigarh (UT)	Forest	35-45 C	Low	Rabi	Sorghum (Jowar)	Cereal	Medium
Chandigarh (UT)	Forest	35-45 C	Low	Kharif	Black Gram (Urad)	Pulse	Medium
Chandigarh (UT)	Forest	35-45 C	Low	Zaid	Black Gram (Urad)	Pulse	Medium
Dadra and Nagar Haveli and Daman and Diu (UT)	Alluvial	15-25 C	High	Rabi	Wheat	Cereal	High
Dadra and Nagar Haveli and Daman and Diu (UT)	Alluvial	15-25 C	High	Kharif	Rice	Cereal	Medium
Dadra and Nagar Haveli and Daman and Diu (UT)	Alluvial	15-25 C	High	Zaid	Onion	Vegetable	Medium
Dadra and Nagar Haveli and Daman and Diu (UT)	Alluvial	15-25 C	Medium	Rabi	Wheat	Cereal	High
Dadra and Nagar Haveli and Daman and Diu (UT)	Alluvial	15-25 C	Medium	Kharif	Apple	Fruit	High
Dadra and Nagar Haveli and Daman and Diu (UT)	Alluvial	15-25 C	Medium	Zaid	Onion	Vegetable	High
Dadra and Nagar Haveli and Daman and Diu (UT)	Alluvial	15-25 C	Low	Rabi	Barley	Cereal	High
Dadra and Nagar Haveli and Daman and Diu (UT)	Alluvial	15-25 C	Low	Kharif	Black Gram (Urad)	Pulse	Medium
Dadra and Nagar Haveli and Daman and Diu (UT)	Alluvial	15-25 C	Low	Zaid	Black Gram (Urad)	Pulse	Medium
Dadra and Nagar Haveli and Daman and Diu (UT)	Alluvial	25-35 C	High	Rabi	Rice	Cereal	High
Dadra and Nagar Haveli and Daman and Diu (UT)	Alluvial	25-35 C	High	Kharif	Rice	Cereal	High
Dadra and Nagar Haveli and Daman and Diu (UT)	Alluvial	25-35 C	High	Zaid	Arecanut	Plantation	High
Dadra and Nagar Haveli and Daman and Diu (UT)	Alluvial	25-35 C	Medium	Rabi	Maize	Cereal	High
Dadra and Nagar Haveli and Daman and Diu (UT)	Alluvial	25-35 C	Medium	Kharif	Maize	Cereal	High
Dadra and Nagar Haveli and Daman and Diu (UT)	Alluvial	25-35 C	Medium	Zaid	Cucumber	Vegetable	High
Dadra and Nagar Haveli and Daman and Diu (UT)	Alluvial	25-35 C	Low	Rabi	Barley	Cereal	Medium
Dadra and Nagar Haveli and Daman and Diu (UT)	Alluvial	25-35 C	Low	Kharif	Black Gram (Urad)	Pulse	High
Dadra and Nagar Haveli and Daman and Diu (UT)	Alluvial	25-35 C	Low	Zaid	Black Gram (Urad)	Pulse	High
Dadra and Nagar Haveli and Daman and Diu (UT)	Alluvial	35-45 C	High	Rabi	Rice	Cereal	High
Dadra and Nagar Haveli and Daman and Diu (UT)	Alluvial	35-45 C	High	Kharif	Rice	Cereal	High
Dadra and Nagar Haveli and Daman and Diu (UT)	Alluvial	35-45 C	High	Zaid	Black Gram (Urad)	Pulse	Medium
Dadra and Nagar Haveli and Daman and Diu (UT)	Alluvial	35-45 C	Medium	Rabi	Maize	Cereal	Medium
Dadra and Nagar Haveli and Daman and Diu (UT)	Alluvial	35-45 C	Medium	Kharif	Black Gram (Urad)	Pulse	Medium
Dadra and Nagar Haveli and Daman and Diu (UT)	Alluvial	35-45 C	Medium	Zaid	Cucumber	Vegetable	High
Dadra and Nagar Haveli and Daman and Diu (UT)	Alluvial	35-45 C	Low	Rabi	Barley	Cereal	Medium
Dadra and Nagar Haveli and Daman and Diu (UT)	Alluvial	35-45 C	Low	Kharif	Black Gram (Urad)	Pulse	High
Dadra and Nagar Haveli and Daman and Diu (UT)	Alluvial	35-45 C	Low	Zaid	Black Gram (Urad)	Pulse	High
Dadra and Nagar Haveli and Daman and Diu (UT)	Black	15-25 C	High	Rabi	Wheat	Cereal	High
Dadra and Nagar Haveli and Daman and Diu (UT)	Black	15-25 C	High	Kharif	Rice	Cereal	Medium
Dadra and Nagar Haveli and Daman and Diu (UT)	Black	15-25 C	High	Zaid	Onion	Vegetable	Medium
Dadra and Nagar Haveli and Daman and Diu (UT)	Black	15-25 C	Medium	Rabi	Wheat	Cereal	High
Dadra and Nagar Haveli and Daman and Diu (UT)	Black	15-25 C	Medium	Kharif	Maize	Cereal	Medium
Dadra and Nagar Haveli and Daman and Diu (UT)	Black	15-25 C	Medium	Zaid	Onion	Vegetable	High
Dadra and Nagar Haveli and Daman and Diu (UT)	Black	15-25 C	Low	Rabi	Gram (Chickpea)	Pulse	High
Dadra and Nagar Haveli and Daman and Diu (UT)	Black	15-25 C	Low	Kharif	Black Gram (Urad)	Pulse	Medium
Dadra and Nagar Haveli and Daman and Diu (UT)	Black	15-25 C	Low	Zaid	Black Gram (Urad)	Pulse	Medium
Dadra and Nagar Haveli and Daman and Diu (UT)	Black	25-35 C	High	Rabi	Rice	Cereal	High
Dadra and Nagar Haveli and Daman and Diu (UT)	Black	25-35 C	High	Kharif	Rice	Cereal	High
Dadra and Nagar Haveli and Daman and Diu (UT)	Black	25-35 C	High	Zaid	Black Gram (Urad)	Pulse	Medium
Dadra and Nagar Haveli and Daman and Diu (UT)	Black	25-35 C	Medium	Rabi	Maize	Cereal	High
Dadra and Nagar Haveli and Daman and Diu (UT)	Black	25-35 C	Medium	Kharif	Maize	Cereal	High
Dadra and Nagar Haveli and Daman and Diu (UT)	Black	25-35 C	Medium	Zaid	Groundnut	Oilseed	High
Dadra and Nagar Haveli and Daman and Diu (UT)	Black	25-35 C	Low	Rabi	Sorghum (Jowar)	Cereal	High
Dadra and Nagar Haveli and Daman and Diu (UT)	Black	25-35 C	Low	Kharif	Black Gram (Urad)	Pulse	High
Dadra and Nagar Haveli and Daman and Diu (UT)	Black	25-35 C	Low	Zaid	Black Gram (Urad)	Pulse	High
Dadra and Nagar Haveli and Daman and Diu (UT)	Black	35-45 C	High	Rabi	Rice	Cereal	High
Dadra and Nagar Haveli and Daman and Diu (UT)	Black	35-45 C	High	Kharif	Rice	Cereal	High
Dadra and Nagar Haveli and Daman and Diu (UT)	Black	35-45 C	High	Zaid	Black Gram (Urad)	Pulse	Medium
Dadra and Nagar Haveli and Daman and Diu (UT)	Black	35-45 C	Medium	Rabi	Sorghum (Jowar)	Cereal	High
Dadra and Nagar Haveli and Daman and Diu (UT)	Black	35-45 C	Medium	Kharif	Sorghum (Jowar)	Cereal	High
Dadra and Nagar Haveli and Daman and Diu (UT)	Black	35-45 C	Medium	Zaid	Black Gram (Urad)	Pulse	Medium
Dadra and Nagar Haveli and Daman and Diu (UT)	Black	35-45 C	Low	Rabi	Sorghum (Jowar)	Cereal	High
Dadra and Nagar Haveli and Daman and Diu (UT)	Black	35-45 C	Low	Kharif	Black Gram (Urad)	Pulse	High
Dadra and Nagar Haveli and Daman and Diu (UT)	Black	35-45 C	Low	Zaid	Black Gram (Urad)	Pulse	High
Dadra and Nagar Haveli and Daman and Diu (UT)	Red	15-25 C	High	Rabi	Coffee	Plantation	High
Dadra and Nagar Haveli and Daman and Diu (UT)	Red	15-25 C	High	Kharif	Coffee	Plantation	High
Dadra and Nagar Haveli and Daman and Diu (UT)	Red	15-25 C	High	Zaid	Coffee	Plantation	High
Dadra and Nagar Haveli and Daman and Diu (UT)	Red	15-25 C	Medium	Rabi	Tomato	Vegetable	High
Dadra and Nagar Haveli and Daman and Diu (UT)	Red	15-25 C	Medium	Kharif	Finger Millet (Ragi)	Cereal	Medium
Dadra and Nagar Haveli and Daman and Diu (UT)	Red	15-25 C	Medium	Zaid	Tomato	Vegetable	High
Dadra and Nagar Haveli and Daman and Diu (UT)	Red	15-25 C	Low	Rabi	Sorghum (Jowar)	Cereal	Medium
Dadra and Nagar Haveli and Daman and Diu (UT)	Red	15-25 C	Low	Kharif	Black Gram (Urad)	Pulse	Medium
Dadra and Nagar Haveli and Daman and Diu (UT)	Red	15-25 C	Low	Zaid	Black Gram (Urad)	Pulse	Medium
Dadra and Nagar Haveli and Daman and Diu (UT)	Red	25-35 C	High	Rabi	Rice	Cereal	High
Dadra and Nagar Haveli and Daman and Diu (UT)	Red	25-35 C	High	Kharif	Rice	Cereal	High
Dadra and Nagar Haveli and Daman and Diu (UT)	Red	25-35 C	High	Zaid	Banana	Fruit	High
Dadra and Nagar Haveli and Daman and Diu (UT)	Red	25-35 C	Medium	Rabi	Maize	Cereal	High
Dadra and Nagar Haveli and Daman and Diu (UT)	Red	25-35 C	Medium	Kharif	Finger Millet (Ragi)	Cereal	High
Dadra and Nagar Haveli and Daman and Diu (UT)	Red	25-35 C	Medium	Zaid	Cucumber	Vegetable	High
Dadra and Nagar Haveli and Daman and Diu (UT)	Red	25-35 C	Low	Rabi	Sorghum (Jowar)	Cereal	High
Dadra and Nagar Haveli and Daman and Diu (UT)	Red	25-35 C	Low	Kharif	Black Gram (Urad)	Pulse	High
Dadra and Nagar Haveli and Daman and Diu (UT)	Red	25-35 C	Low	Zaid	Black Gram (Urad)	Pulse	High
Dadra and Nagar Haveli and Daman and Diu (UT)	Red	35-45 C	High	Rabi	Rice	Cereal	High
Dadra and Nagar Haveli and Daman and Diu (UT)	Red	35-45 C	High	Kharif	Rice	Cereal	High
Dadra and Nagar Haveli and Daman and Diu (UT)	Red	35-45 C	High	Zaid	Black Gram (Urad)	Pulse	Medium
Dadra and Nagar Haveli and Daman and Diu (UT)	Red	35-45 C	Medium	Rabi	Sorghum (Jowar)	Cereal	High
Dadra and Nagar Haveli and Daman and Diu (UT)	Red	35-45 C	Medium	Kharif	Sorghum (Jowar)	Cereal	High
Dadra and Nagar Haveli and Daman and Diu (UT)	Red	35-45 C	Medium	Zaid	Cucumber	Vegetable	High
Dadra and Nagar Haveli and Daman and Diu (UT)	Red	35-45 C	Low	Rabi	Sorghum (Jowar)	Cereal	High
Dadra and Nagar Haveli and Daman and Diu (UT)	Red	35-45 C	Low	Kharif	Black Gram (Urad)	Pulse	High
Dadra and Nagar Haveli and Daman and Diu (UT)	Red	35-45 C	Low	Zaid	Black Gram (Urad)	Pulse	High
Dadra and Nagar Haveli and Daman and Diu (UT)	Laterite	15-25 C	High	Rabi	Cardamom	Spice	High
Dadra and Nagar Haveli and Daman and Diu (UT)	Laterite	15-25 C	High	Kharif	Cardamom	Spice	High
Dadra and Nagar Haveli and Daman and Diu (UT)	Laterite	15-25 C	High	Zaid	Cardamom	Spice	High
Dadra and Nagar Haveli and Daman and Diu (UT)	Laterite	15-25 C	Medium	Rabi	Cardamom	Spice	Medium
Dadra and Nagar Haveli and Daman and Diu (UT)	Laterite	15-25 C	Medium	Kharif	Finger Millet (Ragi)	Cereal	Medium
Dadra and Nagar Haveli and Daman and Diu (UT)	Laterite	15-25 C	Medium	Zaid	Cardamom	Spice	Medium
Dadra and Nagar Haveli and Daman and Diu (UT)	Laterite	15-25 C	Low	Rabi	Cardamom	Spice	Medium
Dadra and Nagar Haveli and Daman and Diu (UT)	Laterite	15-25 C	Low	Kharif	Cardamom	Spice	Medium
Dadra and Nagar Haveli and Daman and Diu (UT)	Laterite	15-25 C	Low	Zaid	Cardamom	Spice	Medium
Dadra and Nagar Haveli and Daman and Diu (UT)	Laterite	25-35 C	High	Rabi	Rice	Cereal	High
Dadra and Nagar Haveli and Daman and Diu (UT)	Laterite	25-35 C	High	Kharif	Rice	Cereal	High
Dadra and Nagar Haveli and Daman and Diu (UT)	Laterite	25-35 C	High	Zaid	Arecanut	Plantation	High
Dadra and Nagar Haveli and Daman and Diu (UT)	Laterite	25-35 C	Medium	Rabi	Cashew	Plantation	High
Dadra and Nagar Haveli and Daman and Diu (UT)	Laterite	25-35 C	Medium	Kharif	Finger Millet (Ragi)	Cereal	High
Dadra and Nagar Haveli and Daman and Diu (UT)	Laterite	25-35 C	Medium	Zaid	Cashew	Plantation	High
Dadra and Nagar Haveli and Daman and Diu (UT)	Laterite	25-35 C	Low	Rabi	Rice	Cereal	Medium
Dadra and Nagar Haveli and Daman and Diu (UT)	Laterite	25-35 C	Low	Kharif	Finger Millet (Ragi)	Cereal	Medium
Dadra and Nagar Haveli and Daman and Diu (UT)	Laterite	25-35 C	Low	Zaid	Arecanut	Plantation	Medium
Dadra and Nagar Haveli and Daman and Diu (UT)	Laterite	35-45 C	High	Rabi	Rice	Cereal	High
Dadra and Nagar Haveli and Daman and Diu (UT)	Laterite	35-45 C	High	Kharif	Rice	Cereal	High
Dadra and Nagar Haveli and Daman and Diu (UT)	Laterite	35-45 C	High	Zaid	Arecanut	Plantation	Medium
Dadra and Nagar Haveli and Daman and Diu (UT)	Laterite	35-45 C	Medium	Rabi	Rice	Cereal	Medium
Dadra and Nagar Haveli and Daman and Diu (UT)	Laterite	35-45 C	Medium	Kharif	Finger Millet (Ragi)	Cereal	Medium
Dadra and Nagar Haveli and Daman and Diu (UT)	Laterite	35-45 C	Medium	Zaid	Cashew	Plantation	Medium
Dadra and Nagar Haveli and Daman and Diu (UT)	Laterite	35-45 C	Low	Rabi	Rice	Cereal	Medium
Dadra and Nagar Haveli and Daman and Diu (UT)	Laterite	35-45 C	Low	Kharif	Rice	Cereal	Medium
Dadra and Nagar Haveli and Daman and Diu (UT)	Laterite	35-45 C	Low	Zaid	Black Gram (Urad)	Pulse	Medium
Dadra and Nagar Haveli and Daman and Diu (UT)	Desert	15-25 C	High	Rabi	Barley	Cereal	Medium
Dadra and Nagar Haveli and Daman and Diu (UT)	Desert	15-25 C	High	Kharif	Cardamom	Spice	Medium
Dadra and Nagar Haveli and Daman and Diu (UT)	Desert	15-25 C	High	Zaid	Cardamom	Spice	Medium
Dadra and Nagar Haveli and Daman and Diu (UT)	Desert	15-25 C	Medium	Rabi	Barley	Cereal	Medium
Dadra and Nagar Haveli and Daman and Diu (UT)	Desert	15-25 C	Medium	Kharif	Apple	Fruit	Medium
Dadra and Nagar Haveli and Daman and Diu (UT)	Desert	15-25 C	Medium	Zaid	Muskmelon	Vegetable	Medium
Dadra and Nagar Haveli and Daman and Diu (UT)	Desert	15-25 C	Low	Rabi	Barley	Cereal	High
Dadra and Nagar Haveli and Daman and Diu (UT)	Desert	15-25 C	Low	Kharif	Cluster Bean (Guar)	Pulse	Medium
Dadra and Nagar Haveli and Daman and Diu (UT)	Desert	15-25 C	Low	Zaid	Green Gram (Moong)	Pulse	Medium
Dadra and Nagar Haveli and Daman and Diu (UT)	Desert	25-35 C	High	Rabi	Rice	Cereal	Medium
Dadra and Nagar Haveli and Daman and Diu (UT)	Desert	25-35 C	High	Kharif	Green Gram (Moong)	Pulse	Medium
Dadra and Nagar Haveli and Daman and Diu (UT)	Desert	25-35 C	High	Zaid	Green Gram (Moong)	Pulse	Medium
Dadra and Nagar Haveli and Daman and Diu (UT)	Desert	25-35 C	Medium	Rabi	Maize	Cereal	Medium
Dadra and Nagar Haveli and Daman and Diu (UT)	Desert	25-35 C	Medium	Kharif	Green Gram (Moong)	Pulse	Medium
Dadra and Nagar Haveli and Daman and Diu (UT)	Desert	25-35 C	Medium	Zaid	Green Gram (Moong)	Pulse	Medium
Dadra and Nagar Haveli and Daman and Diu (UT)	Desert	25-35 C	Low	Rabi	Barley	Cereal	Medium
Dadra and Nagar Haveli and Daman and Diu (UT)	Desert	25-35 C	Low	Kharif	Green Gram (Moong)	Pulse	High
Dadra and Nagar Haveli and Daman and Diu (UT)	Desert	25-35 C	Low	Zaid	Green Gram (Moong)	Pulse	High
Dadra and Nagar Haveli and Daman and Diu (UT)	Desert	35-45 C	High	Rabi	Rice	Cereal	Medium
Dadra and Nagar Haveli and Daman and Diu (UT)	Desert	35-45 C	High	Kharif	Cluster Bean (Guar)	Pulse	Medium
Dadra and Nagar Haveli and Daman and Diu (UT)	Desert	35-45 C	High	Zaid	Green Gram (Moong)	Pulse	Medium
Dadra and Nagar Haveli and Daman and Diu (UT)	Desert	35-45 C	Medium	Rabi	Sorghum (Jowar)	Cereal	Medium
Dadra and Nagar Haveli and Daman and Diu (UT)	Desert	35-45 C	Medium	Kharif	Cluster Bean (Guar)	Pulse	Medium
Dadra and Nagar Haveli and Daman and Diu (UT)	Desert	35-45 C	Medium	Zaid	Muskmelon	Vegetable	High
Dadra and Nagar Haveli and Daman and Diu (UT)	Desert	35-45 C	Low	Rabi	Barley	Cereal	Medium
Dadra and Nagar Haveli and Daman and Diu (UT)	Desert	35-45 C	Low	Kharif	Cluster Bean (Guar)	Pulse	High
Dadra and Nagar Haveli and Daman and Diu (UT)	Desert	35-45 C	Low	Zaid	Green Gram (Moong)	Pulse	High
Dadra and Nagar Haveli and Daman and Diu (UT)	Forest	15-25 C	High	Rabi	Cardamom	Spice	High
Dadra and Nagar Haveli and Daman and Diu (UT)	Forest	15-25 C	High	Kharif	Cardamom	Spice	High
Dadra and Nagar Haveli and Daman and Diu (UT)	Forest	15-25 C	High	Zaid	Cardamom	Spice	High
Dadra and Nagar Haveli and Daman and Diu (UT)	Forest	15-25 C	Medium	Rabi	Apple	Fruit	High
Dadra and Nagar Haveli and Daman and Diu (UT)	Forest	15-25 C	Medium	Kharif	Apple	Fruit	High
Dadra and Nagar Haveli and Daman and Diu (UT)	Forest	15-25 C	Medium	Zaid	Apple	Fruit	High
Dadra and Nagar Haveli and Daman and Diu (UT)	Forest	15-25 C	Low	Rabi	Apple	Fruit	Medium
Dadra and Nagar Haveli and Daman and Diu (UT)	Forest	15-25 C	Low	Kharif	Apple	Fruit	Medium
Dadra and Nagar Haveli and Daman and Diu (UT)	Forest	15-25 C	Low	Zaid	Apple	Fruit	Medium
Dadra and Nagar Haveli and Daman and Diu (UT)	Forest	25-35 C	High	Rabi	Black Pepper	Spice	High
Dadra and Nagar Haveli and Daman and Diu (UT)	Forest	25-35 C	High	Kharif	Black Pepper	Spice	High
Dadra and Nagar Haveli and Daman and Diu (UT)	Forest	25-35 C	High	Zaid	Black Pepper	Spice	High
Dadra and Nagar Haveli and Daman and Diu (UT)	Forest	25-35 C	Medium	Rabi	Apple	Fruit	Medium
Dadra and Nagar Haveli and Daman and Diu (UT)	Forest	25-35 C	Medium	Kharif	Apple	Fruit	Medium
Dadra and Nagar Haveli and Daman and Diu (UT)	Forest	25-35 C	Medium	Zaid	Apple	Fruit	Medium
Dadra and Nagar Haveli and Daman and Diu (UT)	Forest	25-35 C	Low	Rabi	Black Pepper	Spice	Medium
Dadra and Nagar Haveli and Daman and Diu (UT)	Forest	25-35 C	Low	Kharif	Black Pepper	Spice	Medium
Dadra and Nagar Haveli and Daman and Diu (UT)	Forest	25-35 C	Low	Zaid	Black Pepper	Spice	Medium
Dadra and Nagar Haveli and Daman and Diu (UT)	Forest	35-45 C	High	Rabi	Black Pepper	Spice	Medium
Dadra and Nagar Haveli and Daman and Diu (UT)	Forest	35-45 C	High	Kharif	Black Pepper	Spice	Medium
Dadra and Nagar Haveli and Daman and Diu (UT)	Forest	35-45 C	High	Zaid	Black Pepper	Spice	Medium
Dadra and Nagar Haveli and Daman and Diu (UT)	Forest	35-45 C	Medium	Rabi	Apple	Fruit	Medium
Dadra and Nagar Haveli and Daman and Diu (UT)	Forest	35-45 C	Medium	Kharif	Apple	Fruit	Medium
Dadra and Nagar Haveli and Daman and Diu (UT)	Forest	35-45 C	Medium	Zaid	Apple	Fruit	Medium
Dadra and Nagar Haveli and Daman and Diu (UT)	Forest	35-45 C	Low	Rabi	Sorghum (Jowar)	Cereal	Medium
Dadra and Nagar Haveli and Daman and Diu (UT)	Forest	35-45 C	Low	Kharif	Black Gram (Urad)	Pulse	Medium
Dadra and Nagar Haveli and Daman and Diu (UT)	Forest	35-45 C	Low	Zaid	Black Gram (Urad)	Pulse	Medium
Delhi (UT)	Alluvial	15-25 C	High	Rabi	Wheat	Cereal	High
Delhi (UT)	Alluvial	15-25 C	High	Kharif	Rice	Cereal	Medium
Delhi (UT)	Alluvial	15-25 C	High	Zaid	Onion	Vegetable	Medium
Delhi (UT)	Alluvial	15-25 C	Medium	Rabi	Wheat	Cereal	High
Delhi (UT)	Alluvial	15-25 C	Medium	Kharif	Apple	Fruit	High
Delhi (UT)	Alluvial	15-25 C	Medium	Zaid	Onion	Vegetable	High
Delhi (UT)	Alluvial	15-25 C	Low	Rabi	Barley	Cereal	High
Delhi (UT)	Alluvial	15-25 C	Low	Kharif	Black Gram (Urad)	Pulse	Medium
Delhi (UT)	Alluvial	15-25 C	Low	Zaid	Black Gram (Urad)	Pulse	Medium
Delhi (UT)	Alluvial	25-35 C	High	Rabi	Rice	Cereal	High
Delhi (UT)	Alluvial	25-35 C	High	Kharif	Rice	Cereal	High
Delhi (UT)	Alluvial	25-35 C	High	Zaid	Arecanut	Plantation	High
Delhi (UT)	Alluvial	25-35 C	Medium	Rabi	Maize	Cereal	High
Delhi (UT)	Alluvial	25-35 C	Medium	Kharif	Maize	Cereal	High
Delhi (UT)	Alluvial	25-35 C	Medium	Zaid	Cucumber	Vegetable	High
Delhi (UT)	Alluvial	25-35 C	Low	Rabi	Barley	Cereal	Medium
Delhi (UT)	Alluvial	25-35 C	Low	Kharif	Black Gram (Urad)	Pulse	High
Delhi (UT)	Alluvial	25-35 C	Low	Zaid	Black Gram (Urad)	Pulse	High
Delhi (UT)	Alluvial	35-45 C	High	Rabi	Rice	Cereal	High
Delhi (UT)	Alluvial	35-45 C	High	Kharif	Rice	Cereal	High
Delhi (UT)	Alluvial	35-45 C	High	Zaid	Black Gram (Urad)	Pulse	Medium
Delhi (UT)	Alluvial	35-45 C	Medium	Rabi	Maize	Cereal	Medium
Delhi (UT)	Alluvial	35-45 C	Medium	Kharif	Black Gram (Urad)	Pulse	Medium
Delhi (UT)	Alluvial	35-45 C	Medium	Zaid	Cucumber	Vegetable	High
Delhi (UT)	Alluvial	35-45 C	Low	Rabi	Barley	Cereal	Medium
Delhi (UT)	Alluvial	35-45 C	Low	Kharif	Black Gram (Urad)	Pulse	High
Delhi (UT)	Alluvial	35-45 C	Low	Zaid	Black Gram (Urad)	Pulse	High
Delhi (UT)	Black	15-25 C	High	Rabi	Wheat	Cereal	High
Delhi (UT)	Black	15-25 C	High	Kharif	Rice	Cereal	Medium
Delhi (UT)	Black	15-25 C	High	Zaid	Onion	Vegetable	Medium
Delhi (UT)	Black	15-25 C	Medium	Rabi	Wheat	Cereal	High
Delhi (UT)	Black	15-25 C	Medium	Kharif	Maize	Cereal	Medium
Delhi (UT)	Black	15-25 C	Medium	Zaid	Onion	Vegetable	High
Delhi (UT)	Black	15-25 C	Low	Rabi	Gram (Chickpea)	Pulse	High
Delhi (UT)	Black	15-25 C	Low	Kharif	Black Gram (Urad)	Pulse	Medium
Delhi (UT)	Black	15-25 C	Low	Zaid	Black Gram (Urad)	Pulse	Medium
Delhi (UT)	Black	25-35 C	High	Rabi	Rice	Cereal	High
Delhi (UT)	Black	25-35 C	High	Kharif	Rice	Cereal	High
Delhi (UT)	Black	25-35 C	High	Zaid	Black Gram (Urad)	Pulse	Medium
Delhi (UT)	Black	25-35 C	Medium	Rabi	Maize	Cereal	High
Delhi (UT)	Black	25-35 C	Medium	Kharif	Maize	Cereal	High
Delhi (UT)	Black	25-35 C	Medium	Zaid	Groundnut	Oilseed	High
Delhi (UT)	Black	25-35 C	Low	Rabi	Sorghum (Jowar)	Cereal	High
Delhi (UT)	Black	25-35 C	Low	Kharif	Black Gram (Urad)	Pulse	High
Delhi (UT)	Black	25-35 C	Low	Zaid	Black Gram (Urad)	Pulse	High
Delhi (UT)	Black	35-45 C	High	Rabi	Rice	Cereal	High
Delhi (UT)	Black	35-45 C	High	Kharif	Rice	Cereal	High
Delhi (UT)	Black	35-45 C	High	Zaid	Black Gram (Urad)	Pulse	Medium
Delhi (UT)	Black	35-45 C	Medium	Rabi	Sorghum (Jowar)	Cereal	High
Delhi (UT)	Black	35-45 C	Medium	Kharif	Sorghum (Jowar)	Cereal	High
Delhi (UT)	Black	35-45 C	Medium	Zaid	Black Gram (Urad)	Pulse	Medium
Delhi (UT)	Black	35-45 C	Low	Rabi	Sorghum (Jowar)	Cereal	High
Delhi (UT)	Black	35-45 C	Low	Kharif	Black Gram (Urad)	Pulse	High
Delhi (UT)	Black	35-45 C	Low	Zaid	Black Gram (Urad)	Pulse	High
Delhi (UT)	Red	15-25 C	High	Rabi	Coffee	Plantation	High
Delhi (UT)	Red	15-25 C	High	Kharif	Coffee	Plantation	High
Delhi (UT)	Red	15-25 C	High	Zaid	Coffee	Plantation	High
Delhi (UT)	Red	15-25 C	Medium	Rabi	Tomato	Vegetable	High
Delhi (UT)	Red	15-25 C	Medium	Kharif	Finger Millet (Ragi)	Cereal	Medium
Delhi (UT)	Red	15-25 C	Medium	Zaid	Tomato	Vegetable	High
Delhi (UT)	Red	15-25 C	Low	Rabi	Sorghum (Jowar)	Cereal	Medium
Delhi (UT)	Red	15-25 C	Low	Kharif	Black Gram (Urad)	Pulse	Medium
Delhi (UT)	Red	15-25 C	Low	Zaid	Black Gram (Urad)	Pulse	Medium
Delhi (UT)	Red	25-35 C	High	Rabi	Rice	Cereal	High
Delhi (UT)	Red	25-35 C	High	Kharif	Rice	Cereal	High
Delhi (UT)	Red	25-35 C	High	Zaid	Banana	Fruit	High
Delhi (UT)	Red	25-35 C	Medium	Rabi	Maize	Cereal	High
Delhi (UT)	Red	25-35 C	Medium	Kharif	Finger Millet (Ragi)	Cereal	High
Delhi (UT)	Red	25-35 C	Medium	Zaid	Cucumber	Vegetable	High
Delhi (UT)	Red	25-35 C	Low	Rabi	Sorghum (Jowar)	Cereal	High
Delhi (UT)	Red	25-35 C	Low	Kharif	Black Gram (Urad)	Pulse	High
Delhi (UT)	Red	25-35 C	Low	Zaid	Black Gram (Urad)	Pulse	High
Delhi (UT)	Red	35-45 C	High	Rabi	Rice	Cereal	High
Delhi (UT)	Red	35-45 C	High	Kharif	Rice	Cereal	High
Delhi (UT)	Red	35-45 C	High	Zaid	Black Gram (Urad)	Pulse	Medium
Delhi (UT)	Red	35-45 C	Medium	Rabi	Sorghum (Jowar)	Cereal	High
Delhi (UT)	Red	35-45 C	Medium	Kharif	Sorghum (Jowar)	Cereal	High
Delhi (UT)	Red	35-45 C	Medium	Zaid	Cucumber	Vegetable	High
Delhi (UT)	Red	35-45 C	Low	Rabi	Sorghum (Jowar)	Cereal	High
Delhi (UT)	Red	35-45 C	Low	Kharif	Black Gram (Urad)	Pulse	High
Delhi (UT)	Red	35-45 C	Low	Zaid	Black Gram (Urad)	Pulse	High
Delhi (UT)	Laterite	15-25 C	High	Rabi	Cardamom	Spice	High
Delhi (UT)	Laterite	15-25 C	High	Kharif	Cardamom	Spice	High
Delhi (UT)	Laterite	15-25 C	High	Zaid	Cardamom	Spice	High
Delhi (UT)	Laterite	15-25 C	Medium	Rabi	Cardamom	Spice	Medium
Delhi (UT)	Laterite	15-25 C	Medium	Kharif	Finger Millet (Ragi)	Cereal	Medium
Delhi (UT)	Laterite	15-25 C	Medium	Zaid	Cardamom	Spice	Medium
Delhi (UT)	Laterite	15-25 C	Low	Rabi	Cardamom	Spice	Medium
Delhi (UT)	Laterite	15-25 C	Low	Kharif	Cardamom	Spice	Medium
Delhi (UT)	Laterite	15-25 C	Low	Zaid	Cardamom	Spice	Medium
Delhi (UT)	Laterite	25-35 C	High	Rabi	Rice	Cereal	High
Delhi (UT)	Laterite	25-35 C	High	Kharif	Rice	Cereal	High
Delhi (UT)	Laterite	25-35 C	High	Zaid	Arecanut	Plantation	High
Delhi (UT)	Laterite	25-35 C	Medium	Rabi	Cashew	Plantation	High
Delhi (UT)	Laterite	25-35 C	Medium	Kharif	Finger Millet (Ragi)	Cereal	High
Delhi (UT)	Laterite	25-35 C	Medium	Zaid	Cashew	Plantation	High
Delhi (UT)	Laterite	25-35 C	Low	Rabi	Rice	Cereal	Medium
Delhi (UT)	Laterite	25-35 C	Low	Kharif	Finger Millet (Ragi)	Cereal	Medium
Delhi (UT)	Laterite	25-35 C	Low	Zaid	Arecanut	Plantation	Medium
Delhi (UT)	Laterite	35-45 C	High	Rabi	Rice	Cereal	High
Delhi (UT)	Laterite	35-45 C	High	Kharif	Rice	Cereal	High
Delhi (UT)	Laterite	35-45 C	High	Zaid	Arecanut	Plantation	Medium
Delhi (UT)	Laterite	35-45 C	Medium	Rabi	Rice	Cereal	Medium
Delhi (UT)	Laterite	35-45 C	Medium	Kharif	Finger Millet (Ragi)	Cereal	Medium
Delhi (UT)	Laterite	35-45 C	Medium	Zaid	Cashew	Plantation	Medium
Delhi (UT)	Laterite	35-45 C	Low	Rabi	Rice	Cereal	Medium
Delhi (UT)	Laterite	35-45 C	Low	Kharif	Rice	Cereal	Medium
Delhi (UT)	Laterite	35-45 C	Low	Zaid	Black Gram (Urad)	Pulse	Medium
Delhi (UT)	Desert	15-25 C	High	Rabi	Barley	Cereal	Medium
Delhi (UT)	Desert	15-25 C	High	Kharif	Cardamom	Spice	Medium
Delhi (UT)	Desert	15-25 C	High	Zaid	Cardamom	Spice	Medium
Delhi (UT)	Desert	15-25 C	Medium	Rabi	Barley	Cereal	Medium
Delhi (UT)	Desert	15-25 C	Medium	Kharif	Apple	Fruit	Medium
Delhi (UT)	Desert	15-25 C	Medium	Zaid	Muskmelon	Vegetable	Medium
Delhi (UT)	Desert	15-25 C	Low	Rabi	Barley	Cereal	High
Delhi (UT)	Desert	15-25 C	Low	Kharif	Cluster Bean (Guar)	Pulse	Medium
Delhi (UT)	Desert	15-25 C	Low	Zaid	Green Gram (Moong)	Pulse	Medium
Delhi (UT)	Desert	25-35 C	High	Rabi	Rice	Cereal	Medium
Delhi (UT)	Desert	25-35 C	High	Kharif	Green Gram (Moong)	Pulse	Medium
Delhi (UT)	Desert	25-35 C	High	Zaid	Green Gram (Moong)	Pulse	Medium
Delhi (UT)	Desert	25-35 C	Medium	Rabi	Maize	Cereal	Medium
Delhi (UT)	Desert	25-35 C	Medium	Kharif	Green Gram (Moong)	Pulse	Medium
Delhi (UT)	Desert	25-35 C	Medium	Zaid	Green Gram (Moong)	Pulse	Medium
Delhi (UT)	Desert	25-35 C	Low	Rabi	Barley	Cereal	Medium
Delhi (UT)	Desert	25-35 C	Low	Kharif	Green Gram (Moong)	Pulse	High
Delhi (UT)	Desert	25-35 C	Low	Zaid	Green Gram (Moong)	Pulse	High
Delhi (UT)	Desert	35-45 C	High	Rabi	Rice	Cereal	Medium
Delhi (UT)	Desert	35-45 C	High	Kharif	Cluster Bean (Guar)	Pulse	Medium
Delhi (UT)	Desert	35-45 C	High	Zaid	Green Gram (Moong)	Pulse	Medium
Delhi (UT)	Desert	35-45 C	Medium	Rabi	Sorghum (Jowar)	Cereal	Medium
Delhi (UT)	Desert	35-45 C	Medium	Kharif	Cluster Bean (Guar)	Pulse	Medium
Delhi (UT)	Desert	35-45 C	Medium	Zaid	Muskmelon	Vegetable	High
Delhi (UT)	Desert	35-45 C	Low	Rabi	Barley	Cereal	Medium
Delhi (UT)	Desert	35-45 C	Low	Kharif	Cluster Bean (Guar)	Pulse	High
Delhi (UT)	Desert	35-45 C	Low	Zaid	Green Gram (Moong)	Pulse	High
Delhi (UT)	Forest	15-25 C	High	Rabi	Cardamom	Spice	High
Delhi (UT)	Forest	15-25 C	High	Kharif	Cardamom	Spice	High
Delhi (UT)	Forest	15-25 C	High	Zaid	Cardamom	Spice	High
Delhi (UT)	Forest	15-25 C	Medium	Rabi	Apple	Fruit	High
Delhi (UT)	Forest	15-25 C	Medium	Kharif	Apple	Fruit	High
Delhi (UT)	Forest	15-25 C	Medium	Zaid	Apple	Fruit	High
Delhi (UT)	Forest	15-25 C	Low	Rabi	Apple	Fruit	Medium
Delhi (UT)	Forest	15-25 C	Low	Kharif	Apple	Fruit	Medium
Delhi (UT)	Forest	15-25 C	Low	Zaid	Apple	Fruit	Medium
Delhi (UT)	Forest	25-35 C	High	Rabi	Black Pepper	Spice	High
Delhi (UT)	Forest	25-35 C	High	Kharif	Black Pepper	Spice	High
Delhi (UT)	Forest	25-35 C	High	Zaid	Black Pepper	Spice	High
Delhi (UT)	Forest	25-35 C	Medium	Rabi	Apple	Fruit	Medium
Delhi (UT)	Forest	25-35 C	Medium	Kharif	Apple	Fruit	Medium
Delhi (UT)	Forest	25-35 C	Medium	Zaid	Apple	Fruit	Medium
Delhi (UT)	Forest	25-35 C	Low	Rabi	Black Pepper	Spice	Medium
Delhi (UT)	Forest	25-35 C	Low	Kharif	Black Pepper	Spice	Medium
Delhi (UT)	Forest	25-35 C	Low	Zaid	Black Pepper	Spice	Medium
Delhi (UT)	Forest	35-45 C	High	Rabi	Black Pepper	Spice	Medium
Delhi (UT)	Forest	35-45 C	High	Kharif	Black Pepper	Spice	Medium
Delhi (UT)	Forest	35-45 C	High	Zaid	Black Pepper	Spice	Medium
Delhi (UT)	Forest	35-45 C	Medium	Rabi	Apple	Fruit	Medium
Delhi (UT)	Forest	35-45 C	Medium	Kharif	Apple	Fruit	Medium
Delhi (UT)	Forest	35-45 C	Medium	Zaid	Apple	Fruit	Medium
Delhi (UT)	Forest	35-45 C	Low	Rabi	Sorghum (Jowar)	Cereal	Medium
Delhi (UT)	Forest	35-45 C	Low	Kharif	Black Gram (Urad)	Pulse	Medium
Delhi (UT)	Forest	35-45 C	Low	Zaid	Black Gram (Urad)	Pulse	Medium
Jammu and Kashmir (UT)	Alluvial	15-25 C	High	Rabi	Wheat	Cereal	High
Jammu and Kashmir (UT)	Alluvial	15-25 C	High	Kharif	Apple	Fruit	High
Jammu and Kashmir (UT)	Alluvial	15-25 C	High	Zaid	Apple	Fruit	High
Jammu and Kashmir (UT)	Alluvial	15-25 C	Medium	Rabi	Apple	Fruit	High
Jammu and Kashmir (UT)	Alluvial	15-25 C	Medium	Kharif	Apple	Fruit	High
Jammu and Kashmir (UT)	Alluvial	15-25 C	Medium	Zaid	Apple	Fruit	High
Jammu and Kashmir (UT)	Alluvial	15-25 C	Low	Rabi	Barley	Cereal	High
Jammu and Kashmir (UT)	Alluvial	15-25 C	Low	Kharif	Apple	Fruit	High
Jammu and Kashmir (UT)	Alluvial	15-25 C	Low	Zaid	Apple	Fruit	High
Jammu and Kashmir (UT)	Alluvial	25-35 C	High	Rabi	Rice	Cereal	High
Jammu and Kashmir (UT)	Alluvial	25-35 C	High	Kharif	Rice	Cereal	High
Jammu and Kashmir (UT)	Alluvial	25-35 C	High	Zaid	Arecanut	Plantation	High
Jammu and Kashmir (UT)	Alluvial	25-35 C	Medium	Rabi	Maize	Cereal	High
Jammu and Kashmir (UT)	Alluvial	25-35 C	Medium	Kharif	Maize	Cereal	High
Jammu and Kashmir (UT)	Alluvial	25-35 C	Medium	Zaid	Cucumber	Vegetable	High
Jammu and Kashmir (UT)	Alluvial	25-35 C	Low	Rabi	Barley	Cereal	Medium
Jammu and Kashmir (UT)	Alluvial	25-35 C	Low	Kharif	Black Gram (Urad)	Pulse	High
Jammu and Kashmir (UT)	Alluvial	25-35 C	Low	Zaid	Black Gram (Urad)	Pulse	High
Jammu and Kashmir (UT)	Alluvial	35-45 C	High	Rabi	Rice	Cereal	High
Jammu and Kashmir (UT)	Alluvial	35-45 C	High	Kharif	Rice	Cereal	High
Jammu and Kashmir (UT)	Alluvial	35-45 C	High	Zaid	Black Gram (Urad)	Pulse	Medium
Jammu and Kashmir (UT)	Alluvial	35-45 C	Medium	Rabi	Apple	Fruit	High
Jammu and Kashmir (UT)	Alluvial	35-45 C	Medium	Kharif	Apple	Fruit	High
Jammu and Kashmir (UT)	Alluvial	35-45 C	Medium	Zaid	Cucumber	Vegetable	High
Jammu and Kashmir (UT)	Alluvial	35-45 C	Low	Rabi	Barley	Cereal	Medium
Jammu and Kashmir (UT)	Alluvial	35-45 C	Low	Kharif	Black Gram (Urad)	Pulse	High
Jammu and Kashmir (UT)	Alluvial	35-45 C	Low	Zaid	Black Gram (Urad)	Pulse	High
Jammu and Kashmir (UT)	Black	15-25 C	High	Rabi	Wheat	Cereal	High
Jammu and Kashmir (UT)	Black	15-25 C	High	Kharif	Rice	Cereal	Medium
Jammu and Kashmir (UT)	Black	15-25 C	High	Zaid	Onion	Vegetable	Medium
Jammu and Kashmir (UT)	Black	15-25 C	Medium	Rabi	Wheat	Cereal	High
Jammu and Kashmir (UT)	Black	15-25 C	Medium	Kharif	Apple	Fruit	High
Jammu and Kashmir (UT)	Black	15-25 C	Medium	Zaid	Onion	Vegetable	High
Jammu and Kashmir (UT)	Black	15-25 C	Low	Rabi	Gram (Chickpea)	Pulse	High
Jammu and Kashmir (UT)	Black	15-25 C	Low	Kharif	Black Gram (Urad)	Pulse	Medium
Jammu and Kashmir (UT)	Black	15-25 C	Low	Zaid	Black Gram (Urad)	Pulse	Medium
Jammu and Kashmir (UT)	Black	25-35 C	High	Rabi	Rice	Cereal	High
Jammu and Kashmir (UT)	Black	25-35 C	High	Kharif	Rice	Cereal	High
Jammu and Kashmir (UT)	Black	25-35 C	High	Zaid	Black Gram (Urad)	Pulse	Medium
Jammu and Kashmir (UT)	Black	25-35 C	Medium	Rabi	Maize	Cereal	High
Jammu and Kashmir (UT)	Black	25-35 C	Medium	Kharif	Maize	Cereal	High
Jammu and Kashmir (UT)	Black	25-35 C	Medium	Zaid	Groundnut	Oilseed	High
Jammu and Kashmir (UT)	Black	25-35 C	Low	Rabi	Sorghum (Jowar)	Cereal	High
Jammu and Kashmir (UT)	Black	25-35 C	Low	Kharif	Black Gram (Urad)	Pulse	High
Jammu and Kashmir (UT)	Black	25-35 C	Low	Zaid	Black Gram (Urad)	Pulse	High
Jammu and Kashmir (UT)	Black	35-45 C	High	Rabi	Rice	Cereal	High
Jammu and Kashmir (UT)	Black	35-45 C	High	Kharif	Rice	Cereal	High
Jammu and Kashmir (UT)	Black	35-45 C	High	Zaid	Black Gram (Urad)	Pulse	Medium
Jammu and Kashmir (UT)	Black	35-45 C	Medium	Rabi	Sorghum (Jowar)	Cereal	High
Jammu and Kashmir (UT)	Black	35-45 C	Medium	Kharif	Sorghum (Jowar)	Cereal	High
Jammu and Kashmir (UT)	Black	35-45 C	Medium	Zaid	Black Gram (Urad)	Pulse	Medium
Jammu and Kashmir (UT)	Black	35-45 C	Low	Rabi	Sorghum (Jowar)	Cereal	High
Jammu and Kashmir (UT)	Black	35-45 C	Low	Kharif	Black Gram (Urad)	Pulse	High
Jammu and Kashmir (UT)	Black	35-45 C	Low	Zaid	Black Gram (Urad)	Pulse	High
Jammu and Kashmir (UT)	Red	15-25 C	High	Rabi	Coffee	Plantation	High
Jammu and Kashmir (UT)	Red	15-25 C	High	Kharif	Coffee	Plantation	High
Jammu and Kashmir (UT)	Red	15-25 C	High	Zaid	Coffee	Plantation	High
Jammu and Kashmir (UT)	Red	15-25 C	Medium	Rabi	Tomato	Vegetable	High
Jammu and Kashmir (UT)	Red	15-25 C	Medium	Kharif	Apple	Fruit	High
Jammu and Kashmir (UT)	Red	15-25 C	Medium	Zaid	Tomato	Vegetable	High
Jammu and Kashmir (UT)	Red	15-25 C	Low	Rabi	Sorghum (Jowar)	Cereal	Medium
Jammu and Kashmir (UT)	Red	15-25 C	Low	Kharif	Black Gram (Urad)	Pulse	Medium
Jammu and Kashmir (UT)	Red	15-25 C	Low	Zaid	Black Gram (Urad)	Pulse	Medium
Jammu and Kashmir (UT)	Red	25-35 C	High	Rabi	Rice	Cereal	High
Jammu and Kashmir (UT)	Red	25-35 C	High	Kharif	Rice	Cereal	High
Jammu and Kashmir (UT)	Red	25-35 C	High	Zaid	Banana	Fruit	High
Jammu and Kashmir (UT)	Red	25-35 C	Medium	Rabi	Maize	Cereal	High
Jammu and Kashmir (UT)	Red	25-35 C	Medium	Kharif	Finger Millet (Ragi)	Cereal	High
Jammu and Kashmir (UT)	Red	25-35 C	Medium	Zaid	Cucumber	Vegetable	High
Jammu and Kashmir (UT)	Red	25-35 C	Low	Rabi	Sorghum (Jowar)	Cereal	High
Jammu and Kashmir (UT)	Red	25-35 C	Low	Kharif	Black Gram (Urad)	Pulse	High
Jammu and Kashmir (UT)	Red	25-35 C	Low	Zaid	Black Gram (Urad)	Pulse	High
Jammu and Kashmir (UT)	Red	35-45 C	High	Rabi	Rice	Cereal	High
Jammu and Kashmir (UT)	Red	35-45 C	High	Kharif	Rice	Cereal	High
Jammu and Kashmir (UT)	Red	35-45 C	High	Zaid	Black Gram (Urad)	Pulse	Medium
Jammu and Kashmir (UT)	Red	35-45 C	Medium	Rabi	Sorghum (Jowar)	Cereal	High
Jammu and Kashmir (UT)	Red	35-45 C	Medium	Kharif	Sorghum (Jowar)	Cereal	High
Jammu and Kashmir (UT)	Red	35-45 C	Medium	Zaid	Cucumber	Vegetable	High
Jammu and Kashmir (UT)	Red	35-45 C	Low	Rabi	Sorghum (Jowar)	Cereal	High
Jammu and Kashmir (UT)	Red	35-45 C	Low	Kharif	Black Gram (Urad)	Pulse	High
Jammu and Kashmir (UT)	Red	35-45 C	Low	Zaid	Black Gram (Urad)	Pulse	High
Jammu and Kashmir (UT)	Laterite	15-25 C	High	Rabi	Cardamom	Spice	High
Jammu and Kashmir (UT)	Laterite	15-25 C	High	Kharif	Cardamom	Spice	High
Jammu and Kashmir (UT)	Laterite	15-25 C	High	Zaid	Cardamom	Spice	High
Jammu and Kashmir (UT)	Laterite	15-25 C	Medium	Rabi	Apple	Fruit	High
Jammu and Kashmir (UT)	Laterite	15-25 C	Medium	Kharif	Apple	Fruit	High
Jammu and Kashmir (UT)	Laterite	15-25 C	Medium	Zaid	Apple	Fruit	High
Jammu and Kashmir (UT)	Laterite	15-25 C	Low	Rabi	Cardamom	Spice	Medium
Jammu and Kashmir (UT)	Laterite	15-25 C	Low	Kharif	Cardamom	Spice	Medium
Jammu and Kashmir (UT)	Laterite	15-25 C	Low	Zaid	Cardamom	Spice	Medium
Jammu and Kashmir (UT)	Laterite	25-35 C	High	Rabi	Rice	Cereal	High
Jammu and Kashmir (UT)	Laterite	25-35 C	High	Kharif	Rice	Cereal	High
Jammu and Kashmir (UT)	Laterite	25-35 C	High	Zaid	Arecanut	Plantation	High
Jammu and Kashmir (UT)	Laterite	25-35 C	Medium	Rabi	Cashew	Plantation	High
Jammu and Kashmir (UT)	Laterite	25-35 C	Medium	Kharif	Finger Millet (Ragi)	Cereal	High
Jammu and Kashmir (UT)	Laterite	25-35 C	Medium	Zaid	Cashew	Plantation	High
Jammu and Kashmir (UT)	Laterite	25-35 C	Low	Rabi	Rice	Cereal	Medium
Jammu and Kashmir (UT)	Laterite	25-35 C	Low	Kharif	Finger Millet (Ragi)	Cereal	Medium
Jammu and Kashmir (UT)	Laterite	25-35 C	Low	Zaid	Arecanut	Plantation	Medium
Jammu and Kashmir (UT)	Laterite	35-45 C	High	Rabi	Rice	Cereal	High
Jammu and Kashmir (UT)	Laterite	35-45 C	High	Kharif	Rice	Cereal	High
Jammu and Kashmir (UT)	Laterite	35-45 C	High	Zaid	Arecanut	Plantation	Medium
Jammu and Kashmir (UT)	Laterite	35-45 C	Medium	Rabi	Rice	Cereal	Medium
Jammu and Kashmir (UT)	Laterite	35-45 C	Medium	Kharif	Finger Millet (Ragi)	Cereal	Medium
Jammu and Kashmir (UT)	Laterite	35-45 C	Medium	Zaid	Cashew	Plantation	Medium
Jammu and Kashmir (UT)	Laterite	35-45 C	Low	Rabi	Rice	Cereal	Medium
Jammu and Kashmir (UT)	Laterite	35-45 C	Low	Kharif	Rice	Cereal	Medium
Jammu and Kashmir (UT)	Laterite	35-45 C	Low	Zaid	Black Gram (Urad)	Pulse	Medium
Jammu and Kashmir (UT)	Desert	15-25 C	High	Rabi	Barley	Cereal	Medium
Jammu and Kashmir (UT)	Desert	15-25 C	High	Kharif	Apple	Fruit	Medium
Jammu and Kashmir (UT)	Desert	15-25 C	High	Zaid	Apple	Fruit	Medium
Jammu and Kashmir (UT)	Desert	15-25 C	Medium	Rabi	Apple	Fruit	High
Jammu and Kashmir (UT)	Desert	15-25 C	Medium	Kharif	Apple	Fruit	High
Jammu and Kashmir (UT)	Desert	15-25 C	Medium	Zaid	Apple	Fruit	High
Jammu and Kashmir (UT)	Desert	15-25 C	Low	Rabi	Barley	Cereal	High
Jammu and Kashmir (UT)	Desert	15-25 C	Low	Kharif	Cluster Bean (Guar)	Pulse	Medium
Jammu and Kashmir (UT)	Desert	15-25 C	Low	Zaid	Green Gram (Moong)	Pulse	Medium
Jammu and Kashmir (UT)	Desert	25-35 C	High	Rabi	Rice	Cereal	Medium
Jammu and Kashmir (UT)	Desert	25-35 C	High	Kharif	Green Gram (Moong)	Pulse	Medium
Jammu and Kashmir (UT)	Desert	25-35 C	High	Zaid	Green Gram (Moong)	Pulse	Medium
Jammu and Kashmir (UT)	Desert	25-35 C	Medium	Rabi	Maize	Cereal	Medium
Jammu and Kashmir (UT)	Desert	25-35 C	Medium	Kharif	Green Gram (Moong)	Pulse	Medium
Jammu and Kashmir (UT)	Desert	25-35 C	Medium	Zaid	Green Gram (Moong)	Pulse	Medium
Jammu and Kashmir (UT)	Desert	25-35 C	Low	Rabi	Barley	Cereal	Medium
Jammu and Kashmir (UT)	Desert	25-35 C	Low	Kharif	Green Gram (Moong)	Pulse	High
Jammu and Kashmir (UT)	Desert	25-35 C	Low	Zaid	Green Gram (Moong)	Pulse	High
Jammu and Kashmir (UT)	Desert	35-45 C	High	Rabi	Rice	Cereal	Medium
Jammu and Kashmir (UT)	Desert	35-45 C	High	Kharif	Cluster Bean (Guar)	Pulse	Medium
Jammu and Kashmir (UT)	Desert	35-45 C	High	Zaid	Green Gram (Moong)	Pulse	Medium
Jammu and Kashmir (UT)	Desert	35-45 C	Medium	Rabi	Sorghum (Jowar)	Cereal	Medium
Jammu and Kashmir (UT)	Desert	35-45 C	Medium	Kharif	Cluster Bean (Guar)	Pulse	Medium
Jammu and Kashmir (UT)	Desert	35-45 C	Medium	Zaid	Muskmelon	Vegetable	High
Jammu and Kashmir (UT)	Desert	35-45 C	Low	Rabi	Barley	Cereal	Medium
Jammu and Kashmir (UT)	Desert	35-45 C	Low	Kharif	Cluster Bean (Guar)	Pulse	High
Jammu and Kashmir (UT)	Desert	35-45 C	Low	Zaid	Green Gram (Moong)	Pulse	High
Jammu and Kashmir (UT)	Forest	15-25 C	High	Rabi	Apple	Fruit	High
Jammu and Kashmir (UT)	Forest	15-25 C	High	Kharif	Apple	Fruit	High
Jammu and Kashmir (UT)	Forest	15-25 C	High	Zaid	Apple	Fruit	High
Jammu and Kashmir (UT)	Forest	15-25 C	Medium	Rabi	Apple	Fruit	High
Jammu and Kashmir (UT)	Forest	15-25 C	Medium	Kharif	Apple	Fruit	High
Jammu and Kashmir (UT)	Forest	15-25 C	Medium	Zaid	Apple	Fruit	High
Jammu and Kashmir (UT)	Forest	15-25 C	Low	Rabi	Apple	Fruit	High
Jammu and Kashmir (UT)	Forest	15-25 C	Low	Kharif	Apple	Fruit	High
Jammu and Kashmir (UT)	Forest	15-25 C	Low	Zaid	Apple	Fruit	High
Jammu and Kashmir (UT)	Forest	25-35 C	High	Rabi	Black Pepper	Spice	High
Jammu and Kashmir (UT)	Forest	25-35 C	High	Kharif	Black Pepper	Spice	High
Jammu and Kashmir (UT)	Forest	25-35 C	High	Zaid	Black Pepper	Spice	High
Jammu and Kashmir (UT)	Forest	25-35 C	Medium	Rabi	Apple	Fruit	High
Jammu and Kashmir (UT)	Forest	25-35 C	Medium	Kharif	Apple	Fruit	High
Jammu and Kashmir (UT)	Forest	25-35 C	Medium	Zaid	Apple	Fruit	High
Jammu and Kashmir (UT)	Forest	25-35 C	Low	Rabi	Apple	Fruit	Medium
Jammu and Kashmir (UT)	Forest	25-35 C	Low	Kharif	Apple	Fruit	Medium
Jammu and Kashmir (UT)	Forest	25-35 C	Low	Zaid	Apple	Fruit	Medium
Jammu and Kashmir (UT)	Forest	35-45 C	High	Rabi	Apple	Fruit	Medium
Jammu and Kashmir (UT)	Forest	35-45 C	High	Kharif	Apple	Fruit	Medium
Jammu and Kashmir (UT)	Forest	35-45 C	High	Zaid	Apple	Fruit	Medium
Jammu and Kashmir (UT)	Forest	35-45 C	Medium	Rabi	Apple	Fruit	High
Jammu and Kashmir (UT)	Forest	35-45 C	Medium	Kharif	Apple	Fruit	High
Jammu and Kashmir (UT)	Forest	35-45 C	Medium	Zaid	Apple	Fruit	High
Jammu and Kashmir (UT)	Forest	35-45 C	Low	Rabi	Apple	Fruit	Medium
Jammu and Kashmir (UT)	Forest	35-45 C	Low	Kharif	Apple	Fruit	Medium
Jammu and Kashmir (UT)	Forest	35-45 C	Low	Zaid	Apple	Fruit	Medium
Ladakh (UT)	Alluvial	15-25 C	High	Rabi	Barley	Cereal	High
Ladakh (UT)	Alluvial	15-25 C	High	Kharif	Apple	Fruit	High
Ladakh (UT)	Alluvial	15-25 C	High	Zaid	Apple	Fruit	High
Ladakh (UT)	Alluvial	15-25 C	Medium	Rabi	Apple	Fruit	High
Ladakh (UT)	Alluvial	15-25 C	Medium	Kharif	Apple	Fruit	High
Ladakh (UT)	Alluvial	15-25 C	Medium	Zaid	Apple	Fruit	High
Ladakh (UT)	Alluvial	15-25 C	Low	Rabi	Barley	Cereal	High
Ladakh (UT)	Alluvial	15-25 C	Low	Kharif	Apple	Fruit	High
Ladakh (UT)	Alluvial	15-25 C	Low	Zaid	Apple	Fruit	High
Ladakh (UT)	Alluvial	25-35 C	High	Rabi	Rice	Cereal	High
Ladakh (UT)	Alluvial	25-35 C	High	Kharif	Rice	Cereal	High
Ladakh (UT)	Alluvial	25-35 C	High	Zaid	Arecanut	Plantation	High
Ladakh (UT)	Alluvial	25-35 C	Medium	Rabi	Maize	Cereal	High
Ladakh (UT)	Alluvial	25-35 C	Medium	Kharif	Maize	Cereal	High
Ladakh (UT)	Alluvial	25-35 C	Medium	Zaid	Cucumber	Vegetable	High
Ladakh (UT)	Alluvial	25-35 C	Low	Rabi	Barley	Cereal	High
Ladakh (UT)	Alluvial	25-35 C	Low	Kharif	Black Gram (Urad)	Pulse	High
Ladakh (UT)	Alluvial	25-35 C	Low	Zaid	Black Gram (Urad)	Pulse	High
Ladakh (UT)	Alluvial	35-45 C	High	Rabi	Rice	Cereal	High
Ladakh (UT)	Alluvial	35-45 C	High	Kharif	Rice	Cereal	High
Ladakh (UT)	Alluvial	35-45 C	High	Zaid	Black Gram (Urad)	Pulse	Medium
Ladakh (UT)	Alluvial	35-45 C	Medium	Rabi	Apple	Fruit	High
Ladakh (UT)	Alluvial	35-45 C	Medium	Kharif	Apple	Fruit	High
Ladakh (UT)	Alluvial	35-45 C	Medium	Zaid	Cucumber	Vegetable	High
Ladakh (UT)	Alluvial	35-45 C	Low	Rabi	Barley	Cereal	High
Ladakh (UT)	Alluvial	35-45 C	Low	Kharif	Black Gram (Urad)	Pulse	High
Ladakh (UT)	Alluvial	35-45 C	Low	Zaid	Black Gram (Urad)	Pulse	High
Ladakh (UT)	Black	15-25 C	High	Rabi	Wheat	Cereal	High
Ladakh (UT)	Black	15-25 C	High	Kharif	Rice	Cereal	Medium
Ladakh (UT)	Black	15-25 C	High	Zaid	Onion	Vegetable	Medium
Ladakh (UT)	Black	15-25 C	Medium	Rabi	Wheat	Cereal	High
Ladakh (UT)	Black	15-25 C	Medium	Kharif	Apple	Fruit	High
Ladakh (UT)	Black	15-25 C	Medium	Zaid	Onion	Vegetable	High
Ladakh (UT)	Black	15-25 C	Low	Rabi	Gram (Chickpea)	Pulse	High
Ladakh (UT)	Black	15-25 C	Low	Kharif	Black Gram (Urad)	Pulse	Medium
Ladakh (UT)	Black	15-25 C	Low	Zaid	Black Gram (Urad)	Pulse	Medium
Ladakh (UT)	Black	25-35 C	High	Rabi	Rice	Cereal	High
Ladakh (UT)	Black	25-35 C	High	Kharif	Rice	Cereal	High
Ladakh (UT)	Black	25-35 C	High	Zaid	Black Gram (Urad)	Pulse	Medium
Ladakh (UT)	Black	25-35 C	Medium	Rabi	Maize	Cereal	High
Ladakh (UT)	Black	25-35 C	Medium	Kharif	Maize	Cereal	High
Ladakh (UT)	Black	25-35 C	Medium	Zaid	Groundnut	Oilseed	High
Ladakh (UT)	Black	25-35 C	Low	Rabi	Sorghum (Jowar)	Cereal	High
Ladakh (UT)	Black	25-35 C	Low	Kharif	Black Gram (Urad)	Pulse	High
Ladakh (UT)	Black	25-35 C	Low	Zaid	Black Gram (Urad)	Pulse	High
Ladakh (UT)	Black	35-45 C	High	Rabi	Rice	Cereal	High
Ladakh (UT)	Black	35-45 C	High	Kharif	Rice	Cereal	High
Ladakh (UT)	Black	35-45 C	High	Zaid	Black Gram (Urad)	Pulse	Medium
Ladakh (UT)	Black	35-45 C	Medium	Rabi	Sorghum (Jowar)	Cereal	High
Ladakh (UT)	Black	35-45 C	Medium	Kharif	Sorghum (Jowar)	Cereal	High
Ladakh (UT)	Black	35-45 C	Medium	Zaid	Black Gram (Urad)	Pulse	Medium
Ladakh (UT)	Black	35-45 C	Low	Rabi	Sorghum (Jowar)	Cereal	High
Ladakh (UT)	Black	35-45 C	Low	Kharif	Black Gram (Urad)	Pulse	High
Ladakh (UT)	Black	35-45 C	Low	Zaid	Black Gram (Urad)	Pulse	High
Ladakh (UT)	Red	15-25 C	High	Rabi	Coffee	Plantation	High
Ladakh (UT)	Red	15-25 C	High	Kharif	Coffee	Plantation	High
Ladakh (UT)	Red	15-25 C	High	Zaid	Coffee	Plantation	High
Ladakh (UT)	Red	15-25 C	Medium	Rabi	Tomato	Vegetable	High
Ladakh (UT)	Red	15-25 C	Medium	Kharif	Apple	Fruit	High
Ladakh (UT)	Red	15-25 C	Medium	Zaid	Tomato	Vegetable	High
Ladakh (UT)	Red	15-25 C	Low	Rabi	Barley	Cereal	High
Ladakh (UT)	Red	15-25 C	Low	Kharif	Black Gram (Urad)	Pulse	Medium
Ladakh (UT)	Red	15-25 C	Low	Zaid	Black Gram (Urad)	Pulse	Medium
Ladakh (UT)	Red	25-35 C	High	Rabi	Rice	Cereal	High
Ladakh (UT)	Red	25-35 C	High	Kharif	Rice	Cereal	High
Ladakh (UT)	Red	25-35 C	High	Zaid	Banana	Fruit	High
Ladakh (UT)	Red	25-35 C	Medium	Rabi	Maize	Cereal	High
Ladakh (UT)	Red	25-35 C	Medium	Kharif	Finger Millet (Ragi)	Cereal	High
Ladakh (UT)	Red	25-35 C	Medium	Zaid	Cucumber	Vegetable	High
Ladakh (UT)	Red	25-35 C	Low	Rabi	Sorghum (Jowar)	Cereal	High
Ladakh (UT)	Red	25-35 C	Low	Kharif	Black Gram (Urad)	Pulse	High
Ladakh (UT)	Red	25-35 C	Low	Zaid	Black Gram (Urad)	Pulse	High
Ladakh (UT)	Red	35-45 C	High	Rabi	Rice	Cereal	High
Ladakh (UT)	Red	35-45 C	High	Kharif	Rice	Cereal	High
Ladakh (UT)	Red	35-45 C	High	Zaid	Black Gram (Urad)	Pulse	Medium
Ladakh (UT)	Red	35-45 C	Medium	Rabi	Sorghum (Jowar)	Cereal	High
Ladakh (UT)	Red	35-45 C	Medium	Kharif	Sorghum (Jowar)	Cereal	High
Ladakh (UT)	Red	35-45 C	Medium	Zaid	Cucumber	Vegetable	High
Ladakh (UT)	Red	35-45 C	Low	Rabi	Sorghum (Jowar)	Cereal	High
Ladakh (UT)	Red	35-45 C	Low	Kharif	Black Gram (Urad)	Pulse	High
Ladakh (UT)	Red	35-45 C	Low	Zaid	Black Gram (Urad)	Pulse	High
Ladakh (UT)	Laterite	15-25 C	High	Rabi	Cardamom	Spice	High
Ladakh (UT)	Laterite	15-25 C	High	Kharif	Cardamom	Spice	High
Ladakh (UT)	Laterite	15-25 C	High	Zaid	Cardamom	Spice	High
Ladakh (UT)	Laterite	15-25 C	Medium	Rabi	Apple	Fruit	High
Ladakh (UT)	Laterite	15-25 C	Medium	Kharif	Apple	Fruit	High
Ladakh (UT)	Laterite	15-25 C	Medium	Zaid	Apple	Fruit	High
Ladakh (UT)	Laterite	15-25 C	Low	Rabi	Barley	Cereal	High
Ladakh (UT)	Laterite	15-25 C	Low	Kharif	Cardamom	Spice	Medium
Ladakh (UT)	Laterite	15-25 C	Low	Zaid	Cardamom	Spice	Medium
Ladakh (UT)	Laterite	25-35 C	High	Rabi	Rice	Cereal	High
Ladakh (UT)	Laterite	25-35 C	High	Kharif	Rice	Cereal	High
Ladakh (UT)	Laterite	25-35 C	High	Zaid	Arecanut	Plantation	High
Ladakh (UT)	Laterite	25-35 C	Medium	Rabi	Cashew	Plantation	High
Ladakh (UT)	Laterite	25-35 C	Medium	Kharif	Finger Millet (Ragi)	Cereal	High
Ladakh (UT)	Laterite	25-35 C	Medium	Zaid	Cashew	Plantation	High
Ladakh (UT)	Laterite	25-35 C	Low	Rabi	Rice	Cereal	Medium
Ladakh (UT)	Laterite	25-35 C	Low	Kharif	Finger Millet (Ragi)	Cereal	Medium
Ladakh (UT)	Laterite	25-35 C	Low	Zaid	Arecanut	Plantation	Medium
Ladakh (UT)	Laterite	35-45 C	High	Rabi	Rice	Cereal	High
Ladakh (UT)	Laterite	35-45 C	High	Kharif	Rice	Cereal	High
Ladakh (UT)	Laterite	35-45 C	High	Zaid	Arecanut	Plantation	Medium
Ladakh (UT)	Laterite	35-45 C	Medium	Rabi	Rice	Cereal	Medium
Ladakh (UT)	Laterite	35-45 C	Medium	Kharif	Finger Millet (Ragi)	Cereal	Medium
Ladakh (UT)	Laterite	35-45 C	Medium	Zaid	Cashew	Plantation	Medium
Ladakh (UT)	Laterite	35-45 C	Low	Rabi	Rice	Cereal	Medium
Ladakh (UT)	Laterite	35-45 C	Low	Kharif	Rice	Cereal	Medium
Ladakh (UT)	Laterite	35-45 C	Low	Zaid	Black Gram (Urad)	Pulse	Medium
Ladakh (UT)	Desert	15-25 C	High	Rabi	Barley	Cereal	High
Ladakh (UT)	Desert	15-25 C	High	Kharif	Barley	Cereal	Medium
Ladakh (UT)	Desert	15-25 C	High	Zaid	Barley	Cereal	Medium
Ladakh (UT)	Desert	15-25 C	Medium	Rabi	Barley	Cereal	High
Ladakh (UT)	Desert	15-25 C	Medium	Kharif	Apple	Fruit	High
Ladakh (UT)	Desert	15-25 C	Medium	Zaid	Apple	Fruit	High
Ladakh (UT)	Desert	15-25 C	Low	Rabi	Barley	Cereal	High
Ladakh (UT)	Desert	15-25 C	Low	Kharif	Barley	Cereal	High
Ladakh (UT)	Desert	15-25 C	Low	Zaid	Barley	Cereal	High
Ladakh (UT)	Desert	25-35 C	High	Rabi	Barley	Cereal	Medium
Ladakh (UT)	Desert	25-35 C	High	Kharif	Green Gram (Moong)	Pulse	Medium
Ladakh (UT)	Desert	25-35 C	High	Zaid	Green Gram (Moong)	Pulse	Medium
Ladakh (UT)	Desert	25-35 C	Medium	Rabi	Barley	Cereal	Medium
Ladakh (UT)	Desert	25-35 C	Medium	Kharif	Green Gram (Moong)	Pulse	Medium
Ladakh (UT)	Desert	25-35 C	Medium	Zaid	Green Gram (Moong)	Pulse	Medium
Ladakh (UT)	Desert	25-35 C	Low	Rabi	Barley	Cereal	High
Ladakh (UT)	Desert	25-35 C	Low	Kharif	Green Gram (Moong)	Pulse	High
Ladakh (UT)	Desert	25-35 C	Low	Zaid	Green Gram (Moong)	Pulse	High
Ladakh (UT)	Desert	35-45 C	High	Rabi	Barley	Cereal	Medium
Ladakh (UT)	Desert	35-45 C	High	Kharif	Cluster Bean (Guar)	Pulse	Medium
Ladakh (UT)	Desert	35-45 C	High	Zaid	Green Gram (Moong)	Pulse	Medium
Ladakh (UT)	Desert	35-45 C	Medium	Rabi	Barley	Cereal	Medium
Ladakh (UT)	Desert	35-45 C	Medium	Kharif	Cluster Bean (Guar)	Pulse	Medium
Ladakh (UT)	Desert	35-45 C	Medium	Zaid	Muskmelon	Vegetable	High
Ladakh (UT)	Desert	35-45 C	Low	Rabi	Barley	Cereal	High
Ladakh (UT)	Desert	35-45 C	Low	Kharif	Cluster Bean (Guar)	Pulse	High
Ladakh (UT)	Desert	35-45 C	Low	Zaid	Green Gram (Moong)	Pulse	High
Ladakh (UT)	Forest	15-25 C	High	Rabi	Apple	Fruit	High
Ladakh (UT)	Forest	15-25 C	High	Kharif	Apple	Fruit	High
Ladakh (UT)	Forest	15-25 C	High	Zaid	Apple	Fruit	High
Ladakh (UT)	Forest	15-25 C	Medium	Rabi	Apple	Fruit	High
Ladakh (UT)	Forest	15-25 C	Medium	Kharif	Apple	Fruit	High
Ladakh (UT)	Forest	15-25 C	Medium	Zaid	Apple	Fruit	High
Ladakh (UT)	Forest	15-25 C	Low	Rabi	Apple	Fruit	High
Ladakh (UT)	Forest	15-25 C	Low	Kharif	Apple	Fruit	High
Ladakh (UT)	Forest	15-25 C	Low	Zaid	Apple	Fruit	High
Ladakh (UT)	Forest	25-35 C	High	Rabi	Black Pepper	Spice	High
Ladakh (UT)	Forest	25-35 C	High	Kharif	Black Pepper	Spice	High
Ladakh (UT)	Forest	25-35 C	High	Zaid	Black Pepper	Spice	High
Ladakh (UT)	Forest	25-35 C	Medium	Rabi	Apple	Fruit	High
Ladakh (UT)	Forest	25-35 C	Medium	Kharif	Apple	Fruit	High
Ladakh (UT)	Forest	25-35 C	Medium	Zaid	Apple	Fruit	High
Ladakh (UT)	Forest	25-35 C	Low	Rabi	Apple	Fruit	Medium
Ladakh (UT)	Forest	25-35 C	Low	Kharif	Apple	Fruit	Medium
Ladakh (UT)	Forest	25-35 C	Low	Zaid	Apple	Fruit	Medium
Ladakh (UT)	Forest	35-45 C	High	Rabi	Apple	Fruit	Medium
Ladakh (UT)	Forest	35-45 C	High	Kharif	Apple	Fruit	Medium
Ladakh (UT)	Forest	35-45 C	High	Zaid	Apple	Fruit	Medium
Ladakh (UT)	Forest	35-45 C	Medium	Rabi	Apple	Fruit	High
Ladakh (UT)	Forest	35-45 C	Medium	Kharif	Apple	Fruit	High
Ladakh (UT)	Forest	35-45 C	Medium	Zaid	Apple	Fruit	High
Ladakh (UT)	Forest	35-45 C	Low	Rabi	Apple	Fruit	Medium
Ladakh (UT)	Forest	35-45 C	Low	Kharif	Apple	Fruit	Medium
Ladakh (UT)	Forest	35-45 C	Low	Zaid	Apple	Fruit	Medium
Lakshadweep (UT)	Alluvial	15-25 C	High	Rabi	Wheat	Cereal	High
Lakshadweep (UT)	Alluvial	15-25 C	High	Kharif	Coconut	Plantation	High
Lakshadweep (UT)	Alluvial	15-25 C	High	Zaid	Coconut	Plantation	High
Lakshadweep (UT)	Alluvial	15-25 C	Medium	Rabi	Wheat	Cereal	High
Lakshadweep (UT)	Alluvial	15-25 C	Medium	Kharif	Apple	Fruit	High
Lakshadweep (UT)	Alluvial	15-25 C	Medium	Zaid	Onion	Vegetable	High
Lakshadweep (UT)	Alluvial	15-25 C	Low	Rabi	Barley	Cereal	High
Lakshadweep (UT)	Alluvial	15-25 C	Low	Kharif	Black Gram (Urad)	Pulse	Medium
Lakshadweep (UT)	Alluvial	15-25 C	Low	Zaid	Black Gram (Urad)	Pulse	Medium
Lakshadweep (UT)	Alluvial	25-35 C	High	Rabi	Coconut	Plantation	High
Lakshadweep (UT)	Alluvial	25-35 C	High	Kharif	Coconut	Plantation	High
Lakshadweep (UT)	Alluvial	25-35 C	High	Zaid	Coconut	Plantation	High
Lakshadweep (UT)	Alluvial	25-35 C	Medium	Rabi	Maize	Cereal	High
Lakshadweep (UT)	Alluvial	25-35 C	Medium	Kharif	Maize	Cereal	High
Lakshadweep (UT)	Alluvial	25-35 C	Medium	Zaid	Cucumber	Vegetable	High
Lakshadweep (UT)	Alluvial	25-35 C	Low	Rabi	Coconut	Plantation	High
Lakshadweep (UT)	Alluvial	25-35 C	Low	Kharif	Black Gram (Urad)	Pulse	High
Lakshadweep (UT)	Alluvial	25-35 C	Low	Zaid	Black Gram (Urad)	Pulse	High
Lakshadweep (UT)	Alluvial	35-45 C	High	Rabi	Rice	Cereal	High
Lakshadweep (UT)	Alluvial	35-45 C	High	Kharif	Rice	Cereal	High
Lakshadweep (UT)	Alluvial	35-45 C	High	Zaid	Coconut	Plantation	High
Lakshadweep (UT)	Alluvial	35-45 C	Medium	Rabi	Maize	Cereal	Medium
Lakshadweep (UT)	Alluvial	35-45 C	Medium	Kharif	Black Gram (Urad)	Pulse	Medium
Lakshadweep (UT)	Alluvial	35-45 C	Medium	Zaid	Cucumber	Vegetable	High
Lakshadweep (UT)	Alluvial	35-45 C	Low	Rabi	Barley	Cereal	Medium
Lakshadweep (UT)	Alluvial	35-45 C	Low	Kharif	Black Gram (Urad)	Pulse	High
Lakshadweep (UT)	Alluvial	35-45 C	Low	Zaid	Black Gram (Urad)	Pulse	High
Lakshadweep (UT)	Black	15-25 C	High	Rabi	Wheat	Cereal	High
Lakshadweep (UT)	Black	15-25 C	High	Kharif	Rice	Cereal	Medium
Lakshadweep (UT)	Black	15-25 C	High	Zaid	Onion	Vegetable	Medium
Lakshadweep (UT)	Black	15-25 C	Medium	Rabi	Wheat	Cereal	High
Lakshadweep (UT)	Black	15-25 C	Medium	Kharif	Maize	Cereal	Medium
Lakshadweep (UT)	Black	15-25 C	Medium	Zaid	Onion	Vegetable	High
Lakshadweep (UT)	Black	15-25 C	Low	Rabi	Gram (Chickpea)	Pulse	High
Lakshadweep (UT)	Black	15-25 C	Low	Kharif	Black Gram (Urad)	Pulse	Medium
Lakshadweep (UT)	Black	15-25 C	Low	Zaid	Black Gram (Urad)	Pulse	Medium
Lakshadweep (UT)	Black	25-35 C	High	Rabi	Rice	Cereal	High
Lakshadweep (UT)	Black	25-35 C	High	Kharif	Rice	Cereal	High
Lakshadweep (UT)	Black	25-35 C	High	Zaid	Coconut	Plantation	High
Lakshadweep (UT)	Black	25-35 C	Medium	Rabi	Maize	Cereal	High
Lakshadweep (UT)	Black	25-35 C	Medium	Kharif	Maize	Cereal	High
Lakshadweep (UT)	Black	25-35 C	Medium	Zaid	Groundnut	Oilseed	High
Lakshadweep (UT)	Black	25-35 C	Low	Rabi	Sorghum (Jowar)	Cereal	High
Lakshadweep (UT)	Black	25-35 C	Low	Kharif	Black Gram (Urad)	Pulse	High
Lakshadweep (UT)	Black	25-35 C	Low	Zaid	Black Gram (Urad)	Pulse	High
Lakshadweep (UT)	Black	35-45 C	High	Rabi	Rice	Cereal	High
Lakshadweep (UT)	Black	35-45 C	High	Kharif	Rice	Cereal	High
Lakshadweep (UT)	Black	35-45 C	High	Zaid	Black Gram (Urad)	Pulse	Medium
Lakshadweep (UT)	Black	35-45 C	Medium	Rabi	Sorghum (Jowar)	Cereal	High
Lakshadweep (UT)	Black	35-45 C	Medium	Kharif	Sorghum (Jowar)	Cereal	High
Lakshadweep (UT)	Black	35-45 C	Medium	Zaid	Black Gram (Urad)	Pulse	Medium
Lakshadweep (UT)	Black	35-45 C	Low	Rabi	Sorghum (Jowar)	Cereal	High
Lakshadweep (UT)	Black	35-45 C	Low	Kharif	Black Gram (Urad)	Pulse	High
Lakshadweep (UT)	Black	35-45 C	Low	Zaid	Black Gram (Urad)	Pulse	High
Lakshadweep (UT)	Red	15-25 C	High	Rabi	Coffee	Plantation	High
Lakshadweep (UT)	Red	15-25 C	High	Kharif	Coffee	Plantation	High
Lakshadweep (UT)	Red	15-25 C	High	Zaid	Coffee	Plantation	High
Lakshadweep (UT)	Red	15-25 C	Medium	Rabi	Tomato	Vegetable	High
Lakshadweep (UT)	Red	15-25 C	Medium	Kharif	Finger Millet (Ragi)	Cereal	Medium
Lakshadweep (UT)	Red	15-25 C	Medium	Zaid	Tomato	Vegetable	High
Lakshadweep (UT)	Red	15-25 C	Low	Rabi	Sorghum (Jowar)	Cereal	Medium
Lakshadweep (UT)	Red	15-25 C	Low	Kharif	Black Gram (Urad)	Pulse	Medium
Lakshadweep (UT)	Red	15-25 C	Low	Zaid	Black Gram (Urad)	Pulse	Medium
Lakshadweep (UT)	Red	25-35 C	High	Rabi	Rice	Cereal	High
Lakshadweep (UT)	Red	25-35 C	High	Kharif	Rice	Cereal	High
Lakshadweep (UT)	Red	25-35 C	High	Zaid	Banana	Fruit	High
Lakshadweep (UT)	Red	25-35 C	Medium	Rabi	Maize	Cereal	High
Lakshadweep (UT)	Red	25-35 C	Medium	Kharif	Finger Millet (Ragi)	Cereal	High
Lakshadweep (UT)	Red	25-35 C	Medium	Zaid	Cucumber	Vegetable	High
Lakshadweep (UT)	Red	25-35 C	Low	Rabi	Sorghum (Jowar)	Cereal	High
Lakshadweep (UT)	Red	25-35 C	Low	Kharif	Black Gram (Urad)	Pulse	High
Lakshadweep (UT)	Red	25-35 C	Low	Zaid	Black Gram (Urad)	Pulse	High
Lakshadweep (UT)	Red	35-45 C	High	Rabi	Rice	Cereal	High
Lakshadweep (UT)	Red	35-45 C	High	Kharif	Rice	Cereal	High
Lakshadweep (UT)	Red	35-45 C	High	Zaid	Black Gram (Urad)	Pulse	Medium
Lakshadweep (UT)	Red	35-45 C	Medium	Rabi	Sorghum (Jowar)	Cereal	High
Lakshadweep (UT)	Red	35-45 C	Medium	Kharif	Sorghum (Jowar)	Cereal	High
Lakshadweep (UT)	Red	35-45 C	Medium	Zaid	Cucumber	Vegetable	High
Lakshadweep (UT)	Red	35-45 C	Low	Rabi	Sorghum (Jowar)	Cereal	High
Lakshadweep (UT)	Red	35-45 C	Low	Kharif	Black Gram (Urad)	Pulse	High
Lakshadweep (UT)	Red	35-45 C	Low	Zaid	Black Gram (Urad)	Pulse	High
Lakshadweep (UT)	Laterite	15-25 C	High	Rabi	Cardamom	Spice	High
Lakshadweep (UT)	Laterite	15-25 C	High	Kharif	Cardamom	Spice	High
Lakshadweep (UT)	Laterite	15-25 C	High	Zaid	Cardamom	Spice	High
Lakshadweep (UT)	Laterite	15-25 C	Medium	Rabi	Cardamom	Spice	Medium
Lakshadweep (UT)	Laterite	15-25 C	Medium	Kharif	Finger Millet (Ragi)	Cereal	Medium
Lakshadweep (UT)	Laterite	15-25 C	Medium	Zaid	Cardamom	Spice	Medium
Lakshadweep (UT)	Laterite	15-25 C	Low	Rabi	Cardamom	Spice	Medium
Lakshadweep (UT)	Laterite	15-25 C	Low	Kharif	Cardamom	Spice	Medium
Lakshadweep (UT)	Laterite	15-25 C	Low	Zaid	Cardamom	Spice	Medium
Lakshadweep (UT)	Laterite	25-35 C	High	Rabi	Coconut	Plantation	High
Lakshadweep (UT)	Laterite	25-35 C	High	Kharif	Coconut	Plantation	High
Lakshadweep (UT)	Laterite	25-35 C	High	Zaid	Coconut	Plantation	High
Lakshadweep (UT)	Laterite	25-35 C	Medium	Rabi	Cashew	Plantation	High
Lakshadweep (UT)	Laterite	25-35 C	Medium	Kharif	Finger Millet (Ragi)	Cereal	High
Lakshadweep (UT)	Laterite	25-35 C	Medium	Zaid	Cashew	Plantation	High
Lakshadweep (UT)	Laterite	25-35 C	Low	Rabi	Coconut	Plantation	High
Lakshadweep (UT)	Laterite	25-35 C	Low	Kharif	Coconut	Plantation	High
Lakshadweep (UT)	Laterite	25-35 C	Low	Zaid	Coconut	Plantation	High
Lakshadweep (UT)	Laterite	35-45 C	High	Rabi	Rice	Cereal	High
Lakshadweep (UT)	Laterite	35-45 C	High	Kharif	Rice	Cereal	High
Lakshadweep (UT)	Laterite	35-45 C	High	Zaid	Coconut	Plantation	High
Lakshadweep (UT)	Laterite	35-45 C	Medium	Rabi	Rice	Cereal	Medium
Lakshadweep (UT)	Laterite	35-45 C	Medium	Kharif	Finger Millet (Ragi)	Cereal	Medium
Lakshadweep (UT)	Laterite	35-45 C	Medium	Zaid	Cashew	Plantation	Medium
Lakshadweep (UT)	Laterite	35-45 C	Low	Rabi	Rice	Cereal	Medium
Lakshadweep (UT)	Laterite	35-45 C	Low	Kharif	Rice	Cereal	Medium
Lakshadweep (UT)	Laterite	35-45 C	Low	Zaid	Coconut	Plantation	Medium
Lakshadweep (UT)	Desert	15-25 C	High	Rabi	Barley	Cereal	Medium
Lakshadweep (UT)	Desert	15-25 C	High	Kharif	Cardamom	Spice	Medium
Lakshadweep (UT)	Desert	15-25 C	High	Zaid	Cardamom	Spice	Medium
Lakshadweep (UT)	Desert	15-25 C	Medium	Rabi	Barley	Cereal	Medium
Lakshadweep (UT)	Desert	15-25 C	Medium	Kharif	Apple	Fruit	Medium
Lakshadweep (UT)	Desert	15-25 C	Medium	Zaid	Muskmelon	Vegetable	Medium
Lakshadweep (UT)	Desert	15-25 C	Low	Rabi	Barley	Cereal	High
Lakshadweep (UT)	Desert	15-25 C	Low	Kharif	Cluster Bean (Guar)	Pulse	Medium
Lakshadweep (UT)	Desert	15-25 C	Low	Zaid	Green Gram (Moong)	Pulse	Medium
Lakshadweep (UT)	Desert	25-35 C	High	Rabi	Coconut	Plantation	High
Lakshadweep (UT)	Desert	25-35 C	High	Kharif	Coconut	Plantation	High
Lakshadweep (UT)	Desert	25-35 C	High	Zaid	Coconut	Plantation	High
Lakshadweep (UT)	Desert	25-35 C	Medium	Rabi	Maize	Cereal	Medium
Lakshadweep (UT)	Desert	25-35 C	Medium	Kharif	Green Gram (Moong)	Pulse	Medium
Lakshadweep (UT)	Desert	25-35 C	Medium	Zaid	Green Gram (Moong)	Pulse	Medium
Lakshadweep (UT)	Desert	25-35 C	Low	Rabi	Barley	Cereal	Medium
Lakshadweep (UT)	Desert	25-35 C	Low	Kharif	Green Gram (Moong)	Pulse	High
Lakshadweep (UT)	Desert	25-35 C	Low	Zaid	Green Gram (Moong)	Pulse	High
Lakshadweep (UT)	Desert	35-45 C	High	Rabi	Rice	Cereal	Medium
Lakshadweep (UT)	Desert	35-45 C	High	Kharif	Cluster Bean (Guar)	Pulse	Medium
Lakshadweep (UT)	Desert	35-45 C	High	Zaid	Green Gram (Moong)	Pulse	Medium
Lakshadweep (UT)	Desert	35-45 C	Medium	Rabi	Sorghum (Jowar)	Cereal	Medium
Lakshadweep (UT)	Desert	35-45 C	Medium	Kharif	Cluster Bean (Guar)	Pulse	Medium
Lakshadweep (UT)	Desert	35-45 C	Medium	Zaid	Muskmelon	Vegetable	High
Lakshadweep (UT)	Desert	35-45 C	Low	Rabi	Barley	Cereal	Medium
Lakshadweep (UT)	Desert	35-45 C	Low	Kharif	Cluster Bean (Guar)	Pulse	High
Lakshadweep (UT)	Desert	35-45 C	Low	Zaid	Green Gram (Moong)	Pulse	High
Lakshadweep (UT)	Forest	15-25 C	High	Rabi	Cardamom	Spice	High
Lakshadweep (UT)	Forest	15-25 C	High	Kharif	Cardamom	Spice	High
Lakshadweep (UT)	Forest	15-25 C	High	Zaid	Cardamom	Spice	High
Lakshadweep (UT)	Forest	15-25 C	Medium	Rabi	Apple	Fruit	High
Lakshadweep (UT)	Forest	15-25 C	Medium	Kharif	Apple	Fruit	High
Lakshadweep (UT)	Forest	15-25 C	Medium	Zaid	Apple	Fruit	High
Lakshadweep (UT)	Forest	15-25 C	Low	Rabi	Apple	Fruit	Medium
Lakshadweep (UT)	Forest	15-25 C	Low	Kharif	Apple	Fruit	Medium
Lakshadweep (UT)	Forest	15-25 C	Low	Zaid	Apple	Fruit	Medium
Lakshadweep (UT)	Forest	25-35 C	High	Rabi	Black Pepper	Spice	High
Lakshadweep (UT)	Forest	25-35 C	High	Kharif	Black Pepper	Spice	High
Lakshadweep (UT)	Forest	25-35 C	High	Zaid	Black Pepper	Spice	High
Lakshadweep (UT)	Forest	25-35 C	Medium	Rabi	Apple	Fruit	Medium
Lakshadweep (UT)	Forest	25-35 C	Medium	Kharif	Apple	Fruit	Medium
Lakshadweep (UT)	Forest	25-35 C	Medium	Zaid	Apple	Fruit	Medium
Lakshadweep (UT)	Forest	25-35 C	Low	Rabi	Black Pepper	Spice	Medium
Lakshadweep (UT)	Forest	25-35 C	Low	Kharif	Black Pepper	Spice	Medium
Lakshadweep (UT)	Forest	25-35 C	Low	Zaid	Black Pepper	Spice	Medium
Lakshadweep (UT)	Forest	35-45 C	High	Rabi	Black Pepper	Spice	Medium
Lakshadweep (UT)	Forest	35-45 C	High	Kharif	Black Pepper	Spice	Medium
Lakshadweep (UT)	Forest	35-45 C	High	Zaid	Black Pepper	Spice	Medium
Lakshadweep (UT)	Forest	35-45 C	Medium	Rabi	Apple	Fruit	Medium
Lakshadweep (UT)	Forest	35-45 C	Medium	Kharif	Apple	Fruit	Medium
Lakshadweep (UT)	Forest	35-45 C	Medium	Zaid	Apple	Fruit	Medium
Lakshadweep (UT)	Forest	35-45 C	Low	Rabi	Sorghum (Jowar)	Cereal	Medium
Lakshadweep (UT)	Forest	35-45 C	Low	Kharif	Black Gram (Urad)	Pulse	Medium
Lakshadweep (UT)	Forest	35-45 C	Low	Zaid	Black Gram (Urad)	Pulse	Medium
Puducherry (UT)	Alluvial	15-25 C	High	Rabi	Rice	Cereal	High
Puducherry (UT)	Alluvial	15-25 C	High	Kharif	Rice	Cereal	High
Puducherry (UT)	Alluvial	15-25 C	High	Zaid	Coconut	Plantation	High
Puducherry (UT)	Alluvial	15-25 C	Medium	Rabi	Wheat	Cereal	High
Puducherry (UT)	Alluvial	15-25 C	Medium	Kharif	Apple	Fruit	High
Puducherry (UT)	Alluvial	15-25 C	Medium	Zaid	Onion	Vegetable	High
Puducherry (UT)	Alluvial	15-25 C	Low	Rabi	Barley	Cereal	High
Puducherry (UT)	Alluvial	15-25 C	Low	Kharif	Black Gram (Urad)	Pulse	Medium
Puducherry (UT)	Alluvial	15-25 C	Low	Zaid	Black Gram (Urad)	Pulse	Medium
Puducherry (UT)	Alluvial	25-35 C	High	Rabi	Rice	Cereal	High
Puducherry (UT)	Alluvial	25-35 C	High	Kharif	Rice	Cereal	High
Puducherry (UT)	Alluvial	25-35 C	High	Zaid	Coconut	Plantation	High
Puducherry (UT)	Alluvial	25-35 C	Medium	Rabi	Maize	Cereal	High
Puducherry (UT)	Alluvial	25-35 C	Medium	Kharif	Maize	Cereal	High
Puducherry (UT)	Alluvial	25-35 C	Medium	Zaid	Cucumber	Vegetable	High
Puducherry (UT)	Alluvial	25-35 C	Low	Rabi	Rice	Cereal	High
Puducherry (UT)	Alluvial	25-35 C	Low	Kharif	Black Gram (Urad)	Pulse	High
Puducherry (UT)	Alluvial	25-35 C	Low	Zaid	Black Gram (Urad)	Pulse	High
Puducherry (UT)	Alluvial	35-45 C	High	Rabi	Rice	Cereal	High
Puducherry (UT)	Alluvial	35-45 C	High	Kharif	Rice	Cereal	High
Puducherry (UT)	Alluvial	35-45 C	High	Zaid	Coconut	Plantation	High
Puducherry (UT)	Alluvial	35-45 C	Medium	Rabi	Rice	Cereal	High
Puducherry (UT)	Alluvial	35-45 C	Medium	Kharif	Rice	Cereal	High
Puducherry (UT)	Alluvial	35-45 C	Medium	Zaid	Cucumber	Vegetable	High
Puducherry (UT)	Alluvial	35-45 C	Low	Rabi	Rice	Cereal	High
Puducherry (UT)	Alluvial	35-45 C	Low	Kharif	Black Gram (Urad)	Pulse	High
Puducherry (UT)	Alluvial	35-45 C	Low	Zaid	Black Gram (Urad)	Pulse	High
Puducherry (UT)	Black	15-25 C	High	Rabi	Rice	Cereal	High
Puducherry (UT)	Black	15-25 C	High	Kharif	Rice	Cereal	High
Puducherry (UT)	Black	15-25 C	High	Zaid	Onion	Vegetable	Medium
Puducherry (UT)	Black	15-25 C	Medium	Rabi	Wheat	Cereal	High
Puducherry (UT)	Black	15-25 C	Medium	Kharif	Maize	Cereal	Medium
Puducherry (UT)	Black	15-25 C	Medium	Zaid	Onion	Vegetable	High
Puducherry (UT)	Black	15-25 C	Low	Rabi	Gram (Chickpea)	Pulse	High
Puducherry (UT)	Black	15-25 C	Low	Kharif	Black Gram (Urad)	Pulse	Medium
Puducherry (UT)	Black	15-25 C	Low	Zaid	Black Gram (Urad)	Pulse	Medium
Puducherry (UT)	Black	25-35 C	High	Rabi	Rice	Cereal	High
Puducherry (UT)	Black	25-35 C	High	Kharif	Rice	Cereal	High
Puducherry (UT)	Black	25-35 C	High	Zaid	Rice	Cereal	High
Puducherry (UT)	Black	25-35 C	Medium	Rabi	Maize	Cereal	High
Puducherry (UT)	Black	25-35 C	Medium	Kharif	Maize	Cereal	High
Puducherry (UT)	Black	25-35 C	Medium	Zaid	Groundnut	Oilseed	High
Puducherry (UT)	Black	25-35 C	Low	Rabi	Rice	Cereal	High
Puducherry (UT)	Black	25-35 C	Low	Kharif	Black Gram (Urad)	Pulse	High
Puducherry (UT)	Black	25-35 C	Low	Zaid	Black Gram (Urad)	Pulse	High
Puducherry (UT)	Black	35-45 C	High	Rabi	Rice	Cereal	High
Puducherry (UT)	Black	35-45 C	High	Kharif	Rice	Cereal	High
Puducherry (UT)	Black	35-45 C	High	Zaid	Rice	Cereal	High
Puducherry (UT)	Black	35-45 C	Medium	Rabi	Rice	Cereal	High
Puducherry (UT)	Black	35-45 C	Medium	Kharif	Rice	Cereal	High
Puducherry (UT)	Black	35-45 C	Medium	Zaid	Black Gram (Urad)	Pulse	Medium
Puducherry (UT)	Black	35-45 C	Low	Rabi	Rice	Cereal	High
Puducherry (UT)	Black	35-45 C	Low	Kharif	Black Gram (Urad)	Pulse	High
Puducherry (UT)	Black	35-45 C	Low	Zaid	Black Gram (Urad)	Pulse	High
Puducherry (UT)	Red	15-25 C	High	Rabi	Rice	Cereal	High
Puducherry (UT)	Red	15-25 C	High	Kharif	Rice	Cereal	High
Puducherry (UT)	Red	15-25 C	High	Zaid	Coffee	Plantation	High
Puducherry (UT)	Red	15-25 C	Medium	Rabi	Tomato	Vegetable	High
Puducherry (UT)	Red	15-25 C	Medium	Kharif	Finger Millet (Ragi)	Cereal	Medium
Puducherry (UT)	Red	15-25 C	Medium	Zaid	Tomato	Vegetable	High
Puducherry (UT)	Red	15-25 C	Low	Rabi	Rice	Cereal	Medium
Puducherry (UT)	Red	15-25 C	Low	Kharif	Black Gram (Urad)	Pulse	Medium
Puducherry (UT)	Red	15-25 C	Low	Zaid	Black Gram (Urad)	Pulse	Medium
Puducherry (UT)	Red	25-35 C	High	Rabi	Rice	Cereal	High
Puducherry (UT)	Red	25-35 C	High	Kharif	Rice	Cereal	High
Puducherry (UT)	Red	25-35 C	High	Zaid	Banana	Fruit	High
Puducherry (UT)	Red	25-35 C	Medium	Rabi	Maize	Cereal	High
Puducherry (UT)	Red	25-35 C	Medium	Kharif	Finger Millet (Ragi)	Cereal	High
Puducherry (UT)	Red	25-35 C	Medium	Zaid	Cucumber	Vegetable	High
Puducherry (UT)	Red	25-35 C	Low	Rabi	Rice	Cereal	High
Puducherry (UT)	Red	25-35 C	Low	Kharif	Black Gram (Urad)	Pulse	High
Puducherry (UT)	Red	25-35 C	Low	Zaid	Black Gram (Urad)	Pulse	High
Puducherry (UT)	Red	35-45 C	High	Rabi	Rice	Cereal	High
Puducherry (UT)	Red	35-45 C	High	Kharif	Rice	Cereal	High
Puducherry (UT)	Red	35-45 C	High	Zaid	Rice	Cereal	High
Puducherry (UT)	Red	35-45 C	Medium	Rabi	Rice	Cereal	High
Puducherry (UT)	Red	35-45 C	Medium	Kharif	Rice	Cereal	High
Puducherry (UT)	Red	35-45 C	Medium	Zaid	Cucumber	Vegetable	High
Puducherry (UT)	Red	35-45 C	Low	Rabi	Rice	Cereal	High
Puducherry (UT)	Red	35-45 C	Low	Kharif	Black Gram (Urad)	Pulse	High
Puducherry (UT)	Red	35-45 C	Low	Zaid	Black Gram (Urad)	Pulse	High
Puducherry (UT)	Laterite	15-25 C	High	Rabi	Rice	Cereal	High
Puducherry (UT)	Laterite	15-25 C	High	Kharif	Rice	Cereal	High
Puducherry (UT)	Laterite	15-25 C	High	Zaid	Cardamom	Spice	High
Puducherry (UT)	Laterite	15-25 C	Medium	Rabi	Rice	Cereal	Medium
Puducherry (UT)	Laterite	15-25 C	Medium	Kharif	Finger Millet (Ragi)	Cereal	Medium
Puducherry (UT)	Laterite	15-25 C	Medium	Zaid	Cardamom	Spice	Medium
Puducherry (UT)	Laterite	15-25 C	Low	Rabi	Rice	Cereal	Medium
Puducherry (UT)	Laterite	15-25 C	Low	Kharif	Rice	Cereal	Medium
Puducherry (UT)	Laterite	15-25 C	Low	Zaid	Cardamom	Spice	Medium
Puducherry (UT)	Laterite	25-35 C	High	Rabi	Rice	Cereal	High
Puducherry (UT)	Laterite	25-35 C	High	Kharif	Rice	Cereal	High
Puducherry (UT)	Laterite	25-35 C	High	Zaid	Coconut	Plantation	High
Puducherry (UT)	Laterite	25-35 C	Medium	Rabi	Rice	Cereal	High
Puducherry (UT)	Laterite	25-35 C	Medium	Kharif	Finger Millet (Ragi)	Cereal	High
Puducherry (UT)	Laterite	25-35 C	Medium	Zaid	Cashew	Plantation	High
Puducherry (UT)	Laterite	25-35 C	Low	Rabi	Rice	Cereal	High
Puducherry (UT)	Laterite	25-35 C	Low	Kharif	Rice	Cereal	High
Puducherry (UT)	Laterite	25-35 C	Low	Zaid	Coconut	Plantation	High
Puducherry (UT)	Laterite	35-45 C	High	Rabi	Rice	Cereal	High
Puducherry (UT)	Laterite	35-45 C	High	Kharif	Rice	Cereal	High
Puducherry (UT)	Laterite	35-45 C	High	Zaid	Coconut	Plantation	High
Puducherry (UT)	Laterite	35-45 C	Medium	Rabi	Rice	Cereal	High
Puducherry (UT)	Laterite	35-45 C	Medium	Kharif	Rice	Cereal	High
Puducherry (UT)	Laterite	35-45 C	Medium	Zaid	Cashew	Plantation	Medium
Puducherry (UT)	Laterite	35-45 C	Low	Rabi	Rice	Cereal	High
Puducherry (UT)	Laterite	35-45 C	Low	Kharif	Rice	Cereal	High
Puducherry (UT)	Laterite	35-45 C	Low	Zaid	Coconut	Plantation	Medium
Puducherry (UT)	Desert	15-25 C	High	Rabi	Barley	Cereal	Medium
Puducherry (UT)	Desert	15-25 C	High	Kharif	Rice	Cereal	Medium
Puducherry (UT)	Desert	15-25 C	High	Zaid	Cardamom	Spice	Medium
Puducherry (UT)	Desert	15-25 C	Medium	Rabi	Barley	Cereal	Medium
Puducherry (UT)	Desert	15-25 C	Medium	Kharif	Apple	Fruit	Medium
Puducherry (UT)	Desert	15-25 C	Medium	Zaid	Muskmelon	Vegetable	Medium
Puducherry (UT)	Desert	15-25 C	Low	Rabi	Barley	Cereal	High
Puducherry (UT)	Desert	15-25 C	Low	Kharif	Cluster Bean (Guar)	Pulse	Medium
Puducherry (UT)	Desert	15-25 C	Low	Zaid	Green Gram (Moong)	Pulse	Medium
Puducherry (UT)	Desert	25-35 C	High	Rabi	Rice	Cereal	High
Puducherry (UT)	Desert	25-35 C	High	Kharif	Rice	Cereal	High
Puducherry (UT)	Desert	25-35 C	High	Zaid	Coconut	Plantation	High
Puducherry (UT)	Desert	25-35 C	Medium	Rabi	Maize	Cereal	Medium
Puducherry (UT)	Desert	25-35 C	Medium	Kharif	Green Gram (Moong)	Pulse	Medium
Puducherry (UT)	Desert	25-35 C	Medium	Zaid	Green Gram (Moong)	Pulse	Medium
Puducherry (UT)	Desert	25-35 C	Low	Rabi	Barley	Cereal	Medium
Puducherry (UT)	Desert	25-35 C	Low	Kharif	Green Gram (Moong)	Pulse	High
Puducherry (UT)	Desert	25-35 C	Low	Zaid	Green Gram (Moong)	Pulse	High
Puducherry (UT)	Desert	35-45 C	High	Rabi	Rice	Cereal	High
Puducherry (UT)	Desert	35-45 C	High	Kharif	Rice	Cereal	High
Puducherry (UT)	Desert	35-45 C	High	Zaid	Green Gram (Moong)	Pulse	Medium
Puducherry (UT)	Desert	35-45 C	Medium	Rabi	Rice	Cereal	Medium
Puducherry (UT)	Desert	35-45 C	Medium	Kharif	Cluster Bean (Guar)	Pulse	Medium
Puducherry (UT)	Desert	35-45 C	Medium	Zaid	Muskmelon	Vegetable	High
Puducherry (UT)	Desert	35-45 C	Low	Rabi	Barley	Cereal	Medium
Puducherry (UT)	Desert	35-45 C	Low	Kharif	Cluster Bean (Guar)	Pulse	High
Puducherry (UT)	Desert	35-45 C	Low	Zaid	Green Gram (Moong)	Pulse	High
Puducherry (UT)	Forest	15-25 C	High	Rabi	Cardamom	Spice	High
Puducherry (UT)	Forest	15-25 C	High	Kharif	Cardamom	Spice	High
Puducherry (UT)	Forest	15-25 C	High	Zaid	Cardamom	Spice	High
Puducherry (UT)	Forest	15-25 C	Medium	Rabi	Apple	Fruit	High
Puducherry (UT)	Forest	15-25 C	Medium	Kharif	Apple	Fruit	High
Puducherry (UT)	Forest	15-25 C	Medium	Zaid	Apple	Fruit	High
Puducherry (UT)	Forest	15-25 C	Low	Rabi	Apple	Fruit	Medium
Puducherry (UT)	Forest	15-25 C	Low	Kharif	Apple	Fruit	Medium
Puducherry (UT)	Forest	15-25 C	Low	Zaid	Apple	Fruit	Medium
Puducherry (UT)	Forest	25-35 C	High	Rabi	Black Pepper	Spice	High
Puducherry (UT)	Forest	25-35 C	High	Kharif	Black Pepper	Spice	High
Puducherry (UT)	Forest	25-35 C	High	Zaid	Black Pepper	Spice	High
Puducherry (UT)	Forest	25-35 C	Medium	Rabi	Apple	Fruit	Medium
Puducherry (UT)	Forest	25-35 C	Medium	Kharif	Apple	Fruit	Medium
Puducherry (UT)	Forest	25-35 C	Medium	Zaid	Apple	Fruit	Medium
Puducherry (UT)	Forest	25-35 C	Low	Rabi	Black Pepper	Spice	Medium
Puducherry (UT)	Forest	25-35 C	Low	Kharif	Black Pepper	Spice	Medium
Puducherry (UT)	Forest	25-35 C	Low	Zaid	Black Pepper	Spice	Medium
Puducherry (UT)	Forest	35-45 C	High	Rabi	Rice	Cereal	High
Puducherry (UT)	Forest	35-45 C	High	Kharif	Rice	Cereal	High
Puducherry (UT)	Forest	35-45 C	High	Zaid	Black Pepper	Spice	Medium
Puducherry (UT)	Forest	35-45 C	Medium	Rabi	Apple	Fruit	Medium
Puducherry (UT)	Forest	35-45 C	Medium	Kharif	Apple	Fruit	Medium
Puducherry (UT)	Forest	35-45 C	Medium	Zaid	Apple	Fruit	Medium
Puducherry (UT)	Forest	35-45 C	Low	Rabi	Rice	Cereal	Medium
Puducherry (UT)	Forest	35-45 C	Low	Kharif	Black Gram (Urad)	Pulse	Medium
Puducherry (UT)	Forest	35-45 C	Low	Zaid	Black Gram (Urad)	Pulse	Medium
